numero_proceso,expediente,nombre_proceso,tipo_proceso,fecha_apertura,estado,unidad_ejecutora,saf,scraped_at
91-0001-CDI23,EX-2023-03099075-   -APN-GA#CONICET,Servicio de Traslados para agentes de la DRI de CONICET 2023,Contratación Directa,08/03/2023 10:00 Hrs.,Adjudicado,"91/00 - Departamento de Compras, Mantenimiento y Suministros",103 - Consejo Nacional de Investigaciones Científicas y Técnicas,2026-10-10T18:26:01.910569
91-0001-CDI24,EX-2024-06933892-   -APN-GA#CONICET,"Convenio Interadministrativo NACIÓN SEGUROS S.A. - Seguro Automotor, Resp. Civil e Incendio",Contratación Directa,10/04/2024 10:00 Hrs.,Adjudicado,"91/00 - Departamento de Compras, Mantenimiento y Suministros",103 - Consejo Nacional de Investigaciones Científicas y Técnicas,2026-10-10T18:26:01.910569
91-0001-CDI25,EX-2025-05804721-   -APN-GA#CONICET,ADQUISICIÓN DE TONERS ALTERNATIVOS,Contratación Directa,19/02/2025 10:00 Hrs.,Adjudicado,"91/00 - Departamento de Compras, Mantenimiento y Suministros",103 - Consejo Nacional de Investigaciones Científicas y Técnicas,2026-10-10T18:26:01.910569
91-0001-CDI26,EX-2026-19959497-   -APN-GA#CONICET,Toners Alternativos,Contratación Directa,13/04/2026 10:00 Hrs.,Adjudicado,"91/00 - Departamento de Compras, Mantenimiento y Suministros",103 - Consejo Nacional de Investigaciones Científicas y Técnicas,2026-10-10T18:26:01.910569
91-0001-LPR24,EX-2024-112943490-   -APN-GA#CONICET,Contratación de Servicios Profesionales Para Mantenimiento del Sistema de Business Intelligence (BI),Licitación Privada,08/01/2025 10:00 Hrs.,Adjudicado,"91/00 - Departamento de Compras, Mantenimiento y Suministros",103 - Consejo Nacional de Investigaciones Científicas y Técnicas,2026-10-10T18:26:01.910569
91-0001-LPR25,EX-2025-20130371-   -APN-GA#CONICET,Adquisición de Licencias de Software de Seguridad de Negocios Empresariales,Licitación Privada,20/05/2025 10:00 Hrs.,Adjudicado,"91/00 - Departamento de Compras, Mantenimiento y Suministros",103 - Consejo Nacional de Investigaciones Científicas y Técnicas,2026-10-10T18:26:01.910569
91-0001-LPR26,EX-2026-28445779-   -APN-GA#CONICET,ADQUISICIÓN DE TREINTA Y CINCO (35) COMPUTADORAS PORTATILES ESTANDAR.,Licitación Privada,14/05/2026 10:00 Hrs.,Adjudicado,"91/00 - Departamento de Compras, Mantenimiento y Suministros",103 - Consejo Nacional de Investigaciones Científicas y Técnicas,2026-10-10T18:26:01.910569
91-0001-LPU23,EX-2023-83307100-   -APN-GA#CONICET,Servicio de atención médica con DOS (2) ambulancias de mediana complejidad,Licitación Pública,30/11/2023 10:00 Hrs.,Dejado Sin Efecto,"91/00 - Departamento de Compras, Mantenimiento y Suministros",103 - Consejo Nacional de Investigaciones Científicas y Técnicas,2026-10-10T18:26:01.910569
91-0001-LPU24,EX-2024-70182756-   -APN-GA#CONICET,Servicios de Infraestructura de Telecomunicaciones y Ciberseguridad,Licitación Pública,30/09/2024 10:00 Hrs.,Adjudicado,"91/00 - Departamento de Compras, Mantenimiento y Suministros",103 - Consejo Nacional de Investigaciones Científicas y Técnicas,2026-10-10T18:26:01.910569
91-0001-LPU25,EX-2025-78107290-   -APN-GA#CONICET,"SERVICIO DE LIMPIEZA SEDE AV. RIVADAVIA, ANEXOS Y MUSEO DE CS. NATURALES “BERNARDINORIVADAVIA”",Licitación Pública,16/10/2025 10:00 Hrs.,Adjudicado,"91/00 - Departamento de Compras, Mantenimiento y Suministros",103 - Consejo Nacional de Investigaciones Científicas y Técnicas,2026-10-10T18:26:01.910569
91-0002-CDI23,EX-2023-12718312-   -APN-GA#CONICET,Insumos para el Archivo general del CONICET- GOYS-,Contratación Directa,07/03/2023 10:00 Hrs.,Adjudicado con doc. contractuales generados,"91/00 - Departamento de Compras, Mantenimiento y Suministros",103 - Consejo Nacional de Investigaciones Científicas y Técnicas,2026-10-10T18:26:01.910569
91-0002-CDI24,EX-2024-29218228-   -APN-GA#CONICET,Insumos GOS- cintas de backup,Contratación Directa,07/05/2024 10:00 Hrs.,Adjudicado,"91/00 - Departamento de Compras, Mantenimiento y Suministros",103 - Consejo Nacional de Investigaciones Científicas y Técnicas,2026-10-10T18:26:01.910569
91-0002-CDI25,EX-2025-05884352-   -APN-GA#CONICET,ADQUISICIÓN DE ARTICULOS DE LIBRERIA,Contratación Directa,11/06/2025 10:00 Hrs.,Adjudicado,"91/00 - Departamento de Compras, Mantenimiento y Suministros",103 - Consejo Nacional de Investigaciones Científicas y Técnicas,2026-10-10T18:26:01.910569
91-0002-CDI26,EX-2026-39914075-   -APN-GA#CONICET,Adquisición de Insumos Para Imprenta y Artículos de Librería,Contratación Directa,27/05/2026 10:00 Hrs.,Adjudicado,"91/00 - Departamento de Compras, Mantenimiento y Suministros",103 - Consejo Nacional de Investigaciones Científicas y Técnicas,2026-10-10T18:26:01.910569
91-0002-LPR23,EX-2023-33787365-   -APN-GA#CONICET,ADQUISICIÓN DE UN (1) - LICENCIAMIENTO Y SOPORTE  DE SOLUCIÓN DE FIREWALL POR TRES (3) AÑOS,Licitación Privada,27/04/2023 10:00 Hrs.,Adjudicado,"91/00 - Departamento de Compras, Mantenimiento y Suministros",103 - Consejo Nacional de Investigaciones Científicas y Técnicas,2026-10-10T18:26:01.910569
91-0002-LPR26,EX-2026-31752829-   -APN-GA#CONICET,ADQUISICIÓN DE UN (1) - LICENCIAMIENTO Y SOPORTE DE SOLUCIÓN DE FIREWALL POR TRES (3) AÑOS.,Licitación Privada,06/05/2026 10:00 Hrs.,Adjudicado,"91/00 - Departamento de Compras, Mantenimiento y Suministros",103 - Consejo Nacional de Investigaciones Científicas y Técnicas,2026-10-10T18:26:01.910569
91-0002-LPU23,EX-2023-136737305-   -APN-GA#CONICET,"SERVICIO DE VIGILANCIA Y CUSTODIA SEDE CONGRESO, ANEXOS Y MUSEO DE CS. NATURALES",Licitación Pública,05/04/2024 10:00 Hrs.,Adjudicado,"91/00 - Departamento de Compras, Mantenimiento y Suministros",103 - Consejo Nacional de Investigaciones Científicas y Técnicas,2026-10-10T18:26:01.910569
91-0002-LPU24,EX-2024-70198232-   -APN-GA#CONICET,Licenciamiento y Soporte de Solución de Linux  Empresarial (Ubuntu Pro) por Tres (3) Años,Licitación Pública,27/08/2024 10:00 Hrs.,Adjudicado,"91/00 - Departamento de Compras, Mantenimiento y Suministros",103 - Consejo Nacional de Investigaciones Científicas y Técnicas,2026-10-10T18:26:01.910569
91-0002-LPU25,EX-2025-103097980-   -APN-GA#CONICET,"SERVICIO DE VIGILANCIA Y SEGURIDAD PARA SEDE DE AV. RIVADAVIA, ANEXOS Y EL MUSEO DE CS. NATURALES",Licitación Pública,18/11/2025 10:00 Hrs.,Adjudicado,"91/00 - Departamento de Compras, Mantenimiento y Suministros",103 - Consejo Nacional de Investigaciones Científicas y Técnicas,2026-10-10T18:26:01.910569
91-0002-LPU26,EX-2026-68617498-   -APN-GA#CONICET,"SERVICIO DE IMPRESIÓN, COPIADO Y DIGITALIZACIÓN DE DOCUMENTOS POR DOCE (12) MESES CON PRORROGA",Licitación Pública,21/09/2026 10:00 Hrs.,En Apertura,"91/00 - Departamento de Compras, Mantenimiento y Suministros",103 - Consejo Nacional de Investigaciones Científicas y Técnicas,2026-10-10T18:26:01.910569
91-0003-CDI23,EX-2023-16271427-   -APN-GA#CONICET,Equipamiento Audiovisual para la Dirección de Relaciones Institucionales del CONICET,Contratación Directa,21/03/2023 10:00 Hrs.,Adjudicado,"91/00 - Departamento de Compras, Mantenimiento y Suministros",103 - Consejo Nacional de Investigaciones Científicas y Técnicas,2026-10-10T18:26:01.910569
91-0003-CDI24,EX-2024-34397313-   -APN-GA#CONICET,ADQUISICIÓN DE ARTICULOS DE LIBRERÍA,Contratación Directa,14/05/2024 10:00 Hrs.,Adjudicado,"91/00 - Departamento de Compras, Mantenimiento y Suministros",103 - Consejo Nacional de Investigaciones Científicas y Técnicas,2026-10-10T18:26:01.910569
91-0003-CDI25,EX-2025-07913723-   -APN-GA#CONICET,ADQUISICIÓN DE RESMAS DE PAPEL 2025,Contratación Directa,18/02/2025 10:00 Hrs.,Adjudicado,"91/00 - Departamento de Compras, Mantenimiento y Suministros",103 - Consejo Nacional de Investigaciones Científicas y Técnicas,2026-10-10T18:26:01.910569
91-0003-LPR26,EX-2026-74834749-   -APN-GA#CONICET,Insumos para la Gerencia de Organización y Sistemas,Licitación Privada,15/09/2026 10:00 Hrs.,Disponible Para Adjudicar,"91/00 - Departamento de Compras, Mantenimiento y Suministros",103 - Consejo Nacional de Investigaciones Científicas y Técnicas,2026-10-10T18:26:01.910569
91-0003-LPU23,EX-2023-139986779-   -APN-GA#CONICET,"SERVICIO DE LIMPIEZA SEDE AV. RIVADAVIA, ANEXOS Y MUSEO DE CS. NATURALES “BERNARDINO RIVADAVIA”",Licitación Pública,04/04/2024 10:00 Hrs.,Adjudicado,"91/00 - Departamento de Compras, Mantenimiento y Suministros",103 - Consejo Nacional de Investigaciones Científicas y Técnicas,2026-10-10T18:26:01.910569
91-0003-LPU24,EX-2024-80753564-   -APN-GA#CONICET,COBERTURA DEL SERVICIO A.R.T. PARA EL PERSONAL DE CONICET,Licitación Pública,24/10/2024 10:00 Hrs.,Adjudicado,"91/00 - Departamento de Compras, Mantenimiento y Suministros",103 - Consejo Nacional de Investigaciones Científicas y Técnicas,2026-10-10T18:26:01.910569
91-0003-LPU25,EX-2025-113410973-   -APN-GA#CONICET,SERVICIO INTEGRAL DE MEDICINA LABORAL,Licitación Pública,12/01/2026 10:00 Hrs.,Adjudicado,"91/00 - Departamento de Compras, Mantenimiento y Suministros",103 - Consejo Nacional de Investigaciones Científicas y Técnicas,2026-10-10T18:26:01.910569
91-0004-CDI23,EX-2023-17884692-   -APN-GA#CONICET,Adquisición de regalos institucionales - Dirección de Relaciones Institucionales del CONICET,Contratación Directa,14/04/2023 10:00 Hrs.,Disponible Para Adjudicar,"91/00 - Departamento de Compras, Mantenimiento y Suministros",103 - Consejo Nacional de Investigaciones Científicas y Técnicas,2026-10-10T18:26:01.910569
91-0004-CDI24,EX-2024-36215739-   -APN-GA#CONICET,ADQUISICIÓN DE RESMAS DE PAPEL,Contratación Directa,28/05/2024 10:00 Hrs.,Adjudicado,"91/00 - Departamento de Compras, Mantenimiento y Suministros",103 - Consejo Nacional de Investigaciones Científicas y Técnicas,2026-10-10T18:26:01.910569
91-0004-CDI25,EX-2025-26288249-   -APN-GA#CONICET,SERVICIO MEDICO ASISTENCIAL PARA EMERGENCIAS Y URGENCIAS MEDICAS,Contratación Directa,08/05/2025 10:00 Hrs.,Adjudicado,"91/00 - Departamento de Compras, Mantenimiento y Suministros",103 - Consejo Nacional de Investigaciones Científicas y Técnicas,2026-10-10T18:26:01.910569
91-0004-CDI26,EX-2026-43046558-   -APN-GA#CONICET,"ADQUISICIÓN DE ART.ELECTRICIDAD,PLOMERIA Y SANITARIOS",Contratación Directa,12/06/2026 10:00 Hrs.,Adjudicado,"91/00 - Departamento de Compras, Mantenimiento y Suministros",103 - Consejo Nacional de Investigaciones Científicas y Técnicas,2026-10-10T18:26:01.910569
91-0005-CDI23,EX-2023-21676613-   -APN-GA#CONICET,SERVICIO MÉDICO ASISTENCIAL PARA EMERGENCIAS Y URGENCIAS MÉDICAS - 2023,Contratación Directa,23/03/2023 10:00 Hrs.,Adjudicado,"91/00 - Departamento de Compras, Mantenimiento y Suministros",103 - Consejo Nacional de Investigaciones Científicas y Técnicas,2026-10-10T18:26:01.910569
91-0005-CDI24,EX-2024-39083244-   -APN-GA#CONICET,"Soporte y Mant. Sist. TRAMIX Integrador SIGERH-TRAMIX LH, de Liq. de Haberes y Plataforma Oracle",Contratación Directa,02/05/2024 10:00 Hrs.,Adjudicado,"91/00 - Departamento de Compras, Mantenimiento y Suministros",103 - Consejo Nacional de Investigaciones Científicas y Técnicas,2026-10-10T18:26:01.910569
91-0005-CDI25,EX-2025-29627264-   -APN-GA#CONICET,Insumos para Archivo General GOYS,Contratación Directa,15/05/2025 10:00 Hrs.,Adjudicado,"91/00 - Departamento de Compras, Mantenimiento y Suministros",103 - Consejo Nacional de Investigaciones Científicas y Técnicas,2026-10-10T18:26:01.910569
91-0005-CDI26,EX-2026-46192736-   -APN-GA#CONICET,RENOVACIÓN DE LA SUSCRIPCIÓN ANUAL AL SISTEMA DE INFORMACIÓN LEGAL ONLINE 2026,Contratación Directa,02/06/2026 10:00 Hrs.,Adjudicado,"91/00 - Departamento de Compras, Mantenimiento y Suministros",103 - Consejo Nacional de Investigaciones Científicas y Técnicas,2026-10-10T18:26:01.910569
91-0005-LPR22,EX-2022-130345605-   -APN-GA#CONICET,ADQUISICIÓN DE UN (1) VEHÍCULO TIPO SEDAN CUATRO (4) PUERTAS CON MOTORIZACIÓN NAFTERA.,Licitación Privada,31/01/2023 10:00 Hrs.,Dejado Sin Efecto,"91/00 - Departamento de Compras, Mantenimiento y Suministros",103 - Consejo Nacional de Investigaciones Científicas y Técnicas,2026-10-10T18:26:01.910569
91-0006-CDI23,EX-2023-23345127-   -APN-GA#CONICET,ADQUISICIÓN DE INSUMOS DE LIBRERÍA,Contratación Directa,03/04/2023 10:00 Hrs.,Disponible Para Adjudicar,"91/00 - Departamento de Compras, Mantenimiento y Suministros",103 - Consejo Nacional de Investigaciones Científicas y Técnicas,2026-10-10T18:26:01.910569
91-0006-CDI24,EX-2024-42364115-   -APN-GA#CONICET,RENOVACIÓN DE LA SUSCRIPCIÓN ANUAL AL SISTEMA DE INFORMACIÓN LEGAL ONLINE 2024,Contratación Directa,08/05/2024 10:00 Hrs.,Adjudicado,"91/00 - Departamento de Compras, Mantenimiento y Suministros",103 - Consejo Nacional de Investigaciones Científicas y Técnicas,2026-10-10T18:26:01.910569
91-0006-CDI25,EX-2025-36520075-   -APN-GA#CONICET,Adquisición de Insumos - Gerencia de Organización y Sistemas,Contratación Directa,25/06/2025 10:00 Hrs.,Adjudicado,"91/00 - Departamento de Compras, Mantenimiento y Suministros",103 - Consejo Nacional de Investigaciones Científicas y Técnicas,2026-10-10T18:26:01.910569
91-0006-CDI26,EX-2026-54058256-   -APN-GA#CONICET,Servicio de mantenimiento mensual de aires acondicionados 2026,Contratación Directa,29/06/2026 10:00 Hrs.,Dejado Sin Efecto,"91/00 - Departamento de Compras, Mantenimiento y Suministros",103 - Consejo Nacional de Investigaciones Científicas y Técnicas,2026-10-10T18:26:01.910569
91-0006-LPU22,EX-2022-133650660-   -APN-GA#CONICET,Servicio de infraestructura de Telecomunicaciones y Ciberseguridad,Licitación Pública,23/02/2023 10:00 Hrs.,Adjudicado,"91/00 - Departamento de Compras, Mantenimiento y Suministros",103 - Consejo Nacional de Investigaciones Científicas y Técnicas,2026-10-10T18:26:01.910569
91-0007-CDI23,EX-2023-24381865-   -APN-GA#CONICET,RENOVACIÓN DE LA SUSCRIPCIÓN ANUAL AL SISTEMA DE INFORMACIÓN LEGAL ONLINE 2023,Contratación Directa,16/03/2023 10:00 Hrs.,Adjudicado,"91/00 - Departamento de Compras, Mantenimiento y Suministros",103 - Consejo Nacional de Investigaciones Científicas y Técnicas,2026-10-10T18:26:01.910569
91-0007-CDI24,EX-2024-52461266-   -APN-GA#CONICET,"RECARGA ANUAL DE MATAFUEGOS, DESTRUCCIÓN Y MANTENIMIENTO PARA SEDES AV. RIVADAVIA Y ANEXOS",Contratación Directa,19/08/2024 10:00 Hrs.,Adjudicado,"91/00 - Departamento de Compras, Mantenimiento y Suministros",103 - Consejo Nacional de Investigaciones Científicas y Técnicas,2026-10-10T18:26:01.910569
91-0007-CDI25,EX-2025-48132280-   -APN-GA#CONICET,COMPRA DE ELEMENTOS DE SEGURIDAD PARA TRABAJO SEGURO Y RESPONSABLE,Contratación Directa,16/07/2025 10:00 Hrs.,Adjudicado,"91/00 - Departamento de Compras, Mantenimiento y Suministros",103 - Consejo Nacional de Investigaciones Científicas y Técnicas,2026-10-10T18:26:01.910569
91-0007-CDI26,EX-2026-58577434-   -APN-GA#CONICET,"Soporte, mantenimiento y actualización de los sistemas Tramix liquidación Cloud Native, Tramix",Contratación Directa,13/07/2026 10:00 Hrs.,Adjudicado,"91/00 - Departamento de Compras, Mantenimiento y Suministros",103 - Consejo Nacional de Investigaciones Científicas y Técnicas,2026-10-10T18:26:01.910569
91-0008-CDI24,EX-2024-62286968-   -APN-GA#CONICET,"Servicio de desinsectación, desratización y limpieza de tanque",Contratación Directa,20/08/2024 10:00 Hrs.,Adjudicado,"91/00 - Departamento de Compras, Mantenimiento y Suministros",103 - Consejo Nacional de Investigaciones Científicas y Técnicas,2026-10-10T18:26:01.910569
91-0008-CDI25,EX-2025-53940481-   -APN-GA#CONICET,ADQUISICIÓN DE TOKENS PARA FIRMA DIGITAL GDE,Contratación Directa,02/07/2025 10:00 Hrs.,Dejado Sin Efecto,"91/00 - Departamento de Compras, Mantenimiento y Suministros",103 - Consejo Nacional de Investigaciones Científicas y Técnicas,2026-10-10T18:26:01.910569
91-0008-CDI26,EX-2026-59220905-   -APN-GA#CONICET,SERVICIO MÉDICO PARA EMERGENCIAS Y URGENCIAS MÉDICAS POR UN (1) AÑO CON OPCIÓN A PRORROGA,Contratación Directa,27/07/2026 10:00 Hrs.,Adjudicado,"91/00 - Departamento de Compras, Mantenimiento y Suministros",103 - Consejo Nacional de Investigaciones Científicas y Técnicas,2026-10-10T18:26:01.910569
91-0009-CDI23,EX-2023-37657766-   -APN-GA#CONICET,INSUMOS INFORMÁTICOS PARA GESTIÓN Y SISTEMAS,Contratación Directa,15/05/2023 10:00 Hrs.,Adjudicado,"91/00 - Departamento de Compras, Mantenimiento y Suministros",103 - Consejo Nacional de Investigaciones Científicas y Técnicas,2026-10-10T18:26:01.910569
91-0009-CDI24,EX-2024-62455668-   -APN-GA#CONICET,Compra de Elementos de Seguridad Para Trabajo Seguro y Responsable,Contratación Directa,22/08/2024 10:00 Hrs.,Adjudicado,"91/00 - Departamento de Compras, Mantenimiento y Suministros",103 - Consejo Nacional de Investigaciones Científicas y Técnicas,2026-10-10T18:26:01.910569
91-0009-CDI25,EX-2025-60097688-   -APN-GA#CONICET,RENOVACIÓN DE LA SUSCRIPCIÓN ANUAL AL SISTEMA DE INFORMACIÓN LEGAL ONLINE 2025,Contratación Directa,17/06/2025 10:00 Hrs.,Adjudicado,"91/00 - Departamento de Compras, Mantenimiento y Suministros",103 - Consejo Nacional de Investigaciones Científicas y Técnicas,2026-10-10T18:26:01.910569
91-0009-CDI26,EX-2026-64625405-   -APN-GA#CONICET,Contratación del servicio profesional de Higiene y Seguridad,Contratación Directa,24/08/2026 10:00 Hrs.,Dejado Sin Efecto,"91/00 - Departamento de Compras, Mantenimiento y Suministros",103 - Consejo Nacional de Investigaciones Científicas y Técnicas,2026-10-10T18:26:01.910569
91-0010-CDI23,EX-2023-42823802-   -APN-GA#CONICET,Mantenimiento Eléctrico para espacio CONICET en Tecnópolis,Contratación Directa,24/05/2023 10:00 Hrs.,Adjudicado,"91/00 - Departamento de Compras, Mantenimiento y Suministros",103 - Consejo Nacional de Investigaciones Científicas y Técnicas,2026-10-10T18:26:01.910569
91-0010-CDI24,EX-2024-79852539-   -APN-GA#CONICET,Adquisición Toner alternativos 2024,Contratación Directa,06/09/2024 10:00 Hrs.,Adjudicado,"91/00 - Departamento de Compras, Mantenimiento y Suministros",103 - Consejo Nacional de Investigaciones Científicas y Técnicas,2026-10-10T18:26:01.910569
91-0010-CDI25,EX-2025-78846215-   -APN-GA#CONICET,"Seguro Automotor CONICET Sede Central, Responsabilidad Civil e Incendio Av. Rivadavia 1917 y Anexos",Contratación Directa,04/09/2025 10:00 Hrs.,Adjudicado,"91/00 - Departamento de Compras, Mantenimiento y Suministros",103 - Consejo Nacional de Investigaciones Científicas y Técnicas,2026-10-10T18:26:01.910569
91-0010-CDI26,EX-2026-73439734-   -APN-GA#CONICET,Insumos para Archivo Av. Rivadavia,Contratación Directa,14/09/2026 10:00 Hrs.,Disponible Para Adjudicar,"91/00 - Departamento de Compras, Mantenimiento y Suministros",103 - Consejo Nacional de Investigaciones Científicas y Técnicas,2026-10-10T18:26:01.910569
91-0011-CDI23,EX-2023-43281400-   -APN-GA#CONICET,MANTENIMIENTO GENERAL TECNÓPOLIS 2023,Contratación Directa,24/05/2023 10:00 Hrs.,Dejado Sin Efecto,"91/00 - Departamento de Compras, Mantenimiento y Suministros",103 - Consejo Nacional de Investigaciones Científicas y Técnicas,2026-10-10T18:26:01.910569
91-0011-CDI24,EX-2024-79886968-   -APN-GA#CONICET,ADQUISICÓN DE MICROONDAS PARA LOS DISTINTOS OFFICE DEL POLO CIENTÍFICO TECNOLÓGICO,Contratación Directa,05/09/2024 10:00 Hrs.,Adjudicado,"91/00 - Departamento de Compras, Mantenimiento y Suministros",103 - Consejo Nacional de Investigaciones Científicas y Técnicas,2026-10-10T18:26:01.910569
91-0011-CDI25,EX-2025-103115899-   -APN-GA#CONICET,SERVICIO DE MANTENCION INTEGRAL DE ASCENSORES Y BOMBAS DE AGUA,Contratación Directa,23/10/2025 10:00 Hrs.,Adjudicado,"91/00 - Departamento de Compras, Mantenimiento y Suministros",103 - Consejo Nacional de Investigaciones Científicas y Técnicas,2026-10-10T18:26:01.910569
91-0011-CDI26,EX-2026-77506267-   -APN-GA#CONICET,Adquisición de Insumos Para Cafetería 2026,Contratación Directa,16/09/2026 10:00 Hrs.,Disponible Para Adjudicar,"91/00 - Departamento de Compras, Mantenimiento y Suministros",103 - Consejo Nacional de Investigaciones Científicas y Técnicas,2026-10-10T18:26:01.910569
91-0012-CDI23,EX-2023-60938117-   -APN-GA#CONICET,ADQUISICION DE PAPEL ESPECIAL,Contratación Directa,30/06/2023 10:00 Hrs.,Dejado Sin Efecto,"91/00 - Departamento de Compras, Mantenimiento y Suministros",103 - Consejo Nacional de Investigaciones Científicas y Técnicas,2026-10-10T18:26:01.910569
91-0012-CDI25,EX-2025-117863056-   -APN-GA#CONICET,RECARGA ANUAL DE MATAFUEGOS Y MANTENIMIENTO PARA SEDE Y ANEXOS,Contratación Directa,26/11/2025 10:00 Hrs.,Adjudicado,"91/00 - Departamento de Compras, Mantenimiento y Suministros",103 - Consejo Nacional de Investigaciones Científicas y Técnicas,2026-10-10T18:26:01.910569
91-0013-CDI23,EX-2023-70683015-   -APN-GA#CONICET,ADQUISICIÓN DE TÓNER ORIGINALES 2023,Contratación Directa,23/08/2023 10:00 Hrs.,Dejado Sin Efecto,"91/00 - Departamento de Compras, Mantenimiento y Suministros",103 - Consejo Nacional de Investigaciones Científicas y Técnicas,2026-10-10T18:26:01.910569
91-0013-CDI25,EX-2025-122129020-   -APN-GA#CONICET,Adquisición de Insumos para la Gerencia de Organización y Sistemas (2do Semestre),Contratación Directa,10/12/2025 10:00 Hrs.,Adjudicado,"91/00 - Departamento de Compras, Mantenimiento y Suministros",103 - Consejo Nacional de Investigaciones Científicas y Técnicas,2026-10-10T18:26:01.910569
91-0014-CDI23,EX-2023-71346527-   -APN-GA#CONICET,Servicio de mantención integral y manutención de ascensores y bombas de agua,Contratación Directa,22/08/2023 10:00 Hrs.,Adjudicado,"91/00 - Departamento de Compras, Mantenimiento y Suministros",103 - Consejo Nacional de Investigaciones Científicas y Técnicas,2026-10-10T18:26:01.910569
91-0015-CDI23,EX-2023-82380957-   -APN-GA#CONICET,"Convenio Interadministrativo NACIÓN SEGUROS S.A. - Seguro Automotor, RC e Incendio",Contratación Directa,27/07/2023 10:00 Hrs.,Adjudicado,"91/00 - Departamento de Compras, Mantenimiento y Suministros",103 - Consejo Nacional de Investigaciones Científicas y Técnicas,2026-10-10T18:26:01.910569
91-0016-CDI23,EX-2023-105143879-   -APN-GA#CONICET,ADQUISICIÓN DE RESMAS DE PAPEL Y PAPEL ESPECIAL,Contratación Directa,23/10/2023 12:00 Hrs.,Adjudicado,"91/00 - Departamento de Compras, Mantenimiento y Suministros",103 - Consejo Nacional de Investigaciones Científicas y Técnicas,2026-10-10T18:26:01.910569
91-0018-CDI23,EX-2023-142222172-   -APN-GA#CONICET,Adquisición Licencia de base de datos MySQL Edición Enterprise,Contratación Directa,22/03/2024 10:00 Hrs.,Adjudicado,"91/00 - Departamento de Compras, Mantenimiento y Suministros",103 - Consejo Nacional de Investigaciones Científicas y Técnicas,2026-10-10T18:26:01.910569
91-0020-CDI22,EX-2022-131067002-   -APN-GA#CONICET,ADQUISICIÓN DE INSUMOS DE CAFETERÍA,Contratación Directa,11/01/2023 10:00 Hrs.,Adjudicado,"91/00 - Departamento de Compras, Mantenimiento y Suministros",103 - Consejo Nacional de Investigaciones Científicas y Técnicas,2026-10-10T18:26:01.910569
91-0021-CDI22,EX-2022-138345661-   -APN-GA#CONICET,Servicio de impresiones Gráficas y Colocación para predio de CONICET en Tecnópolis 2023,Contratación Directa,16/02/2023 10:00 Hrs.,Disponible Para Adjudicar,"91/00 - Departamento de Compras, Mantenimiento y Suministros",103 - Consejo Nacional de Investigaciones Científicas y Técnicas,2026-10-10T18:26:01.910569
91-0022-CDI22,EX-2022-138411872-   -APN-GA#CONICET,Compra de Equipamiento para predio de CONICET en Tecnópolis 2023,Contratación Directa,14/02/2023 10:00 Hrs.,Adjudicado,"91/00 - Departamento de Compras, Mantenimiento y Suministros",103 - Consejo Nacional de Investigaciones Científicas y Técnicas,2026-10-10T18:26:01.910569
91-0023-CDI22,EX-2022-138475527-   -APN-GA#CONICET,ADQUISICIÓN DE INSUMOS DE LABORATORIO TÉCNOPOLIS 2023,Contratación Directa,09/02/2023 10:00 Hrs.,Adjudicado,"91/00 - Departamento de Compras, Mantenimiento y Suministros",103 - Consejo Nacional de Investigaciones Científicas y Técnicas,2026-10-10T18:26:01.910569
91-0024-CDI22,EX-2022-138888288-   -APN-GA#CONICET,Compra de Insumos para predio de CONICET en Tecnópolis 2023,Contratación Directa,09/02/2023 10:00 Hrs.,Disponible Para Adjudicar,"91/00 - Departamento de Compras, Mantenimiento y Suministros",103 - Consejo Nacional de Investigaciones Científicas y Técnicas,2026-10-10T18:26:01.910569
15-0001-CDI23,EX-2022-71845420-   -APN-GAYRRHH#CONAE,Software de control para ensayos de compatibilidad electromagnética (EMC),Contratación Directa,18/01/2023 15:00 Hrs.,Adjudicado,15 - Subgerencia de Compras y Contrataciones,106 - Comisión Nacional de Actividades Espaciales,2026-10-10T18:26:20.637633
15-0001-CDI24,EX-2024-13826940-   -APN-GAYRRHH#CONAE,Repuestos para Instrumento NSI-MI Panther 9100,Contratación Directa,19/04/2024 11:00 Hrs.,Adjudicado,15 - Subgerencia de Compras y Contrataciones,106 - Comisión Nacional de Actividades Espaciales,2026-10-10T18:26:20.637633
15-0001-CDI25,EX-2024-130172328-   -APN-GAYRRHH#CONAE,Servicio de consultoría para el mantenimiento y mejora del Plan de Seguridad de la Información,Contratación Directa,20/01/2025 11:00 Hrs.,Adjudicado,15 - Subgerencia de Compras y Contrataciones,106 - Comisión Nacional de Actividades Espaciales,2026-10-10T18:26:20.637633
15-0001-CDI26,EX-2026-36188770-   -APN-GAYRRHH#CONAE,Servicio de organización y ejecución técnica del Certamen CANSAT,Contratación Directa,23/04/2026 14:00 Hrs.,Adjudicado,15 - Subgerencia de Compras y Contrataciones,106 - Comisión Nacional de Actividades Espaciales,2026-10-10T18:26:20.637633
15-0001-CPU23,EX-2023-105383151-   -APN-GAYRRHH#CONAE,2da etapa de actualización MOC y Segmento Terreno SABIAMAR,Concurso Público,05/12/2023 15:00 Hrs.,Adjudicado,15 - Subgerencia de Compras y Contrataciones,106 - Comisión Nacional de Actividades Espaciales,2026-10-10T18:26:20.637633
15-0001-LPR23,EX-2022-83419863-   -APN-GAYRRHH#CONAE,Espectro-radiómetro para el Laboratorio de Electro-óptica de la Unidad de Formación Superior (UFS),Licitación Privada,23/03/2023 11:00 Hrs.,Adjudicado,15 - Subgerencia de Compras y Contrataciones,106 - Comisión Nacional de Actividades Espaciales,2026-10-10T18:26:20.637633
15-0001-LPR24,EX-2024-27710436-   -APN-GAYRRHH#CONAE,Servicio de enlace de internet simétrico y servicio de conectividad MPLS para las sedes de CONAE,Licitación Privada,22/07/2024 15:00 Hrs.,Adjudicado,15 - Subgerencia de Compras y Contrataciones,106 - Comisión Nacional de Actividades Espaciales,2026-10-10T18:26:20.637633
15-0001-LPR25,EX-2025-18743544-   -APN-GAYRRHH#CONAE,Contratación del servicio de conservación y mantenimiento para los dos ascensores de la sede central,Licitación Privada,28/03/2025 15:00 Hrs.,Adjudicado,15 - Subgerencia de Compras y Contrataciones,106 - Comisión Nacional de Actividades Espaciales,2026-10-10T18:26:20.637633
15-0001-LPR26,EX-2026-18537084-   -APN-GAYRRHH#CONAE,Servicio de Auditoría Externa Préstamo CAF N° 8700 SABIAMAR,Licitación Privada,08/05/2026 11:00 Hrs.,Adjudicado,15 - Subgerencia de Compras y Contrataciones,106 - Comisión Nacional de Actividades Espaciales,2026-10-10T18:26:20.637633
15-0001-LPU23,EX-2023-04751972-   -APN-GAYRRHH#CONAE,equipamiento para preparación de muestras para el Laboratorio de Espacialización y Aseguramiento,Licitación Pública,17/10/2023 15:00 Hrs.,Dejado Sin Efecto,15 - Subgerencia de Compras y Contrataciones,106 - Comisión Nacional de Actividades Espaciales,2026-10-10T18:26:20.637633
15-0001-LPU24,EX-2024-38179575-   -APN-GAYRRHH#CONAE,"Servicio integral de limpieza y manten. para la Sede Central de la CONAE y Anexo Balcarce 773, CABA",Licitación Pública,17/05/2024 11:00 Hrs.,Adjudicado,15 - Subgerencia de Compras y Contrataciones,106 - Comisión Nacional de Actividades Espaciales,2026-10-10T18:26:20.637633
15-0001-LPU25,EX-2025-39001354-   -APN-GAYRRHH#CONAE,Servicio para el traslado de personal crítico del CETT,Licitación Pública,26/05/2025 11:00 Hrs.,Adjudicado,15 - Subgerencia de Compras y Contrataciones,106 - Comisión Nacional de Actividades Espaciales,2026-10-10T18:26:20.637633
15-0001-LPU26,EX-2026-35640506-   -APN-GAYRRHH#CONAE,Servicios de Lanzamiento destinado a poner en órbita al Satélite de la Misión SABIA-Mar 1,Licitación Pública,09/06/2026 11:00 Hrs.,Adjudicado con doc. contractuales generados,15 - Subgerencia de Compras y Contrataciones,106 - Comisión Nacional de Actividades Espaciales,2026-10-10T18:26:20.637633
15-0002-CDI23,EX-2023-07583659-   -APN-GAYRRHH#CONAE,Adquisición de mobiliario de oficina para el Laboratorio de Integración y Ensayos (LIE).,Contratación Directa,06/03/2023 15:00 Hrs.,Adjudicado,15 - Subgerencia de Compras y Contrataciones,106 - Comisión Nacional de Actividades Espaciales,2026-10-10T18:26:20.637633
15-0002-CDI24,EX-2024-23808459-   -APN-GAYRRHH#CONAE,"Servicio de mantenimiento anual, pruebas hidráulicas y adquisición gas extintores para el CETT",Contratación Directa,03/04/2024 15:00 Hrs.,Adjudicado,15 - Subgerencia de Compras y Contrataciones,106 - Comisión Nacional de Actividades Espaciales,2026-10-10T18:26:20.637633
15-0002-CPU23,EX-2023-131165136-   -APN-GAYRRHH#CONAE,SERVICIO DE AUDITORIA FINANCIERA EXTERNA DEL PROYECTO SABIAMAR FINANCIADO PARCIALM.POR LA CAF,Concurso Público,15/12/2023 11:00 Hrs.,Adjudicado,15 - Subgerencia de Compras y Contrataciones,106 - Comisión Nacional de Actividades Espaciales,2026-10-10T18:26:20.637633
15-0002-LPR23,EX-2022-81009786-   -APN-GAYRRHH#CONAE,Comp. Cubesat PC104 para ensayo en laboratorio del subsist. de determinación y control de órbita,Licitación Privada,04/04/2023 11:00 Hrs.,Adjudicado,15 - Subgerencia de Compras y Contrataciones,106 - Comisión Nacional de Actividades Espaciales,2026-10-10T18:26:20.637633
15-0002-LPR24,EX-2024-37821949-   -APN-GAYRRHH#CONAE,Renovación de la licencia de software para el equipo Antispam Barracuda Networks VX400,Licitación Privada,10/05/2024 15:00 Hrs.,Adjudicado,15 - Subgerencia de Compras y Contrataciones,106 - Comisión Nacional de Actividades Espaciales,2026-10-10T18:26:20.637633
15-0002-LPR25,EX-2025-22061988-   -APN-GAYRRHH#CONAE,Adquisición de combustible tipo gasoil,Licitación Privada,30/04/2025 15:00 Hrs.,Dejado Sin Efecto,15 - Subgerencia de Compras y Contrataciones,106 - Comisión Nacional de Actividades Espaciales,2026-10-10T18:26:20.637633
15-0002-LPU23,EX-2023-15054499-   -APN-GAYRRHH#CONAE,"Chapas, Placas y Barras en Aleación de Aluminio para Vehículo Lanzador.",Licitación Pública,02/05/2023 11:00 Hrs.,Dejado Sin Efecto,15 - Subgerencia de Compras y Contrataciones,106 - Comisión Nacional de Actividades Espaciales,2026-10-10T18:26:20.637633
15-0002-LPU24,EX-2024-40190100-   -APN-GAYRRHH#CONAE,"Servicio de limpieza y Servicio de mantenimiento de espacios verdes para el CETT, Prov. de Córdoba",Licitación Pública,24/05/2024 15:00 Hrs.,Adjudicado,15 - Subgerencia de Compras y Contrataciones,106 - Comisión Nacional de Actividades Espaciales,2026-10-10T18:26:20.637633
15-0002-LPU25,EX-2025-71546938-   -APN-GAYRRHH#CONAE,"Servicio de limpieza para los edificios del CETT, prov. de Córdoba.",Licitación Pública,14/08/2025 11:00 Hrs.,Dejado Sin Efecto,15 - Subgerencia de Compras y Contrataciones,106 - Comisión Nacional de Actividades Espaciales,2026-10-10T18:26:20.637633
15-0003-CDI24,EX-2024-23867239-   -APN-GAYRRHH#CONAE,Aalquiler de impresoras/fotocopiadoras para las sedes de la CONAE,Contratación Directa,25/04/2024 15:00 Hrs.,Adjudicado,15 - Subgerencia de Compras y Contrataciones,106 - Comisión Nacional de Actividades Espaciales,2026-10-10T18:26:20.637633
15-0003-CDI25,EX-2024-130133469-   -APN-GAYRRHH#CONAE,CELDAS PARA SENSORES DE NIVEL DE OXÍGENO,Contratación Directa,12/02/2025 15:00 Hrs.,Adjudicado,15 - Subgerencia de Compras y Contrataciones,106 - Comisión Nacional de Actividades Espaciales,2026-10-10T18:26:20.637633
15-0003-LPR23,EX-2023-19919990-   -APN-GAYRRHH#CONAE,Instrumental óptico para la caracterización y calibración de la cámara HSC del SABIA-Mar,Licitación Privada,08/05/2023 11:00 Hrs.,Adjudicado,15 - Subgerencia de Compras y Contrataciones,106 - Comisión Nacional de Actividades Espaciales,2026-10-10T18:26:20.637633
15-0003-LPR24,EX-2024-55901337-   -APN-GAYRRHH#CONAE,Adquisición de licencia para el software Acunetix Web Vulnerability Scanner,Licitación Privada,28/06/2024 15:00 Hrs.,Adjudicado,15 - Subgerencia de Compras y Contrataciones,106 - Comisión Nacional de Actividades Espaciales,2026-10-10T18:26:20.637633
15-0003-LPR25,EX-2025-35898766-   -APN-GAYRRHH#CONAE,Adquisición de equipos de aire acondicionado para Sede Central y CETT,Licitación Privada,07/05/2025 15:00 Hrs.,Adjudicado,15 - Subgerencia de Compras y Contrataciones,106 - Comisión Nacional de Actividades Espaciales,2026-10-10T18:26:20.637633
15-0003-LPU23,EX-2023-27387477-   -APN-GAYRRHH#CONAE,"Servicio de auto con chofer para el CETT, prov. de Córdoba",Licitación Pública,18/04/2023 11:00 Hrs.,Adjudicado,15 - Subgerencia de Compras y Contrataciones,106 - Comisión Nacional de Actividades Espaciales,2026-10-10T18:26:20.637633
15-0003-LPU24,EX-2024-68701608-   -APN-GAYRRHH#CONAE,Baterías para equipos de energía ininterrumpida para las sedes de la CONAE,Licitación Pública,13/08/2024 11:00 Hrs.,Adjudicado,15 - Subgerencia de Compras y Contrataciones,106 - Comisión Nacional de Actividades Espaciales,2026-10-10T18:26:20.637633
15-0003-LPU25,EX-2025-71618349-   -APN-GAYRRHH#CONAE,"Servicio de mantenimiento de los espacios verdes del CETT, prov. de Córdoba",Licitación Pública,21/08/2025 11:00 Hrs.,Adjudicado,15 - Subgerencia de Compras y Contrataciones,106 - Comisión Nacional de Actividades Espaciales,2026-10-10T18:26:20.637633
15-0004-CDI23,EX-2023-14665660-   -APN-GAYRRHH#CONAE,Coberturas de seguros anuales para la CONAE,Contratación Directa,22/02/2023 11:00 Hrs.,Adjudicado,15 - Subgerencia de Compras y Contrataciones,106 - Comisión Nacional de Actividades Espaciales,2026-10-10T18:26:20.637633
15-0004-CDI25,EX-2025-09108181-   -APN-GAYRRHH#CONAE,Adquisición de equipamiento mobiliario y blanquería para la Sede Bariloche,Contratación Directa,10/02/2025 15:00 Hrs.,Adjudicado,15 - Subgerencia de Compras y Contrataciones,106 - Comisión Nacional de Actividades Espaciales,2026-10-10T18:26:20.637633
15-0004-LPR23,EX-2023-23003645-   -APN-GAYRRHH#CONAE,Provisión e instalación eléctrica para bases de antenas próximas al Edificio C95 del CETT,Licitación Privada,21/04/2023 11:00 Hrs.,Adjudicado,15 - Subgerencia de Compras y Contrataciones,106 - Comisión Nacional de Actividades Espaciales,2026-10-10T18:26:20.637633
15-0004-LPR24,EX-2024-62663242-   -APN-GAYRRHH#CONAE,"Servicio de medicina en el trabajo para el Centro Espacial Teófilo Tabanera, provincia de Córdoba.",Licitación Privada,24/07/2024 15:00 Hrs.,Adjudicado,15 - Subgerencia de Compras y Contrataciones,106 - Comisión Nacional de Actividades Espaciales,2026-10-10T18:26:20.637633
15-0004-LPR25,EX-2025-41086038-   -APN-GAYRRHH#CONAE,Servicio de soporte y actualizaciones para el sistema de almacenamiento SAN,Licitación Privada,27/05/2025 15:00 Hrs.,Adjudicado,15 - Subgerencia de Compras y Contrataciones,106 - Comisión Nacional de Actividades Espaciales,2026-10-10T18:26:20.637633
15-0004-LPU23,EX-2023-36374546-   -APN-GAYRRHH#CONAE,Adquisición de partes III EEE para el DCS de la Mision Sabiamar,Licitación Pública,03/07/2023 11:00 Hrs.,Dejado Sin Efecto,15 - Subgerencia de Compras y Contrataciones,106 - Comisión Nacional de Actividades Espaciales,2026-10-10T18:26:20.637633
15-0004-LPU24,EX-2024-70157427-   -APN-GAYRRHH#CONAE,"Servicio de comedor para el CETT de la CONAE, sito en la prov. de Córdoba",Licitación Pública,21/08/2024 11:00 Hrs.,Adjudicado,15 - Subgerencia de Compras y Contrataciones,106 - Comisión Nacional de Actividades Espaciales,2026-10-10T18:26:20.637633
15-0004-LPU26,EX-2026-55005389-   -APN-GAYRRHH#CONAE,Servicios de ingeniería y desarrollo para la actualización del MOC del Proyecto SABIA-Mar,Licitación Pública,29/06/2026 15:00 Hrs.,Adjudicado,15 - Subgerencia de Compras y Contrataciones,106 - Comisión Nacional de Actividades Espaciales,2026-10-10T18:26:20.637633
15-0005-CDI23,EX-2023-26694159-   -APN-GAYRRHH#CONAE,Desarrollo Fase 2 de la Plataforma Geoespacial Educativa “Qhawa” y servicio de mantenim.,Contratación Directa,23/03/2023 11:00 Hrs.,Adjudicado,15 - Subgerencia de Compras y Contrataciones,106 - Comisión Nacional de Actividades Espaciales,2026-10-10T18:26:20.637633
15-0005-CDI24,EX-2024-44172822-   -APN-GAYRRHH#CONAE,"Servicio de Seguimiento, Control y Reducción del Gasto en Telecomunicaciones",Contratación Directa,18/06/2024 15:00 Hrs.,Adjudicado,15 - Subgerencia de Compras y Contrataciones,106 - Comisión Nacional de Actividades Espaciales,2026-10-10T18:26:20.637633
15-0005-CDI25,EX-2025-15055808-   -APN-GAYRRHH#CONAE,Provisión de botellones de agua de mesa tratada y purificada sin gasificar envasada en botellones.,Contratación Directa,20/03/2025 15:00 Hrs.,Adjudicado,15 - Subgerencia de Compras y Contrataciones,106 - Comisión Nacional de Actividades Espaciales,2026-10-10T18:26:20.637633
15-0005-LPR23,EX-2023-29063036-   -APN-GAYRRHH#CONAE,Adquisición de nuevos extintores y equipos de escape para evacuación,Licitación Privada,12/05/2023 15:00 Hrs.,Adjudicado,15 - Subgerencia de Compras y Contrataciones,106 - Comisión Nacional de Actividades Espaciales,2026-10-10T18:26:20.637633
15-0005-LPR24,EX-2024-66439553-   -APN-GAYRRHH#CONAE,Soporte técnico y reemplazo de partes ilimitadas de hardware para SISDyT,Licitación Privada,04/09/2024 15:00 Hrs.,Adjudicado,15 - Subgerencia de Compras y Contrataciones,106 - Comisión Nacional de Actividades Espaciales,2026-10-10T18:26:20.637633
15-0005-LPR25,EX-2025-53184784-   -APN-GAYRRHH#CONAE,Intervención y mejoras integrales en Sede Central CONAE –  Edificio Paseo Colon 751 (CABA),Licitación Privada,30/06/2025 15:00 Hrs.,Dejado Sin Efecto,15 - Subgerencia de Compras y Contrataciones,106 - Comisión Nacional de Actividades Espaciales,2026-10-10T18:26:20.637633
15-0005-LPU23,EX-2023-39281248-   -APN-GAYRRHH#CONAE,Adquisición de equipamiento e insumos para distintas áreas del Centro Espacial Teófilo Tabanera,Licitación Pública,12/06/2023 15:00 Hrs.,Adjudicado,15 - Subgerencia de Compras y Contrataciones,106 - Comisión Nacional de Actividades Espaciales,2026-10-10T18:26:20.637633
15-0005-LPU24,EX-2024-82558782-   -APN-GAYRRHH#CONAE,"Servicio de transporte de ida y vuelta para el personal del CETT, Prov. de Córdoba.",Licitación Pública,09/09/2024 15:00 Hrs.,Adjudicado,15 - Subgerencia de Compras y Contrataciones,106 - Comisión Nacional de Actividades Espaciales,2026-10-10T18:26:20.637633
15-0005-LPU26,EX-2026-62158775-   -APN-GAYRRHH#CONAE,Servicio de licenciamiento y actualización de hardware para los firewalls perimetrales de CONAE,Licitación Pública,10/08/2026 11:00 Hrs.,Adjudicado,15 - Subgerencia de Compras y Contrataciones,106 - Comisión Nacional de Actividades Espaciales,2026-10-10T18:26:20.637633
15-0006-CDI23,EX-2023-27330528-   -APN-GAYRRHH#CONAE,Servicio análisis compatibilidad RF - Antenas bandas X & S,Contratación Directa,12/04/2023 11:00 Hrs.,Adjudicado,15 - Subgerencia de Compras y Contrataciones,106 - Comisión Nacional de Actividades Espaciales,2026-10-10T18:26:20.637633
15-0006-CDI24,EX-2024-47254792-   -APN-GAYRRHH#CONAE,Traslado de Monometil Amina al Centro Espacial Teófilo Tabanera,Contratación Directa,27/05/2024 11:00 Hrs.,Adjudicado,15 - Subgerencia de Compras y Contrataciones,106 - Comisión Nacional de Actividades Espaciales,2026-10-10T18:26:20.637633
15-0006-CDI25,EX-2025-23220697-   -APN-GAYRRHH#CONAE,Contratación del servicio de conservación y mantenimiento de los ascensores del CETT,Contratación Directa,07/04/2025 15:00 Hrs.,Adjudicado,15 - Subgerencia de Compras y Contrataciones,106 - Comisión Nacional de Actividades Espaciales,2026-10-10T18:26:20.637633
15-0006-LPR23,EX-2023-29723274-   -APN-GAYRRHH#CONAE,Por la adquisición de Polvos Metálicos para el Sistema de propulsión del Lanzador Tronador,Licitación Privada,21/06/2023 11:00 Hrs.,Adjudicado,15 - Subgerencia de Compras y Contrataciones,106 - Comisión Nacional de Actividades Espaciales,2026-10-10T18:26:20.637633
15-0006-LPR24,EX-2024-66983484-   -APN-GAYRRHH#CONAE,Adquisición de neumáticos para reposición de los vehículos asignados a las sedes de CONAE.,Licitación Privada,22/07/2024 15:00 Hrs.,Adjudicado,15 - Subgerencia de Compras y Contrataciones,106 - Comisión Nacional de Actividades Espaciales,2026-10-10T18:26:20.637633
15-0006-LPR25,EX-2025-62762130-   -APN-GAYRRHH#CONAE,"""Prov. Sist. de Aliment. de agua de la red de prot. contra incendios del Edif. Sed Central CONAE""",Licitación Privada,18/08/2025 15:00 Hrs.,En Apertura,15 - Subgerencia de Compras y Contrataciones,106 - Comisión Nacional de Actividades Espaciales,2026-10-10T18:26:20.637633
15-0006-LPU24,EX-2024-86376313-   -APN-GAYRRHH#CONAE,"Servicio de asistencia, soporte técnico y garantías para equipos Hewlett Packard Enterprise (HPE)",Licitación Pública,29/10/2024 15:00 Hrs.,Adjudicado,15 - Subgerencia de Compras y Contrataciones,106 - Comisión Nacional de Actividades Espaciales,2026-10-10T18:26:20.637633
15-0007-CDI23,EX-2023-28343906-   -APN-GAYRRHH#CONAE,Alquiler de una oficina para la sede de CONAE en la Ciudad de San Carlos de Bariloche.,Contratación Directa,22/03/2023 16:00 Hrs.,Adjudicado,15 - Subgerencia de Compras y Contrataciones,106 - Comisión Nacional de Actividades Espaciales,2026-10-10T18:26:20.637633
15-0007-CDI24,EX-2024-51250568-   -APN-GAYRRHH#CONAE,Por el alquiler de Tanque criogénico y compra de Oxigeno Liquido Industrial a granel.,Contratación Directa,28/05/2024 16:00 Hrs.,Adjudicado,15 - Subgerencia de Compras y Contrataciones,106 - Comisión Nacional de Actividades Espaciales,2026-10-10T18:26:20.637633
15-0007-CDI25,EX-2025-26307499-   -APN-GAYRRHH#CONAE,Adquisición de pallets antiderrames para el almacenado de sustancias peligrosas,Contratación Directa,07/04/2025 15:00 Hrs.,Adjudicado,15 - Subgerencia de Compras y Contrataciones,106 - Comisión Nacional de Actividades Espaciales,2026-10-10T18:26:20.637633
15-0007-LPR24,EX-2024-74048319-   -APN-GAYRRHH#CONAE,MATERIALES DE ILUMINACIÓN PARA EL CETT,Licitación Privada,23/08/2024 15:00 Hrs.,Adjudicado,15 - Subgerencia de Compras y Contrataciones,106 - Comisión Nacional de Actividades Espaciales,2026-10-10T18:26:20.637633
15-0007-LPR25,EX-2025-65910749-   -APN-GAYRRHH#CONAE,Contratación del servicio de  mantenimiento preventivo y correctivo  de centrales telefónicas.,Licitación Privada,30/07/2025 15:00 Hrs.,Adjudicado,15 - Subgerencia de Compras y Contrataciones,106 - Comisión Nacional de Actividades Espaciales,2026-10-10T18:26:20.637633
15-0007-LPU23,EX-2023-47431266-   -APN-GAYRRHH#CONAE,"Adquisición de tablets, tabletas gráficas y licencias Microsoft Windows",Licitación Pública,14/07/2023 15:00 Hrs.,Adjudicado,15 - Subgerencia de Compras y Contrataciones,106 - Comisión Nacional de Actividades Espaciales,2026-10-10T18:26:20.637633
15-0008-CDI23,EX-2023-28898488-   -APN-GAYRRHH#CONAE,Servicio de mantenimiento y de soporte técnico especializado para centrales telefónicas,Contratación Directa,22/08/2023 15:00 Hrs.,Adjudicado,15 - Subgerencia de Compras y Contrataciones,106 - Comisión Nacional de Actividades Espaciales,2026-10-10T18:26:20.637633
15-0008-CDI24,EX-2024-57047947-   -APN-GAYRRHH#CONAE,CONTRATACION SERVICIO DE MANTENIMIENTO DE ASCENSORES SEDE CENTRAL,Contratación Directa,10/07/2024 15:00 Hrs.,Dejado Sin Efecto,15 - Subgerencia de Compras y Contrataciones,106 - Comisión Nacional de Actividades Espaciales,2026-10-10T18:26:20.637633
15-0008-CDI25,EX-2025-26537700-   -APN-GAYRRHH#CONAE,Servicio de Desinfección y desratización Sede Central y anexo Balcarce,Contratación Directa,21/04/2025 15:00 Hrs.,Adjudicado,15 - Subgerencia de Compras y Contrataciones,106 - Comisión Nacional de Actividades Espaciales,2026-10-10T18:26:20.637633
15-0008-LPR23,EX-2022-138454856-   -APN-GAYRRHH#CONAE,CONTRATACION SISTEMA HIDRONEUMATICO DE BOMBEO - SEDE CENTRAL,Licitación Privada,21/06/2023 11:00 Hrs.,Dejado Sin Efecto,15 - Subgerencia de Compras y Contrataciones,106 - Comisión Nacional de Actividades Espaciales,2026-10-10T18:26:20.637633
15-0008-LPR24,EX-2024-82277615-   -APN-GAYRRHH#CONAE,Renovación y adquisición de nuevas licencias de antivirus para servidores y endpoints,Licitación Privada,15/10/2024 15:00 Hrs.,Adjudicado,15 - Subgerencia de Compras y Contrataciones,106 - Comisión Nacional de Actividades Espaciales,2026-10-10T18:26:20.637633
15-0008-LPR25,EX-2025-77284551-   -APN-GAYRRHH#CONAE,Adquisición de combustible tipo gasoil,Licitación Privada,12/08/2025 15:00 Hrs.,Adjudicado,15 - Subgerencia de Compras y Contrataciones,106 - Comisión Nacional de Actividades Espaciales,2026-10-10T18:26:20.637633
15-0008-LPU23,EX-2023-56449295-   -APN-GAYRRHH#CONAE,Computadoras portátiles para la Gerencia de Acceso al Espacio,Licitación Pública,03/07/2023 15:00 Hrs.,Adjudicado,15 - Subgerencia de Compras y Contrataciones,106 - Comisión Nacional de Actividades Espaciales,2026-10-10T18:26:20.637633
15-0008-LPU24,EX-2024-136557787-   -APN-GAYRRHH#CONAE,Por la renovación de licencias Fortigate para los equipos instalados en las sedes de CONAE.,Licitación Pública,17/01/2025 15:00 Hrs.,Adjudicado,15 - Subgerencia de Compras y Contrataciones,106 - Comisión Nacional de Actividades Espaciales,2026-10-10T18:26:20.637633
15-0009-CDI23,EX-2023-29677969-   -APN-GAYRRHH#CONAE,Contratación de un servicio profesional para el relevamiento y desarrollo de un proyecto de ingen.,Contratación Directa,09/05/2023 15:00 Hrs.,Adjudicado,15 - Subgerencia de Compras y Contrataciones,106 - Comisión Nacional de Actividades Espaciales,2026-10-10T18:26:20.637633
15-0009-CDI24,EX-2024-60211988-   -APN-GAYRRHH#CONAE,"Adquisición de sillas para sala de reunión y sillas para área de capacit/audit, sede Balcarce 779",Contratación Directa,06/08/2024 11:00 Hrs.,Adjudicado,15 - Subgerencia de Compras y Contrataciones,106 - Comisión Nacional de Actividades Espaciales,2026-10-10T18:26:20.637633
15-0009-CDI25,EX-2025-31159924-   -APN-GAYRRHH#CONAE,"Servicio de mantenimiento anual, pruebas hidráulicas y adquisición de gas para extintores en el CETT",Contratación Directa,16/04/2025 15:00 Hrs.,Adjudicado,15 - Subgerencia de Compras y Contrataciones,106 - Comisión Nacional de Actividades Espaciales,2026-10-10T18:26:20.637633
15-0009-LPR23,EX-2023-40990620-   -APN-GAYRRHH#CONAE,Servicio de poda de árboles para el Centro Espacial Teófilo Tabanera,Licitación Privada,23/06/2023 15:00 Hrs.,Adjudicado,15 - Subgerencia de Compras y Contrataciones,106 - Comisión Nacional de Actividades Espaciales,2026-10-10T18:26:20.637633
15-0009-LPR24,EX-2024-93227327-   -APN-GAYRRHH#CONAE,"Renovación del servicio de asistencia, soporte técnico y garantías para equipo Dell Compellent",Licitación Privada,10/10/2024 15:00 Hrs.,Dejado Sin Efecto,15 - Subgerencia de Compras y Contrataciones,106 - Comisión Nacional de Actividades Espaciales,2026-10-10T18:26:20.637633
15-0009-LPU23,EX-2023-61510894-   -APN-GAYRRHH#CONAE,Adquisición de equipamiento de almacenamiento masivo NAS,Licitación Pública,07/07/2023 15:00 Hrs.,Adjudicado,15 - Subgerencia de Compras y Contrataciones,106 - Comisión Nacional de Actividades Espaciales,2026-10-10T18:26:20.637633
15-0009-LPU25,EX-2025-134093409-   -APN-GAYRRHH#CONAE,Contratación del servicio de renovación de las licencias Microsoft 365,Licitación Pública,26/12/2025 15:00 Hrs.,Adjudicado,15 - Subgerencia de Compras y Contrataciones,106 - Comisión Nacional de Actividades Espaciales,2026-10-10T18:26:20.637633
15-0010-CDI23,EX-2023-34436337-   -APN-GAYRRHH#CONAE,MANTENIMIENTO DE LAS ALARMAS DE INCENDIO DEL CETT,Contratación Directa,10/05/2023 15:00 Hrs.,Adjudicado,15 - Subgerencia de Compras y Contrataciones,106 - Comisión Nacional de Actividades Espaciales,2026-10-10T18:26:20.637633
15-0010-CDI24,EX-2024-66213380-   -APN-GAYRRHH#CONAE,Servicio de custodia para la Estación Terrena Tierra del Fuego,Contratación Directa,05/07/2024 15:00 Hrs.,Adjudicado,15 - Subgerencia de Compras y Contrataciones,106 - Comisión Nacional de Actividades Espaciales,2026-10-10T18:26:20.637633
15-0010-CDI25,EX-2025-38738153-   -APN-GAYRRHH#CONAE,Servicio de enlace de internet simétrico principal para el CEMB,Contratación Directa,29/04/2025 15:00 Hrs.,Adjudicado,15 - Subgerencia de Compras y Contrataciones,106 - Comisión Nacional de Actividades Espaciales,2026-10-10T18:26:20.637633
15-0010-LPR23,EX-2023-42975558-   -APN-GAYRRHH#CONAE,Servicio de migración y actualización de la plataforma de educación a distancia Moodle,Licitación Privada,26/06/2023 11:00 Hrs.,Adjudicado,15 - Subgerencia de Compras y Contrataciones,106 - Comisión Nacional de Actividades Espaciales,2026-10-10T18:26:20.637633
15-0010-LPR24,EX-2024-101788210-   -APN-GAYRRHH#CONAE,Grúa para instalar las superestructuras metálicas para los sistemas de antenas de la CONAE en BBII,Licitación Privada,17/10/2024 11:00 Hrs.,En Apertura,15 - Subgerencia de Compras y Contrataciones,106 - Comisión Nacional de Actividades Espaciales,2026-10-10T18:26:20.637633
15-0010-LPU23,EX-2023-63990194-   -APN-GAYRRHH#CONAE,"adquisición de licencias para la Subgerencia Informática, Servicios de Datos y Telecomunicaciones",Licitación Pública,07/08/2023 15:00 Hrs.,Adjudicado,15 - Subgerencia de Compras y Contrataciones,106 - Comisión Nacional de Actividades Espaciales,2026-10-10T18:26:20.637633
15-0011-CDI23,EX-2023-46364417-   -APN-GAYRRHH#CONAE,Servicio de reparación equipo PRO-SPOT,Contratación Directa,29/05/2023 11:00 Hrs.,Dejado Sin Efecto,15 - Subgerencia de Compras y Contrataciones,106 - Comisión Nacional de Actividades Espaciales,2026-10-10T18:26:20.637633
15-0011-CDI24,EX-2024-67003384-   -APN-GAYRRHH#CONAE,MATERIALES DE PLOMERIA PARA MANTENIMIENTO EN EL CETT,Contratación Directa,29/07/2024 15:00 Hrs.,Adjudicado,15 - Subgerencia de Compras y Contrataciones,106 - Comisión Nacional de Actividades Espaciales,2026-10-10T18:26:20.637633
15-0011-CDI25,EX-2025-38740906-   -APN-GAYRRHH#CONAE,BATERÍAS PARA LOS VEHÍCULOS ASIGNADOS AL CETT,Contratación Directa,16/05/2025 15:00 Hrs.,Adjudicado,15 - Subgerencia de Compras y Contrataciones,106 - Comisión Nacional de Actividades Espaciales,2026-10-10T18:26:20.637633
15-0011-LPR24,EX-2024-103706434-   -APN-GAYRRHH#CONAE,servicio de infraestructura de tecnología de la información en modalidad de nube,Licitación Privada,18/10/2024 15:00 Hrs.,Adjudicado,15 - Subgerencia de Compras y Contrataciones,106 - Comisión Nacional de Actividades Espaciales,2026-10-10T18:26:20.637633
15-0011-LPU23,EX-2023-68723683-   -APN-GAYRRHH#CONAE,Por la renovación del servicio de mantenimiento y soporte de licencias de Dassault Systemes.,Licitación Pública,04/09/2023 15:00 Hrs.,Adjudicado,15 - Subgerencia de Compras y Contrataciones,106 - Comisión Nacional de Actividades Espaciales,2026-10-10T18:26:20.637633
15-0012-CDI23,EX-2023-46445620-   -APN-GAYRRHH#CONAE,Contratación de un servicio profesional para ensayo por método de emisión acústica para los isotan.,Contratación Directa,07/07/2023 15:00 Hrs.,Adjudicado,15 - Subgerencia de Compras y Contrataciones,106 - Comisión Nacional de Actividades Espaciales,2026-10-10T18:26:20.637633
15-0012-CDI24,EX-2024-68383654-   -APN-GAYRRHH#CONAE,"Servicio médico de área protegida para Sede Central de la CONAE, Anexo BALCARCE y Sede Mendoza",Contratación Directa,07/08/2024 11:00 Hrs.,Adjudicado,15 - Subgerencia de Compras y Contrataciones,106 - Comisión Nacional de Actividades Espaciales,2026-10-10T18:26:20.637633
15-0012-CDI25,EX-2025-48046635-   -APN-GAYRRHH#CONAE,Servicio médico de emergencia 24hs para Sede central y Anexo Balcarce,Contratación Directa,02/07/2025 15:00 Hrs.,Adjudicado,15 - Subgerencia de Compras y Contrataciones,106 - Comisión Nacional de Actividades Espaciales,2026-10-10T18:26:20.637633
15-0012-LPR23,EX-2023-59940636-   -APN-GAYRRHH#CONAE,Adquisición de insumos de electricidad,Licitación Privada,21/07/2023 15:00 Hrs.,Adjudicado,15 - Subgerencia de Compras y Contrataciones,106 - Comisión Nacional de Actividades Espaciales,2026-10-10T18:26:20.637633
15-0012-LPR24,EX-2024-103947385-   -APN-GAYRRHH#CONAE,Contenedor técnico para la Base Antártica Belgrano II.,Licitación Privada,22/10/2024 11:00 Hrs.,En Evaluacion,15 - Subgerencia de Compras y Contrataciones,106 - Comisión Nacional de Actividades Espaciales,2026-10-10T18:26:20.637633
15-0012-LPU23,EX-2023-74280918-   -APN-GAYRRHH#CONAE,Sistema de Propulsión para la Misión ALOFT,Licitación Pública,29/08/2023 11:00 Hrs.,Dejado Sin Efecto,15 - Subgerencia de Compras y Contrataciones,106 - Comisión Nacional de Actividades Espaciales,2026-10-10T18:26:20.637633
15-0013-CDI23,EX-2023-47687285-   -APN-GAYRRHH#CONAE,Instrumento Analizador de ESD (Descarga electrostáticas).,Contratación Directa,16/06/2023 11:00 Hrs.,Adjudicado,15 - Subgerencia de Compras y Contrataciones,106 - Comisión Nacional de Actividades Espaciales,2026-10-10T18:26:20.637633
15-0013-CDI24,EX-2024-74640499-   -APN-GAYRRHH#CONAE,Adquisición de cintas LTO para backup de datos y discos SATA,Contratación Directa,06/08/2024 15:00 Hrs.,Adjudicado,15 - Subgerencia de Compras y Contrataciones,106 - Comisión Nacional de Actividades Espaciales,2026-10-10T18:26:20.637633
15-0013-CDI25,EX-2025-55162362-   -APN-GAYRRHH#CONAE,Adquisición de grasa lubricante para antenas,Contratación Directa,13/06/2025 11:00 Hrs.,Adjudicado,15 - Subgerencia de Compras y Contrataciones,106 - Comisión Nacional de Actividades Espaciales,2026-10-10T18:26:20.637633
15-0013-LPR23,EX-2023-59959453-   -APN-GAYRRHH#CONAE,Servicio de transporte internacional de cargas aéreas,Licitación Privada,28/07/2023 15:00 Hrs.,Dejado Sin Efecto,15 - Subgerencia de Compras y Contrataciones,106 - Comisión Nacional de Actividades Espaciales,2026-10-10T18:26:20.637633
15-0013-LPR24,EX-2024-113118139-   -APN-GAYRRHH#CONAE,Servicio de capacitación para uso de martillos neumáticos - Campaña Antártica en la Base Belgrano II,Licitación Privada,05/11/2024 15:00 Hrs.,Adjudicado,15 - Subgerencia de Compras y Contrataciones,106 - Comisión Nacional de Actividades Espaciales,2026-10-10T18:26:20.637633
15-0013-LPU23,EX-2023-93049633-   -APN-GAYRRHH#CONAE,Contratación del Servicio de seguridad y vigilancia para el predio del Centro Espacial Punta Indio,Licitación Pública,18/09/2023 15:00 Hrs.,Adjudicado,15 - Subgerencia de Compras y Contrataciones,106 - Comisión Nacional de Actividades Espaciales,2026-10-10T18:26:20.637633
15-0014-CDI23,EX-2023-50490097-   -APN-GAYRRHH#CONAE,Certificación para Aceptación y Diseño de Placas Circuitos Impresos para el LEA,Contratación Directa,26/06/2023 11:00 Hrs.,Desierto,15 - Subgerencia de Compras y Contrataciones,106 - Comisión Nacional de Actividades Espaciales,2026-10-10T18:26:20.637633
15-0014-CDI24,EX-2024-75534655-   -APN-GAYRRHH#CONAE,Seguros anuales bienes de la CONAE,Contratación Directa,24/07/2024 15:00 Hrs.,Adjudicado,15 - Subgerencia de Compras y Contrataciones,106 - Comisión Nacional de Actividades Espaciales,2026-10-10T18:26:20.637633
15-0014-CDI25,EX-2025-56365923-   -APN-GAYRRHH#CONAE,"Servicio para los monitoreos ambientales en el CETT, Prov. de Córdoba.",Contratación Directa,24/06/2025 15:00 Hrs.,Adjudicado,15 - Subgerencia de Compras y Contrataciones,106 - Comisión Nacional de Actividades Espaciales,2026-10-10T18:26:20.637633
15-0014-LPR23,EX-2023-64701153-   -APN-GAYRRHH#CONAE,"Adquisición de equipamiento, accesorios y elementos de protección personal .",Licitación Privada,05/07/2023 15:00 Hrs.,Adjudicado,15 - Subgerencia de Compras y Contrataciones,106 - Comisión Nacional de Actividades Espaciales,2026-10-10T18:26:20.637633
15-0014-LPU23,EX-2023-93719156-   -APN-GAYRRHH#CONAE,"Servicio de asistencia, soporte técnico y garantías para equipamiento DELL",Licitación Pública,14/11/2023 11:00 Hrs.,Adjudicado,15 - Subgerencia de Compras y Contrataciones,106 - Comisión Nacional de Actividades Espaciales,2026-10-10T18:26:20.637633
15-0015-CDI23,EX-2023-52979522-   -APN-GAYRRHH#CONAE,Adquisición de Set de Herramientas Mecánicas para Laboratorio de Brazing y Tratamientos Térmicos,Contratación Directa,06/07/2023 15:00 Hrs.,Adjudicado,15 - Subgerencia de Compras y Contrataciones,106 - Comisión Nacional de Actividades Espaciales,2026-10-10T18:26:20.637633
15-0015-CDI24,EX-2024-80360432-   -APN-GAYRRHH#CONAE,Contratación del servicio de mantenimiento anual preventivo de los equipos de RX .,Contratación Directa,19/08/2024 15:00 Hrs.,Adjudicado,15 - Subgerencia de Compras y Contrataciones,106 - Comisión Nacional de Actividades Espaciales,2026-10-10T18:26:20.637633
15-0015-CDI25,EX-2025-61888917-   -APN-GAYRRHH#CONAE,Servicio de mantenimiento de los Grupos Electrógenos de la ETTF,Contratación Directa,08/08/2025 15:00 Hrs.,Fracasado,15 - Subgerencia de Compras y Contrataciones,106 - Comisión Nacional de Actividades Espaciales,2026-10-10T18:26:20.637633
15-0015-LPR23,EX-2023-66128605-   -APN-GAYRRHH#CONAE,Videos institucionales de la CONAE,Licitación Privada,14/07/2023 11:00 Hrs.,Adjudicado,15 - Subgerencia de Compras y Contrataciones,106 - Comisión Nacional de Actividades Espaciales,2026-10-10T18:26:20.637633
15-0015-LPR24,EX-2024-123740455-   -APN-GAYRRHH#CONAE,Repuestos y accesorios informáticos para la Unidad de Estaciones Terrenas,Licitación Privada,13/12/2024 15:00 Hrs.,Adjudicado,15 - Subgerencia de Compras y Contrataciones,106 - Comisión Nacional de Actividades Espaciales,2026-10-10T18:26:20.637633
15-0015-LPU23,EX-2022-132975164-   -APN-GAYRRHH#CONAE,"Adquisición de un Simulador GNSS Portable con Cuatro Salidas, Multi-Frecuencia y Multi-Constelación",Licitación Pública,17/11/2023 11:00 Hrs.,Dejado Sin Efecto,15 - Subgerencia de Compras y Contrataciones,106 - Comisión Nacional de Actividades Espaciales,2026-10-10T18:26:20.637633
15-0016-CDI23,EX-2023-57060543-   -APN-GAYRRHH#CONAE,Adquisición de equipamiento de seguridad e higiene para las instalaciones de la CONAE,Contratación Directa,21/06/2023 15:00 Hrs.,Adjudicado,15 - Subgerencia de Compras y Contrataciones,106 - Comisión Nacional de Actividades Espaciales,2026-10-10T18:26:20.637633
15-0016-CDI24,EX-2024-84340897-   -APN-GAYRRHH#CONAE,Adquisición de memorias RAM de 32 gb,Contratación Directa,26/08/2024 15:00 Hrs.,Adjudicado,15 - Subgerencia de Compras y Contrataciones,106 - Comisión Nacional de Actividades Espaciales,2026-10-10T18:26:20.637633
15-0016-CDI25,EX-2025-65087455-   -APN-GAYRRHH#CONAE,Renovación Licencia de Software Tenable Nessus Professional - On Premise,Contratación Directa,04/08/2025 15:00 Hrs.,Adjudicado,15 - Subgerencia de Compras y Contrataciones,106 - Comisión Nacional de Actividades Espaciales,2026-10-10T18:26:20.637633
15-0016-LPR23,EX-2023-72655316-   -APN-GAYRRHH#CONAE,Adquisición de UPS y Tablero Eléctrico de distrib. para Sist de Antena - Base Antártica Belgrano II,Licitación Privada,23/08/2023 11:00 Hrs.,Dejado Sin Efecto,15 - Subgerencia de Compras y Contrataciones,106 - Comisión Nacional de Actividades Espaciales,2026-10-10T18:26:20.637633
15-0016-LPR24,EX-2024-93227327-   -APN-GAYRRHH#CONAE,"Asistencia, soporte técnico y garantías para equipo Dell Compellent para la misión SAOCOM",Licitación Privada,02/01/2025 15:00 Hrs.,Adjudicado,15 - Subgerencia de Compras y Contrataciones,106 - Comisión Nacional de Actividades Espaciales,2026-10-10T18:26:20.637633
15-0016-LPU23,EX-2023-100043610-   -APN-GAYRRHH#CONAE,Adquisición de equipamiento informático para la GOT (2do. Llamado),Licitación Pública,01/11/2023 11:00 Hrs.,Dejado Sin Efecto,15 - Subgerencia de Compras y Contrataciones,106 - Comisión Nacional de Actividades Espaciales,2026-10-10T18:26:20.637633
15-0017-CDI23,EX-2023-59838545-   -APN-GAYRRHH#CONAE,Servicio de reparación equipo PRO-SPOT,Contratación Directa,12/06/2023 11:00 Hrs.,Adjudicado,15 - Subgerencia de Compras y Contrataciones,106 - Comisión Nacional de Actividades Espaciales,2026-10-10T18:26:20.637633
15-0017-CDI24,EX-2024-85021433-   -APN-GAYRRHH#CONAE,Enlace de Internet simétrico Secundario para Estación Terrena Tierra del Fuego,Contratación Directa,19/09/2024 15:00 Hrs.,Adjudicado,15 - Subgerencia de Compras y Contrataciones,106 - Comisión Nacional de Actividades Espaciales,2026-10-10T18:26:20.637633
15-0017-CDI25,EX-2025-68877920-   -APN-GAYRRHH#CONAE,Herramientas y equipamiento para la Base Antártica Belgrano II,Contratación Directa,04/07/2025 11:00 Hrs.,Adjudicado,15 - Subgerencia de Compras y Contrataciones,106 - Comisión Nacional de Actividades Espaciales,2026-10-10T18:26:20.637633
15-0017-LPR23,EX-2023-76504669-   -APN-GAYRRHH#CONAE,Instrumental Óptico para el satélite SABIA-Mar,Licitación Privada,28/08/2023 11:00 Hrs.,Dejado Sin Efecto,15 - Subgerencia de Compras y Contrataciones,106 - Comisión Nacional de Actividades Espaciales,2026-10-10T18:26:20.637633
15-0017-LPR24,EX-2024-131217486-   -APN-GAYRRHH#CONAE,Contratación de los servicios de una Aseguradora de Riesgos del Trabajo (ART) para la CONAE,Licitación Privada,10/01/2025 11:00 Hrs.,Adjudicado,15 - Subgerencia de Compras y Contrataciones,106 - Comisión Nacional de Actividades Espaciales,2026-10-10T18:26:20.637633
15-0017-LPU23,EX-2023-105968242-   -APN-GAYRRHH#CONAE,Contratación de un servicio de seguridad privada para la Sede Central de CONAE y Anexo Balcarce.,Licitación Pública,06/10/2023 15:00 Hrs.,Adjudicado,15 - Subgerencia de Compras y Contrataciones,106 - Comisión Nacional de Actividades Espaciales,2026-10-10T18:26:20.637633
15-0018-CDI23,EX-2023-59951697-   -APN-GAYRRHH#CONAE,Simulador y bibliotecas de software de control de orientación para la Misión ALOFT,Contratación Directa,12/06/2023 15:00 Hrs.,Adjudicado,15 - Subgerencia de Compras y Contrataciones,106 - Comisión Nacional de Actividades Espaciales,2026-10-10T18:26:20.637633
15-0018-CDI24,EX-2024-86250650-   -APN-GAYRRHH#CONAE,Botellones de agua potable para el CETT,Contratación Directa,24/09/2024 16:00 Hrs.,Adjudicado,15 - Subgerencia de Compras y Contrataciones,106 - Comisión Nacional de Actividades Espaciales,2026-10-10T18:26:20.637633
15-0018-CDI25,EX-2025-72489361-   -APN-GAYRRHH#CONAE,Renovación de licencias Microsoft 365,Contratación Directa,15/07/2025 15:00 Hrs.,Dejado Sin Efecto,15 - Subgerencia de Compras y Contrataciones,106 - Comisión Nacional de Actividades Espaciales,2026-10-10T18:26:20.637633
15-0018-LPR23,EX-2022-121387295-   -APN-GAYRRHH#CONAE,Adquisición de Equipamiento digital para la medición de inclinaciones de alta precisión,Licitación Privada,17/11/2023 11:00 Hrs.,Dejado Sin Efecto,15 - Subgerencia de Compras y Contrataciones,106 - Comisión Nacional de Actividades Espaciales,2026-10-10T18:26:20.637633
15-0018-LPR24,EX-2024-142656591-   -APN-GAYRRHH#CONAE,Intervención en el piso del Comedor PB Edificio C02 CETT,Licitación Privada,18/03/2025 11:00 Hrs.,Adjudicado,15 - Subgerencia de Compras y Contrataciones,106 - Comisión Nacional de Actividades Espaciales,2026-10-10T18:26:20.637633
15-0018-LPU23,EX-2023-113082340-   -APN-GAYRRHH#CONAE,"Equipamiento informático y audiovisual para ETC,MOC, LIE y ETTdF",Licitación Pública,27/12/2023 15:00 Hrs.,Adjudicado,15 - Subgerencia de Compras y Contrataciones,106 - Comisión Nacional de Actividades Espaciales,2026-10-10T18:26:20.637633
15-0019-CDI23,EX-2023-63458262-   -APN-GAYRRHH#CONAE,SERVICIO DE MEDICIÓN DE NIVELES DE RADIACIÓN,Contratación Directa,21/07/2023 15:00 Hrs.,Adjudicado,15 - Subgerencia de Compras y Contrataciones,106 - Comisión Nacional de Actividades Espaciales,2026-10-10T18:26:20.637633
15-0019-CDI24,EX-2024-86330062-   -APN-GAYRRHH#CONAE,BATERÍAS PARA PLATAFORMA TELESCÓPICA JLG,Contratación Directa,11/09/2024 15:00 Hrs.,Adjudicado,15 - Subgerencia de Compras y Contrataciones,106 - Comisión Nacional de Actividades Espaciales,2026-10-10T18:26:20.637633
15-0019-LPR23,EX-2023-104700186-   -APN-GAYRRHH#CONAE,NITROGENO LIQUIDO,Licitación Privada,15/11/2023 15:00 Hrs.,Adjudicado,15 - Subgerencia de Compras y Contrataciones,106 - Comisión Nacional de Actividades Espaciales,2026-10-10T18:26:20.637633
15-0019-LPU23,EX-2023-129323857-   -APN-GAYRRHH#CONAE,Provisión de viandas de almuerzo para el personal de la Sede Central de la CONAE,Licitación Pública,17/11/2023 15:00 Hrs.,Adjudicado,15 - Subgerencia de Compras y Contrataciones,106 - Comisión Nacional de Actividades Espaciales,2026-10-10T18:26:20.637633
15-0020-CDI23,EX-2023-64038392-   -APN-GAYRRHH#CONAE,Servicio de adecuación y operación de dos stands de la CONAE en Tecnópolis 2023,Contratación Directa,15/06/2023 11:00 Hrs.,Adjudicado,15 - Subgerencia de Compras y Contrataciones,106 - Comisión Nacional de Actividades Espaciales,2026-10-10T18:26:20.637633
15-0020-CDI24,EX-2024-91246265-   -APN-GAYRRHH#CONAE,Renovación de licencias Microsoft 365,Contratación Directa,05/09/2024 15:00 Hrs.,Adjudicado,15 - Subgerencia de Compras y Contrataciones,106 - Comisión Nacional de Actividades Espaciales,2026-10-10T18:26:20.637633
15-0020-LPR23,EX-2023-105968478-   -APN-GAYRRHH#CONAE,Servicio de despachante de aduanas,Licitación Privada,18/10/2023 15:00 Hrs.,Adjudicado,15 - Subgerencia de Compras y Contrataciones,106 - Comisión Nacional de Actividades Espaciales,2026-10-10T18:26:20.637633
15-0020-LPU23,EX-2023-129365338-   -APN-GAYRRHH#CONAE,Servicio de transporte para el personal que desempeña tareas en la Sede Central de la CONAE,Licitación Pública,12/01/2024 15:00 Hrs.,Dejado Sin Efecto,15 - Subgerencia de Compras y Contrataciones,106 - Comisión Nacional de Actividades Espaciales,2026-10-10T18:26:20.637633
15-0021-CDI23,EX-2023-71852283-   -APN-GAYRRHH#CONAE,Bomba criogénica LN2 para el Laboratorio de Integración y Ensayos,Contratación Directa,21/07/2023 11:00 Hrs.,Dejado Sin Efecto,15 - Subgerencia de Compras y Contrataciones,106 - Comisión Nacional de Actividades Espaciales,2026-10-10T18:26:20.637633
15-0021-CDI24,EX-2024-102658587-   -APN-GAYRRHH#CONAE,Cartuchos de tinta para las impresoras y el plotter de CONAE en el Centro Espacial Teófilo Tabanera,Contratación Directa,07/10/2024 11:00 Hrs.,Adjudicado,15 - Subgerencia de Compras y Contrataciones,106 - Comisión Nacional de Actividades Espaciales,2026-10-10T18:26:20.637633
15-0021-CDI25,EX-2025-77096747-   -APN-GAYRRHH#CONAE,Adquisición de filtros para vehículos,Contratación Directa,06/08/2025 11:00 Hrs.,Dejado Sin Efecto,15 - Subgerencia de Compras y Contrataciones,106 - Comisión Nacional de Actividades Espaciales,2026-10-10T18:26:20.637633
15-0021-LPR23,EX-2023-108583268-   -APN-GAYRRHH#CONAE,Renovación de la licencia de software para el equipo Barracuda Networks Antispam,Licitación Privada,18/10/2023 15:00 Hrs.,Fracasado,15 - Subgerencia de Compras y Contrataciones,106 - Comisión Nacional de Actividades Espaciales,2026-10-10T18:26:20.637633
15-0021-LPU23,EX-2023-131483640-   -APN-GAYRRHH#CONAE,"Servicio de higiene, seguridad laboral y de gestión ambiental para la CONAE",Licitación Pública,18/12/2023 11:00 Hrs.,Adjudicado,15 - Subgerencia de Compras y Contrataciones,106 - Comisión Nacional de Actividades Espaciales,2026-10-10T18:26:20.637633
15-0022-CDI23,EX-2023-73968804-   -APN-GAYRRHH#CONAE,"Sistema SpaceStar, modelos de ingeniería y vuelo, con ingeniería no recurrente para la Misión ALOFT",Contratación Directa,04/08/2023 11:00 Hrs.,Adjudicado,15 - Subgerencia de Compras y Contrataciones,106 - Comisión Nacional de Actividades Espaciales,2026-10-10T18:26:20.637633
15-0022-CDI24,EX-2024-102721275-   -APN-GAYRRHH#CONAE,Servicio de dosimetría de emisiones de los equipos de Rayos X para el CETT,Contratación Directa,14/10/2024 11:00 Hrs.,Adjudicado,15 - Subgerencia de Compras y Contrataciones,106 - Comisión Nacional de Actividades Espaciales,2026-10-10T18:26:20.637633
15-0022-LPR23,EX-2023-110324532-   -APN-GAYRRHH#CONAE,Adquisición de elementos de protección personal para las actividades que se desarrollan en CONAE,Licitación Privada,07/12/2023 15:00 Hrs.,Dejado Sin Efecto,15 - Subgerencia de Compras y Contrataciones,106 - Comisión Nacional de Actividades Espaciales,2026-10-10T18:26:20.637633
15-0022-LPU23,EX-2023-04751972-   -APN-GAYRRHH#CONAE,Adquisición de equipamiento para preparación de muestras para LEA,Licitación Pública,01/02/2024 15:00 Hrs.,Dejado Sin Efecto,15 - Subgerencia de Compras y Contrataciones,106 - Comisión Nacional de Actividades Espaciales,2026-10-10T18:26:20.637633
15-0023-CDI23,EX-2023-75758157-   -APN-GAYRRHH#CONAE,Equipamiento multimedia para la Subgerencia de Formación de la CONAE,Contratación Directa,11/08/2023 11:00 Hrs.,Dejado Sin Efecto,15 - Subgerencia de Compras y Contrataciones,106 - Comisión Nacional de Actividades Espaciales,2026-10-10T18:26:20.637633
15-0023-CDI24,EX-2024-102746878-   -APN-GAYRRHH#CONAE,Materiales eléctricos para instalación de potencia segura en la Base Antártica Belgrano II,Contratación Directa,15/10/2024 11:00 Hrs.,Adjudicado,15 - Subgerencia de Compras y Contrataciones,106 - Comisión Nacional de Actividades Espaciales,2026-10-10T18:26:20.637633
15-0023-LPR23,EX-2023-133399116-   -APN-GAYRRHH#CONAE,Adquisición de cajas navideñas para el personal de la CONAE,Licitación Privada,24/11/2023 15:00 Hrs.,Dejado Sin Efecto,15 - Subgerencia de Compras y Contrataciones,106 - Comisión Nacional de Actividades Espaciales,2026-10-10T18:26:20.637633
15-0023-LPU23,EX-2023-148795617-   -APN-GAYRRHH#CONAE,Adquisición de insumos eléctricos para la Sede Central de CONAE.,Licitación Pública,24/01/2024 15:00 Hrs.,Adjudicado,15 - Subgerencia de Compras y Contrataciones,106 - Comisión Nacional de Actividades Espaciales,2026-10-10T18:26:20.637633
15-0024-CDI23,EX-2023-82956118-   -APN-GAYRRHH#CONAE,Adquisición de resmas de papel A4 para el CETT y SEDE CENTRAL,Contratación Directa,04/08/2023 15:00 Hrs.,Adjudicado,15 - Subgerencia de Compras y Contrataciones,106 - Comisión Nacional de Actividades Espaciales,2026-10-10T18:26:20.637633
15-0024-CDI24,EX-2024-103681021-   -APN-GAYRRHH#CONAE,"Servicio de control, mantenimiento y adquisición de extintores .",Contratación Directa,14/10/2024 15:00 Hrs.,Adjudicado,15 - Subgerencia de Compras y Contrataciones,106 - Comisión Nacional de Actividades Espaciales,2026-10-10T18:26:20.637633
15-0024-LPR23,EX-2023-135656845-   -APN-GAYRRHH#CONAE,"Contratación de un servicio de tratamiento integral de desinsectación, desratización y desinfencción",Licitación Privada,19/01/2024 15:00 Hrs.,Adjudicado,15 - Subgerencia de Compras y Contrataciones,106 - Comisión Nacional de Actividades Espaciales,2026-10-10T18:26:20.637633
15-0024-LPU23,EX-2023-149883881-   -APN-GAYRRHH#CONAE,"Servicio integral de limpieza y manten. para la Sede Central de la CONAE y Anexo Balcarce 773, CABA",Licitación Pública,07/03/2024 11:00 Hrs.,Dejado Sin Efecto,15 - Subgerencia de Compras y Contrataciones,106 - Comisión Nacional de Actividades Espaciales,2026-10-10T18:26:20.637633
15-0025-CDI24,EX-2024-104071168-   -APN-GAYRRHH#CONAE,Anclajes químicos para fijación de estructuras metálicas en la Base Antártica Belgrano II,Contratación Directa,09/10/2024 11:00 Hrs.,Adjudicado,15 - Subgerencia de Compras y Contrataciones,106 - Comisión Nacional de Actividades Espaciales,2026-10-10T18:26:20.637633
15-0025-CDI25,EX-2025-115151963-   -APN-GAYRRHH#CONAE,Servicio posventa de soporte y mantenimiento de software instalado Sistema eFLEXWARE,Contratación Directa,04/11/2025 15:00 Hrs.,Adjudicado,15 - Subgerencia de Compras y Contrataciones,106 - Comisión Nacional de Actividades Espaciales,2026-10-10T18:26:20.637633
15-0025-LPR23,EX-2023-143360141-   -APN-GAYRRHH#CONAE,Sensores de imagen para el proyecto académico UFSAT-1 de la Unidad de Formación Superior (UFS),Licitación Privada,18/12/2023 11:00 Hrs.,Dejado Sin Efecto,15 - Subgerencia de Compras y Contrataciones,106 - Comisión Nacional de Actividades Espaciales,2026-10-10T18:26:20.637633
15-0026-CDI23,EX-2023-89784927-   -APN-GAYRRHH#CONAE,Capacitación para Ensayos de Inspección Visual y Hermeticidad para componentes de vuelo,Contratación Directa,04/09/2023 11:00 Hrs.,Adjudicado,15 - Subgerencia de Compras y Contrataciones,106 - Comisión Nacional de Actividades Espaciales,2026-10-10T18:26:20.637633
15-0026-CDI24,EX-2024-108598441-   -APN-GAYRRHH#CONAE,Fuentes para Switches del stack Dell PowerSwitch N3024 - MOC,Contratación Directa,01/11/2024 15:00 Hrs.,Adjudicado,15 - Subgerencia de Compras y Contrataciones,106 - Comisión Nacional de Actividades Espaciales,2026-10-10T18:26:20.637633
15-0026-LPR23,EX-2023-143372368-   -APN-GAYRRHH#CONAE,Prov. e inst. de un sist de detección y alarma de niveles de mmh para el edificio a03 CETT (Córdoba),Licitación Privada,12/04/2024 11:00 Hrs.,Dejado Sin Efecto,15 - Subgerencia de Compras y Contrataciones,106 - Comisión Nacional de Actividades Espaciales,2026-10-10T18:26:20.637633
15-0027-CDI23,EX-2023-91827774-   -APN-GAYRRHH#CONAE,Adquisición de elementos de señalización para las sedes de CONAE.,Contratación Directa,18/09/2023 15:00 Hrs.,Adjudicado,15 - Subgerencia de Compras y Contrataciones,106 - Comisión Nacional de Actividades Espaciales,2026-10-10T18:26:20.637633
15-0027-CDI24,EX-2024-115548476-   -APN-GAYRRHH#CONAE,Adquisición de herramientas y accesorios para la campaña Antártica en la Base Belgrano II,Contratación Directa,08/11/2024 15:00 Hrs.,Adjudicado,15 - Subgerencia de Compras y Contrataciones,106 - Comisión Nacional de Actividades Espaciales,2026-10-10T18:26:20.637633
15-0027-CDI25,EX-2025-140522900-   -APN-GAYRRHH#CONAE,Licencia de Software para Tenable.io Web Application Scanner (WAS),Contratación Directa,02/03/2026 11:00 Hrs.,Pendiente Análisis,15 - Subgerencia de Compras y Contrataciones,106 - Comisión Nacional de Actividades Espaciales,2026-10-10T18:26:20.637633
15-0027-LPR22,EX-2022-81009786-   -APN-GAYRRHH#CONAE,Componentes Cubesat PC104 para ensayo del subsistema de determinación y control de órbita,Licitación Privada,05/01/2023 11:00 Hrs.,Dejado Sin Efecto,15 - Subgerencia de Compras y Contrataciones,106 - Comisión Nacional de Actividades Espaciales,2026-10-10T18:26:20.637633
15-0028-CDI23,EX-2023-93404892-   -APN-GAYRRHH#CONAE,Sensores de imagen para el proyecto académico UFSAT-1 de la UFS,Contratación Directa,29/09/2023 11:00 Hrs.,Dejado Sin Efecto,15 - Subgerencia de Compras y Contrataciones,106 - Comisión Nacional de Actividades Espaciales,2026-10-10T18:26:20.637633
15-0028-CDI24,EX-2024-115972656-   -APN-GAYRRHH#CONAE,Adquisición de veinte pallets antiderrame,Contratación Directa,15/11/2024 15:00 Hrs.,Dejado Sin Efecto,15 - Subgerencia de Compras y Contrataciones,106 - Comisión Nacional de Actividades Espaciales,2026-10-10T18:26:20.637633
15-0030-CDI23,EX-2023-98866273-   -APN-GAYRRHH#CONAE,Caudalímetros tipo turbina para equipar banco de ensayos para turbobombas.,Contratación Directa,12/09/2023 11:00 Hrs.,Adjudicado,15 - Subgerencia de Compras y Contrataciones,106 - Comisión Nacional de Actividades Espaciales,2026-10-10T18:26:20.637633
15-0030-CDI24,EX-2024-122461421-   -APN-GAYRRHH#CONAE,Servicio de limpieza para la sede de CONAE en Bariloche.,Contratación Directa,28/11/2024 15:00 Hrs.,Adjudicado,15 - Subgerencia de Compras y Contrataciones,106 - Comisión Nacional de Actividades Espaciales,2026-10-10T18:26:20.637633
15-0031-CDI23,EX-2023-100155085-   -APN-GAYRRHH#CONAE,Contratación del servicio integral de limpieza para la Sede de la CONAE en San Carlos de Bariloche.,Contratación Directa,12/10/2023 15:00 Hrs.,Adjudicado,15 - Subgerencia de Compras y Contrataciones,106 - Comisión Nacional de Actividades Espaciales,2026-10-10T18:26:20.637633
15-0031-CDI24,EX-2024-122509374-   -APN-GAYRRHH#CONAE,"Servicio de actualización e implementación y mantenimiento del sistema ""Software INWeb""",Contratación Directa,05/12/2024 15:00 Hrs.,Adjudicado,15 - Subgerencia de Compras y Contrataciones,106 - Comisión Nacional de Actividades Espaciales,2026-10-10T18:26:20.637633
15-0032-CDI23,EX-2023-104644193-   -APN-GAYRRHH#CONAE,Servicio Posventa del sistema de RRHH y Servicio de acceso al Portal E-Recibo,Contratación Directa,21/09/2023 15:00 Hrs.,Adjudicado,15 - Subgerencia de Compras y Contrataciones,106 - Comisión Nacional de Actividades Espaciales,2026-10-10T18:26:20.637633
15-0032-CDI24,EX-2024-124589232-   -APN-GAYRRHH#CONAE,Adquisición de mangueras hidráulicas para la campaña antártica en la Base Belgrano II,Contratación Directa,25/11/2024 15:00 Hrs.,Dejado Sin Efecto,15 - Subgerencia de Compras y Contrataciones,106 - Comisión Nacional de Actividades Espaciales,2026-10-10T18:26:20.637633
15-0033-CDI23,EX-2023-107115497-   -APN-GAYRRHH#CONAE,SERVICIO RECARGA ANUAL DE EXTINTORES - SEDE CENTRAL y ANEXO BALCARCE CABA,Contratación Directa,01/11/2023 15:00 Hrs.,Adjudicado,15 - Subgerencia de Compras y Contrataciones,106 - Comisión Nacional de Actividades Espaciales,2026-10-10T18:26:20.637633
15-0033-CDI24,EX-2024-125473537-   -APN-GAYRRHH#CONAE,Servicio integral de limpieza para la Estación Terrena Tierra del Fuego,Contratación Directa,12/12/2024 11:00 Hrs.,Adjudicado,15 - Subgerencia de Compras y Contrataciones,106 - Comisión Nacional de Actividades Espaciales,2026-10-10T18:26:20.637633
15-0034-CDI23,EX-2023-111827351-   -APN-GAYRRHH#CONAE,Renovación de licencias de software ENVI y SARscape,Contratación Directa,18/12/2023 15:00 Hrs.,Adjudicado,15 - Subgerencia de Compras y Contrataciones,106 - Comisión Nacional de Actividades Espaciales,2026-10-10T18:26:20.637633
15-0034-CDI24,EX-2024-127837385-   -APN-GAYRRHH#CONAE,Indumentaria de trabajo y elementos de protección personal,Contratación Directa,17/12/2024 15:00 Hrs.,Adjudicado,15 - Subgerencia de Compras y Contrataciones,106 - Comisión Nacional de Actividades Espaciales,2026-10-10T18:26:20.637633
15-0035-CDI24,EX-2024-129325345-   -APN-GAYRRHH#CONAE,Mantenimiento sistemas de detección y alarma de incendios del Centro Espacial Teófilo Tabanera,Contratación Directa,06/01/2025 11:00 Hrs.,Adjudicado,15 - Subgerencia de Compras y Contrataciones,106 - Comisión Nacional de Actividades Espaciales,2026-10-10T18:26:20.637633
15-0036-CDI23,EX-2023-117346026-   -APN-GAYRRHH#CONAE,Adquisición de un módulo motorizado de impulsión y filtrado de aire,Contratación Directa,23/11/2023 15:00 Hrs.,Dejado Sin Efecto,15 - Subgerencia de Compras y Contrataciones,106 - Comisión Nacional de Actividades Espaciales,2026-10-10T18:26:20.637633
15-0036-CDI24,EX-2024-129394195-   -APN-GAYRRHH#CONAE,INSUMOS PARA CONTROL DE ACCESO,Contratación Directa,20/12/2024 15:00 Hrs.,Adjudicado,15 - Subgerencia de Compras y Contrataciones,106 - Comisión Nacional de Actividades Espaciales,2026-10-10T18:26:20.637633
15-0036-LPR22,EX-2022-101943673-   -APN-GAYRRHH#CONAE,Drones para la Gerencia de Gestión Tecnológica,Licitación Privada,06/01/2023 15:00 Hrs.,Fracasado,15 - Subgerencia de Compras y Contrataciones,106 - Comisión Nacional de Actividades Espaciales,2026-10-10T18:26:20.637633
15-0037-CDI23,EX-2023-129086374-   -APN-GAYRRHH#CONAE,Adquisición de repuestos y accesorios para equipos Cortex de las Estaciones Terrenas.,Contratación Directa,19/12/2023 11:00 Hrs.,Adjudicado,15 - Subgerencia de Compras y Contrataciones,106 - Comisión Nacional de Actividades Espaciales,2026-10-10T18:26:20.637633
15-0037-CDI24,EX-2024-130133469-   -APN-GAYRRHH#CONAE,Sensores de nivel de oxígeno para Laboratorios del CETT (LIE y LEA),Contratación Directa,10/01/2025 15:00 Hrs.,Dejado Sin Efecto,15 - Subgerencia de Compras y Contrataciones,106 - Comisión Nacional de Actividades Espaciales,2026-10-10T18:26:20.637633
15-0038-CDI23,EX-2023-129335036-   -APN-GAYRRHH#CONAE,LIMPIEZA DE TANQUES Y CISTERNA DE LA SEDE CENTRAL DE LA CONAE,Contratación Directa,18/12/2023 15:00 Hrs.,Adjudicado,15 - Subgerencia de Compras y Contrataciones,106 - Comisión Nacional de Actividades Espaciales,2026-10-10T18:26:20.637633
15-0038-CDI24,EX-2024-130172328-   -APN-GAYRRHH#CONAE,Servicio de consultoría para el mantenimiento y mejora del Plan de Seguridad de la Información,Contratación Directa,09/12/2024 11:00 Hrs.,Desierto,15 - Subgerencia de Compras y Contrataciones,106 - Comisión Nacional de Actividades Espaciales,2026-10-10T18:26:20.637633
15-0038-LPR22,EX-2022-112810251-   -APN-GAYRRHH#CONAE,Adquisición de una campana extractora de vapores para ensayos de hermeticidad de alta confiabilidad,Licitación Privada,17/02/2023 15:00 Hrs.,Adjudicado,15 - Subgerencia de Compras y Contrataciones,106 - Comisión Nacional de Actividades Espaciales,2026-10-10T18:26:20.637633
15-0039-CDI23,EX-2023-132876584-   -APN-GAYRRHH#CONAE,Adquisición de alambre de molibdeno,Contratación Directa,26/12/2023 15:00 Hrs.,Dejado Sin Efecto,15 - Subgerencia de Compras y Contrataciones,106 - Comisión Nacional de Actividades Espaciales,2026-10-10T18:26:20.637633
15-0039-CDI24,EX-2024-133418822-   -APN-GAYRRHH#CONAE,"Contratación del servicio de soporte, mantenimiento y actualización de la plataforma 3DExperience",Contratación Directa,10/12/2024 15:00 Hrs.,Adjudicado,15 - Subgerencia de Compras y Contrataciones,106 - Comisión Nacional de Actividades Espaciales,2026-10-10T18:26:20.637633
15-0039-LPR22,EX-2022-115034728-   -APN-GAYRRHH#CONAE,Adquisición de insumos de pinturería para trabajos de mantenimiento del C.E.T.T.,Licitación Privada,07/03/2023 15:00 Hrs.,Adjudicado,15 - Subgerencia de Compras y Contrataciones,106 - Comisión Nacional de Actividades Espaciales,2026-10-10T18:26:20.637633
15-0040-CDI24,EX-2024-139164760-   -APN-GAYRRHH#CONAE,Enlace de Internet simétrico Principal para Estación Terrena Tierra del Fuego,Contratación Directa,30/01/2025 15:00 Hrs.,Adjudicado,15 - Subgerencia de Compras y Contrataciones,106 - Comisión Nacional de Actividades Espaciales,2026-10-10T18:26:20.637633
15-0040-LPR22,EX-2022-120335890-   -APN-GAYRRHH#CONAE,Equipos basados en Radio Definida por SW,Licitación Privada,13/03/2023 11:00 Hrs.,Dejado Sin Efecto,15 - Subgerencia de Compras y Contrataciones,106 - Comisión Nacional de Actividades Espaciales,2026-10-10T18:26:20.637633
15-0041-CDI23,EX-2023-140001785-   -APN-GAYRRHH#CONAE,"Servicio de Policia Adicional para la localidad de Pipinas, Punta Indio.",Contratación Directa,14/12/2023 15:00 Hrs.,Adjudicado,15 - Subgerencia de Compras y Contrataciones,106 - Comisión Nacional de Actividades Espaciales,2026-10-10T18:26:20.637633
15-0041-LPR22,EX-2022-121228980-   -APN-GAYRRHH#CONAE,Adquisición de insumos de plomería para diferentes trabajos de mantenimiento de infraestructura.,Licitación Privada,02/02/2023 15:00 Hrs.,Adjudicado,15 - Subgerencia de Compras y Contrataciones,106 - Comisión Nacional de Actividades Espaciales,2026-10-10T18:26:20.637633
15-0042-LPR22,EX-2022-121387295-   -APN-GAYRRHH#CONAE,Adquisicion de Equipamiento digital para la medición de inclinaciones de alta precisión,Licitación Privada,24/04/2023 11:00 Hrs.,Dejado Sin Efecto,15 - Subgerencia de Compras y Contrataciones,106 - Comisión Nacional de Actividades Espaciales,2026-10-10T18:26:20.637633
15-0043-CDI23,EX-2023-152626244-   -APN-GAYRRHH#CONAE,Adquisición de la licencia anual en modo renta del software FEKO,Contratación Directa,23/02/2024 15:00 Hrs.,Adjudicado,15 - Subgerencia de Compras y Contrataciones,106 - Comisión Nacional de Actividades Espaciales,2026-10-10T18:26:20.637633
15-0043-LPR22,EX-2022-121453585-   -APN-GAYRRHH#CONAE,"Servicio de Asistencia, Soporte Técnico y Garantías para equipos DELL para la Misión SAOCOM",Licitación Privada,18/01/2023 11:00 Hrs.,Adjudicado,15 - Subgerencia de Compras y Contrataciones,106 - Comisión Nacional de Actividades Espaciales,2026-10-10T18:26:20.637633
15-0044-CDI23,EX-2023-152654729-   -APN-GAYRRHH#CONAE,Termocuplas para horno TAV ubicado en Laboratorio de Brazing y Tratamientos Térmicos.,Contratación Directa,09/02/2024 15:00 Hrs.,Dejado Sin Efecto,15 - Subgerencia de Compras y Contrataciones,106 - Comisión Nacional de Actividades Espaciales,2026-10-10T18:26:20.637633
15-0045-CDI23,EX-2023-152740179-   -APN-GAYRRHH#CONAE,Fuentes para Switches Dell N3000,Contratación Directa,08/04/2024 15:00 Hrs.,Adjudicado,15 - Subgerencia de Compras y Contrataciones,106 - Comisión Nacional de Actividades Espaciales,2026-10-10T18:26:20.637633
15-0045-LPR22,EX-2022-123425665-   -APN-GAYRRHH#CONAE,Adquisición de dispositivos de bloqueo para energías peligrosas,Licitación Privada,03/02/2023 15:00 Hrs.,Adjudicado,15 - Subgerencia de Compras y Contrataciones,106 - Comisión Nacional de Actividades Espaciales,2026-10-10T18:26:20.637633
15-0046-CDI23,EX-2023-153289692-   -APN-GAYRRHH#CONAE,Armario con banco de trabajo Metálico con porta Herramientas para Taller.,Contratación Directa,06/02/2024 15:00 Hrs.,Adjudicado,15 - Subgerencia de Compras y Contrataciones,106 - Comisión Nacional de Actividades Espaciales,2026-10-10T18:26:20.637633
15-0046-LPR22,EX-2022-123714701-   -APN-GAYRRHH#CONAE,Caudalímetros tipo turbina y tipo coriolis para equipar banco de ensayos para turbobombas.,Licitación Privada,27/01/2023 11:00 Hrs.,Adjudicado,15 - Subgerencia de Compras y Contrataciones,106 - Comisión Nacional de Actividades Espaciales,2026-10-10T18:26:20.637633
15-0048-LPR22,EX-2022-130447075-   -APN-GAYRRHH#CONAE,Adquisición de nitrógeno industrial líquido para abastecer las cámaras de termo vacío.,Licitación Privada,27/01/2023 15:00 Hrs.,Adjudicado,15 - Subgerencia de Compras y Contrataciones,106 - Comisión Nacional de Actividades Espaciales,2026-10-10T18:26:20.637633
15-0048-LPU22,EX-2022-112764810-   -APN-GAYRRHH#CONAE,Adquisición de gases refrigerantes para el mantenimiento de equipos de aire acondicionado.,Licitación Pública,16/01/2023 15:00 Hrs.,Adjudicado,15 - Subgerencia de Compras y Contrataciones,106 - Comisión Nacional de Actividades Espaciales,2026-10-10T18:26:20.637633
15-0049-LPR22,EX-2022-138454856-   -APN-GAYRRHH#CONAE,CONTRATACION SISTEMA HIDRONEUMATICO DE BOMBEO - SEDE CENTRAL,Licitación Privada,05/04/2023 11:00 Hrs.,Dejado Sin Efecto,15 - Subgerencia de Compras y Contrataciones,106 - Comisión Nacional de Actividades Espaciales,2026-10-10T18:26:20.637633
15-0049-LPU22,EX-2022-114019671-   -APN-GAYRRHH#CONAE,Adquisición de equipamiento informático para actualizar el utilizado .,Licitación Pública,20/01/2023 15:00 Hrs.,Adjudicado,15 - Subgerencia de Compras y Contrataciones,106 - Comisión Nacional de Actividades Espaciales,2026-10-10T18:26:20.637633
15-0050-LPR22,EX-2022-139006341-   -APN-GAYRRHH#CONAE,"Servicio de tratamiento integral de desinsectación, desratización y desinfección.",Licitación Privada,03/02/2023 15:00 Hrs.,Adjudicado,15 - Subgerencia de Compras y Contrataciones,106 - Comisión Nacional de Actividades Espaciales,2026-10-10T18:26:20.637633
15-0050-LPU22,EX-2022-115530924-   -APN-GAYRRHH#CONAE,Adquisición de tanques de RP1 y LOX para el Centro Espacial Punta Indio (CEPI).,Licitación Pública,29/03/2023 15:00 Hrs.,Dejado Sin Efecto,15 - Subgerencia de Compras y Contrataciones,106 - Comisión Nacional de Actividades Espaciales,2026-10-10T18:26:20.637633
15-0051-LPR22,EX-2022-139540800-   -APN-GAYRRHH#CONAE,Servicio de conservación y mantenimiento para los dos ascensores en funcionamiento en la S.Central.,Licitación Privada,10/02/2023 15:00 Hrs.,Adjudicado,15 - Subgerencia de Compras y Contrataciones,106 - Comisión Nacional de Actividades Espaciales,2026-10-10T18:26:20.637633
15-0052-LPR22,EX-2022-140102212-   -APN-GAYRRHH#CONAE,"Licencias Veeam B&R para la Subgerencia de Informática, Servicios de Datos y Telecomunicaciones",Licitación Privada,06/03/2023 15:00 Hrs.,Adjudicado,15 - Subgerencia de Compras y Contrataciones,106 - Comisión Nacional de Actividades Espaciales,2026-10-10T18:26:20.637633
15-0052-LPU22,EX-2022-117727716-   -APN-GAYRRHH#CONAE,Adquisición de instrumentos de medición electrónica para el LEA,Licitación Pública,20/03/2023 11:00 Hrs.,Adjudicado,15 - Subgerencia de Compras y Contrataciones,106 - Comisión Nacional de Actividades Espaciales,2026-10-10T18:26:20.637633
15-0053-LPU22,EX-2022-118131442-   -APN-GAYRRHH#CONAE,Equipamiento para Microsección y Análisis Metalográficos,Licitación Pública,13/01/2023 11:00 Hrs.,Adjudicado,15 - Subgerencia de Compras y Contrataciones,106 - Comisión Nacional de Actividades Espaciales,2026-10-10T18:26:20.637633
15-0054-LPU22,EX-2022-118825559-   -APN-GAYRRHH#CONAE,Dron de imagen hiperespectral aérea y LiDAR,Licitación Pública,06/03/2023 15:00 Hrs.,Adjudicado,15 - Subgerencia de Compras y Contrataciones,106 - Comisión Nacional de Actividades Espaciales,2026-10-10T18:26:20.637633
15-0056-LPU22,EX-2022-124819162-   -APN-GAYRRHH#CONAE,"Servicio de asistencia, soporte técnico y garantías para equipos Hewlett Packard Enterprise (HPE)",Licitación Pública,13/02/2023 11:00 Hrs.,Adjudicado,15 - Subgerencia de Compras y Contrataciones,106 - Comisión Nacional de Actividades Espaciales,2026-10-10T18:26:20.637633
15-0057-LPU22,EX-2022-124869947-   -APN-GAYRRHH#CONAE,Adquisición de equipamiento informático para la GOT,Licitación Pública,05/04/2023 15:00 Hrs.,Dejado Sin Efecto,15 - Subgerencia de Compras y Contrataciones,106 - Comisión Nacional de Actividades Espaciales,2026-10-10T18:26:20.637633
15-0058-LPU22,EX-2022-130618951-   -APN-GAYRRHH#CONAE,"Servicio de limpieza para el Centro Espacial Teófilo Tabanera, sito en la provincia de Córdoba",Licitación Pública,04/01/2023 11:00 Hrs.,Adjudicado,15 - Subgerencia de Compras y Contrataciones,106 - Comisión Nacional de Actividades Espaciales,2026-10-10T18:26:20.637633
15-0059-LPU22,EX-2022-131010042-   -APN-GAYRRHH#CONAE,"Adquisición de equipamiento, accesorios y elementos de protección personal",Licitación Pública,24/02/2023 15:00 Hrs.,Adjudicado,15 - Subgerencia de Compras y Contrataciones,106 - Comisión Nacional de Actividades Espaciales,2026-10-10T18:26:20.637633
15-0060-LPU22,EX-2022-132975164-   -APN-GAYRRHH#CONAE,Adquisición de un Simulador GNSS Portable,Licitación Pública,21/04/2023 11:00 Hrs.,Dejado Sin Efecto,15 - Subgerencia de Compras y Contrataciones,106 - Comisión Nacional de Actividades Espaciales,2026-10-10T18:26:20.637633
15-0062-LPU22,EX-2022-138444077-   -APN-GAYRRHH#CONAE,LICENCIAS MICROSOFT 365 IP&GV Y SERVICIOS CONEXOS,Licitación Pública,05/05/2023 15:00 Hrs.,Adjudicado,15 - Subgerencia de Compras y Contrataciones,106 - Comisión Nacional de Actividades Espaciales,2026-10-10T18:26:20.637633
15-0063-LPU22,EX-2022-138447373-   -APN-GAYRRHH#CONAE,Equipamiento Auxiliar para LEA,Licitación Pública,06/02/2023 15:00 Hrs.,Adjudicado,15 - Subgerencia de Compras y Contrataciones,106 - Comisión Nacional de Actividades Espaciales,2026-10-10T18:26:20.637633
15-0064-LPU22,EX-2022-138479943-   -APN-GAYRRHH#CONAE,PROVISIÓN DE VIANDAS DE ALMUERZO PARA EL PERSONAL DE LA SEDE CENTRAL DE LA CONAE,Licitación Pública,31/01/2023 11:00 Hrs.,Adjudicado,15 - Subgerencia de Compras y Contrataciones,106 - Comisión Nacional de Actividades Espaciales,2026-10-10T18:26:20.637633
15-0065-LPU22,EX-2022-138495716-   -APN-GAYRRHH#CONAE,SERVICIO DE MEDICINA EN EL TRABAJO PARA EL CENTRO ESPACIAL TEÓFILO TABANERA,Licitación Pública,07/03/2023 11:00 Hrs.,Adjudicado,15 - Subgerencia de Compras y Contrataciones,106 - Comisión Nacional de Actividades Espaciales,2026-10-10T18:26:20.637633
15-0069-CDI22,EX-2022-116837721-   -APN-GAYRRHH#CONAE,Pelacables Térmicos para Centro de Capacitación de Workmanship y Área de Prototipado y Producción,Contratación Directa,16/01/2023 11:00 Hrs.,Adjudicado,15 - Subgerencia de Compras y Contrataciones,106 - Comisión Nacional de Actividades Espaciales,2026-10-10T18:26:20.637633
15-0070-CDI22,EX-2022-118408308-   -APN-GAYRRHH#CONAE,Actualización del software para el Equipo CORTEX F261140,Contratación Directa,20/01/2023 15:00 Hrs.,Adjudicado,15 - Subgerencia de Compras y Contrataciones,106 - Comisión Nacional de Actividades Espaciales,2026-10-10T18:26:20.637633
15-0072-CDI22,EX-2022-123294305-   -APN-GAYRRHH#CONAE,Renovación de licencia Webex,Contratación Directa,01/02/2023 15:00 Hrs.,Adjudicado,15 - Subgerencia de Compras y Contrataciones,106 - Comisión Nacional de Actividades Espaciales,2026-10-10T18:26:20.637633
15-0073-CDI22,EX-2022-124539428-   -APN-GAYRRHH#CONAE,"MANTENIMIENTO ANUAL DE EXTINTORES, PRUEBAS HIDRAULICAS Y REPOSICION DE AGENTE PARA EXTINTORES PARA C",Contratación Directa,08/02/2023 15:00 Hrs.,Adjudicado,15 - Subgerencia de Compras y Contrataciones,106 - Comisión Nacional de Actividades Espaciales,2026-10-10T18:26:20.637633
15-0076-CDI22,EX-2022-126753800-   -APN-GAYRRHH#CONAE,Provisión de botellones de agua de mesa tratada y purificada sin gasificar envasada en botellones.,Contratación Directa,31/01/2023 15:00 Hrs.,Adjudicado,15 - Subgerencia de Compras y Contrataciones,106 - Comisión Nacional de Actividades Espaciales,2026-10-10T18:26:20.637633
15-0077-CDI22,EX-2022-130525663-   -APN-GAYRRHH#CONAE,Licencia de software LabView para el Laboratorio de Investigación y Desarrollo Electrónico,Contratación Directa,20/04/2023 15:00 Hrs.,Dejado Sin Efecto,15 - Subgerencia de Compras y Contrataciones,106 - Comisión Nacional de Actividades Espaciales,2026-10-10T18:26:20.637633
15-0078-CDI22,EX-2022-131136769-   -APN-GAYRRHH#CONAE,Equipamiento para laboratorio óptico requerido plan ensayos HSC del Proyecto SABIA-Mar,Contratación Directa,03/02/2023 11:00 Hrs.,Adjudicado,15 - Subgerencia de Compras y Contrataciones,106 - Comisión Nacional de Actividades Espaciales,2026-10-10T18:26:20.637633
15-0079-CDI22,EX-2022-137472291-   -APN-GAYRRHH#CONAE,Normas ISO - IDE CONAE,Contratación Directa,12/01/2023 15:00 Hrs.,Adjudicado,15 - Subgerencia de Compras y Contrataciones,106 - Comisión Nacional de Actividades Espaciales,2026-10-10T18:26:20.637633
15-0080-CDI22,EX-2022-138395368-   -APN-GAYRRHH#CONAE,Capacitación para mandos medios de la CONAE brindada por la UNSAM,Contratación Directa,12/01/2023 11:00 Hrs.,Adjudicado,15 - Subgerencia de Compras y Contrataciones,106 - Comisión Nacional de Actividades Espaciales,2026-10-10T18:26:20.637633
15-0081-CDI22,EX-2022-138433657-   -APN-GAYRRHH#CONAE,Tareas para la apertura y publicación del código fuente del software 2Mp de la CONAE,Contratación Directa,13/01/2023 11:00 Hrs.,Adjudicado,15 - Subgerencia de Compras y Contrataciones,106 - Comisión Nacional de Actividades Espaciales,2026-10-10T18:26:20.637633
15-0082-CDI22,EX-2022-138641963-   -APN-GAYRRHH#CONAE,Servicio de conservación y mantenimiento para los ascensores en funcionamiento del CETT.,Contratación Directa,14/02/2023 15:00 Hrs.,Adjudicado,15 - Subgerencia de Compras y Contrataciones,106 - Comisión Nacional de Actividades Espaciales,2026-10-10T18:26:20.637633
15-0083-CDI22,EX-2022-138911887-   -APN-GAYRRHH#CONAE,Renovación del servicio de recepción y almacenamiento temporario de datos relevados por la red de li,Contratación Directa,20/01/2023 15:00 Hrs.,Disponible Para Adjudicar,15 - Subgerencia de Compras y Contrataciones,106 - Comisión Nacional de Actividades Espaciales,2026-10-10T18:26:20.637633
15-0084-CDI22,EX-2022-139073637-   -APN-GAYRRHH#CONAE,Renovación de licencias de software ENVI + SARScape para uso técnico de la Gerencia de Observación,Contratación Directa,24/02/2023 15:00 Hrs.,Pendiente Adjudicaci?n,15 - Subgerencia de Compras y Contrataciones,106 - Comisión Nacional de Actividades Espaciales,2026-10-10T18:26:20.637633
142-0001-CDI23,EX-2023-04265236-   -APN-DCYC#MCT,"Convenio Interadministrativo con EUDEBA impresión ""Anuario estadístico 2021""",Contratación Directa,27/01/2023 12:00 Hrs.,Adjudicado,"142/000 –Subsecretaria de Gestión Administrativa de Innovación, Ciencia y Tecnología","336 - SECRETARÍA DE INNOVACIÓN, CIENCIA Y TECNOLOGÍA",2026-10-10T18:27:10.174184
142-0001-CDI25,EX-2025-23714472-   -APN-DAYFICYT#JGM,Suscripción a las publicaciones de elDial.com “Biblioteca Jurídica online”,Contratación Directa,21/03/2025 16:00 Hrs.,Adjudicado,"142/000 –Subsecretaria de Gestión Administrativa de Innovación, Ciencia y Tecnología","336 - SECRETARÍA DE INNOVACIÓN, CIENCIA Y TECNOLOGÍA",2026-10-10T18:27:10.174184
142-0001-LPR23,EX-2023-05266271-   -APN-DCYC#MCT,Adquisición de calzado de seguridad,Licitación Privada,14/02/2023 10:00 Hrs.,Adjudicado,"142/000 –Subsecretaria de Gestión Administrativa de Innovación, Ciencia y Tecnología","336 - SECRETARÍA DE INNOVACIÓN, CIENCIA Y TECNOLOGÍA",2026-10-10T18:27:10.174184
142-0001-LPR25,EX-2025-04604027-   -APN-DAYFICYT#JGM,Servicio de soporte y mantenimiento del sistema de adm de recursos humanos y liquidación de haberes,Licitación Privada,19/02/2025 13:00 Hrs.,Adjudicado,"142/000 –Subsecretaria de Gestión Administrativa de Innovación, Ciencia y Tecnología","336 - SECRETARÍA DE INNOVACIÓN, CIENCIA Y TECNOLOGÍA",2026-10-10T18:27:10.174184
142-0001-LPU23,EX-2023-11786199-   -APN-DCYC#MCT,servicio de mantenimiento General Integral para el Edificio CERO + INFINITO,Licitación Pública,06/03/2023 13:00 Hrs.,Adjudicado,"142/000 –Subsecretaria de Gestión Administrativa de Innovación, Ciencia y Tecnología","336 - SECRETARÍA DE INNOVACIÓN, CIENCIA Y TECNOLOGÍA",2026-10-10T18:27:10.174184
142-0001-LPU25,EX-2025-09535537-   -APN-DAYFICYT#JGM,"Servicios de seguridad integral, servicios de seguridad adicional y servicios de video vigilancia",Licitación Pública,31/03/2025 13:00 Hrs.,Dejado Sin Efecto,"142/000 –Subsecretaria de Gestión Administrativa de Innovación, Ciencia y Tecnología","336 - SECRETARÍA DE INNOVACIÓN, CIENCIA Y TECNOLOGÍA",2026-10-10T18:27:10.174184
142-0002-LPR23,EX-2023-09482148-   -APN-DCYC#MCT,"Servicio de catering para la Dirección Nacional de Desatollo,Tecnológico e Innovación",Licitación Privada,17/02/2023 13:00 Hrs.,Disponible Para Adjudicar,"142/000 –Subsecretaria de Gestión Administrativa de Innovación, Ciencia y Tecnología","336 - SECRETARÍA DE INNOVACIÓN, CIENCIA Y TECNOLOGÍA",2026-10-10T18:27:10.174184
142-0002-LPR25,EX-2025-20293936-   -APN-DAYFICYT#JGM,Servicio de enlaces de internet y enlaces LAN TO LAN - SICYT,Licitación Privada,23/04/2025 12:00 Hrs.,Adjudicado,"142/000 –Subsecretaria de Gestión Administrativa de Innovación, Ciencia y Tecnología","336 - SECRETARÍA DE INNOVACIÓN, CIENCIA Y TECNOLOGÍA",2026-10-10T18:27:10.174184
142-0002-LPU23,EX-2023-44006607-   -APN-DCYC#MCT,Contratación del Servicio para Muestra Entomología (Bichos) – Tecnopolis 2023,Licitación Pública,23/05/2023 12:00 Hrs.,Dejado Sin Efecto,"142/000 –Subsecretaria de Gestión Administrativa de Innovación, Ciencia y Tecnología","336 - SECRETARÍA DE INNOVACIÓN, CIENCIA Y TECNOLOGÍA",2026-10-10T18:27:10.174184
142-0003-CDI23,EX-2023-17917074-   -APN-DCYC#MCT,Convenio con la Universidad de Quilmes,Contratación Directa,08/05/2023 12:00 Hrs.,Adjudicado,"142/000 –Subsecretaria de Gestión Administrativa de Innovación, Ciencia y Tecnología","336 - SECRETARÍA DE INNOVACIÓN, CIENCIA Y TECNOLOGÍA",2026-10-10T18:27:10.174184
142-0003-LPR23,EX-2023-09942047-   -APN-DCYC#MCT,Adquisición de medallas de distinción 2023,Licitación Privada,14/03/2023 15:00 Hrs.,Dejado Sin Efecto,"142/000 –Subsecretaria de Gestión Administrativa de Innovación, Ciencia y Tecnología","336 - SECRETARÍA DE INNOVACIÓN, CIENCIA Y TECNOLOGÍA",2026-10-10T18:27:10.174184
142-0003-LPU23,EX-2023-44081342-   -APN-DCYC#MCT,Contratación del Servicio para Muestra Paleontología – Tecnopolis 2023,Licitación Pública,29/05/2023 12:00 Hrs.,Dejado Sin Efecto,"142/000 –Subsecretaria de Gestión Administrativa de Innovación, Ciencia y Tecnología","336 - SECRETARÍA DE INNOVACIÓN, CIENCIA Y TECNOLOGÍA",2026-10-10T18:27:10.174184
142-0003-LPU26,EX-2026-14831371-   -APN-DAYFICYT#JGM,contratación de una plataforma tecnológica de monitoreo y gestión institucional,Licitación Pública,31/03/2026 11:00 Hrs.,Adjudicado,"142/000 –Subsecretaria de Gestión Administrativa de Innovación, Ciencia y Tecnología","336 - SECRETARÍA DE INNOVACIÓN, CIENCIA Y TECNOLOGÍA",2026-10-10T18:27:10.174184
142-0004-CDI23,EX-2023-34043785-   -APN-DCYC#MCT,Convenio Interadministrativo con EUDEBA,Contratación Directa,11/05/2023 11:00 Hrs.,Adjudicado,"142/000 –Subsecretaria de Gestión Administrativa de Innovación, Ciencia y Tecnología","336 - SECRETARÍA DE INNOVACIÓN, CIENCIA Y TECNOLOGÍA",2026-10-10T18:27:10.174184
142-0004-LPR23,EX-2023-18044687-   -APN-DCYC#MCT,Servicio de Catering para las reuniones DNPRPR,Licitación Privada,10/03/2023 13:00 Hrs.,Disponible Para Adjudicar,"142/000 –Subsecretaria de Gestión Administrativa de Innovación, Ciencia y Tecnología","336 - SECRETARÍA DE INNOVACIÓN, CIENCIA Y TECNOLOGÍA",2026-10-10T18:27:10.174184
142-0004-LPR25,EX-2025-92900390-   -APN-DAYFICYT#JGM,Servicio de envío postal de Cartas Documento,Licitación Privada,22/10/2025 12:00 Hrs.,Adjudicado,"142/000 –Subsecretaria de Gestión Administrativa de Innovación, Ciencia y Tecnología","336 - SECRETARÍA DE INNOVACIÓN, CIENCIA Y TECNOLOGÍA",2026-10-10T18:27:10.174184
142-0004-LPU23,EX-2023-59229861-   -APN-DCYC#MCT,Servicio de Producción Integral para la muestra FABRICA 2023,Licitación Pública,16/06/2023 11:00 Hrs.,Dejado Sin Efecto,"142/000 –Subsecretaria de Gestión Administrativa de Innovación, Ciencia y Tecnología","336 - SECRETARÍA DE INNOVACIÓN, CIENCIA Y TECNOLOGÍA",2026-10-10T18:27:10.174184
142-0005-CDI23,EX-2023-42946994-   -APN-DCYC#MCT,Adquisición a la firma DRIPLAN S.A. de 11 baterías para DEA Primedic HeartSave AS,Contratación Directa,15/05/2023 12:00 Hrs.,Dejado Sin Efecto,"142/000 –Subsecretaria de Gestión Administrativa de Innovación, Ciencia y Tecnología","336 - SECRETARÍA DE INNOVACIÓN, CIENCIA Y TECNOLOGÍA",2026-10-10T18:27:10.174184
142-0005-LPR25,EX-2025-110329642-   -APN-DAYFICYT#JGM,Adquisición de útiles y artículos de librería,Licitación Privada,13/11/2025 12:00 Hrs.,Adjudicado,"142/000 –Subsecretaria de Gestión Administrativa de Innovación, Ciencia y Tecnología","336 - SECRETARÍA DE INNOVACIÓN, CIENCIA Y TECNOLOGÍA",2026-10-10T18:27:10.174184
142-0005-LPU23,EX-2023-61516579-   -APN-DCYC#MCT,Servicio de limpieza integral para la sede Tecnópolis,Licitación Pública,07/07/2023 15:00 Hrs.,Adjudicado,"142/000 –Subsecretaria de Gestión Administrativa de Innovación, Ciencia y Tecnología","336 - SECRETARÍA DE INNOVACIÓN, CIENCIA Y TECNOLOGÍA",2026-10-10T18:27:10.174184
142-0005-LPU25,EX-2025-32566755-   -APN-DAYFICYT#JGM,Servicio de renovación de las licencias tecnológicas Oracle y soporte técnico y actualización,Licitación Pública,18/07/2025 14:00 Hrs.,Adjudicado,"142/000 –Subsecretaria de Gestión Administrativa de Innovación, Ciencia y Tecnología","336 - SECRETARÍA DE INNOVACIÓN, CIENCIA Y TECNOLOGÍA",2026-10-10T18:27:10.174184
142-0006-CDI23,EX-2023-45703608-   -APN-DCYC#MCT,SERVICIO DE MANTENIMIENTO SISTEMA DE RENDICIONES DE CUENTAS MINCYT,Contratación Directa,09/05/2023 14:00 Hrs.,Adjudicado,"142/000 –Subsecretaria de Gestión Administrativa de Innovación, Ciencia y Tecnología","336 - SECRETARÍA DE INNOVACIÓN, CIENCIA Y TECNOLOGÍA",2026-10-10T18:27:10.174184
142-0006-LPR23,EX-2023-27809501-   -APN-DCYC#MCT,Adquisición medallas de distinción,Licitación Privada,10/04/2023 15:00 Hrs.,Dejado Sin Efecto,"142/000 –Subsecretaria de Gestión Administrativa de Innovación, Ciencia y Tecnología","336 - SECRETARÍA DE INNOVACIÓN, CIENCIA Y TECNOLOGÍA",2026-10-10T18:27:10.174184
142-0006-LPR25,EX-2025-122720491-   -APN-DAYFICYT#JGM,Adquisición de computadoras del tipo “clientes delgados”,Licitación Privada,12/02/2026 12:00 Hrs.,Disponible Para Adjudicar,"142/000 –Subsecretaria de Gestión Administrativa de Innovación, Ciencia y Tecnología","336 - SECRETARÍA DE INNOVACIÓN, CIENCIA Y TECNOLOGÍA",2026-10-10T18:27:10.174184
142-0006-LPU23,EX-2023-68484683-   -APN-DCYC#MCT,Servicio de Proyecto de Diseño y Producción Integral de la 18ª edición del Concurso Innovar 2023,Licitación Pública,07/08/2023 12:00 Hrs.,Adjudicado,"142/000 –Subsecretaria de Gestión Administrativa de Innovación, Ciencia y Tecnología","336 - SECRETARÍA DE INNOVACIÓN, CIENCIA Y TECNOLOGÍA",2026-10-10T18:27:10.174184
142-0007-CDI23,EX-2023-59812337-   -APN-DCYC#MCT,Convenio con la Universidad Nacional de San Martín,Contratación Directa,03/08/2023 14:00 Hrs.,Adjudicado,"142/000 –Subsecretaria de Gestión Administrativa de Innovación, Ciencia y Tecnología","336 - SECRETARÍA DE INNOVACIÓN, CIENCIA Y TECNOLOGÍA",2026-10-10T18:27:10.174184
142-0007-CDI25,EX-2025-116212500-   -APN-DAYFICYT#JGM,"SERVICIO DE MANTENIMIENTO, REPARACIÓN Y ACTUALIZACION DE SISTEMA DE DATOS BIOMETRICOS SDK",Contratación Directa,27/11/2025 14:30 Hrs.,Adjudicado,"142/000 –Subsecretaria de Gestión Administrativa de Innovación, Ciencia y Tecnología","336 - SECRETARÍA DE INNOVACIÓN, CIENCIA Y TECNOLOGÍA",2026-10-10T18:27:10.174184
142-0007-LPU23,EX-2023-68684807-   -APN-DCYC#MCT,Adquisición de Técnica para diferentes espacios del MINCYT en el Parque Tecnópolis 2023,Licitación Pública,02/08/2023 14:00 Hrs.,Adjudicado,"142/000 –Subsecretaria de Gestión Administrativa de Innovación, Ciencia y Tecnología","336 - SECRETARÍA DE INNOVACIÓN, CIENCIA Y TECNOLOGÍA",2026-10-10T18:27:10.174184
142-0007-LPU25,EX-2025-33950779-   -APN-DAYFICYT#JGM,"Servicio de mantenimiento integral programado, preventivo y correctivo, de la Sala Cofre certificada",Licitación Pública,30/06/2025 13:00 Hrs.,Adjudicado,"142/000 –Subsecretaria de Gestión Administrativa de Innovación, Ciencia y Tecnología","336 - SECRETARÍA DE INNOVACIÓN, CIENCIA Y TECNOLOGÍA",2026-10-10T18:27:10.174184
142-0008-CDI23,EX-2023-61961908-   -APN-DCYC#MCT,Servicio armando de Stand para la Exposición de Parques Industriales Nacional de Internacionales,Contratación Directa,30/06/2023 15:00 Hrs.,Adjudicado,"142/000 –Subsecretaria de Gestión Administrativa de Innovación, Ciencia y Tecnología","336 - SECRETARÍA DE INNOVACIÓN, CIENCIA Y TECNOLOGÍA",2026-10-10T18:27:10.174184
142-0008-CDI25,EX-2025-116904831-   -APN-DAYFICYT#JGM,ADQUISICION DE UNA (1) NOTEBOOK CON DESTINO AL CONCURSO “CONTAR CON DATOS 2025”,Contratación Directa,28/11/2025 14:00 Hrs.,Dejado Sin Efecto,"142/000 –Subsecretaria de Gestión Administrativa de Innovación, Ciencia y Tecnología","336 - SECRETARÍA DE INNOVACIÓN, CIENCIA Y TECNOLOGÍA",2026-10-10T18:27:10.174184
142-0008-LPR23,EX-2023-28945600-   -APN-DCYC#MCT,Servicio de Catering – DNOyPI,Licitación Privada,14/04/2023 12:00 Hrs.,Adjudicado,"142/000 –Subsecretaria de Gestión Administrativa de Innovación, Ciencia y Tecnología","336 - SECRETARÍA DE INNOVACIÓN, CIENCIA Y TECNOLOGÍA",2026-10-10T18:27:10.174184
142-0008-LPU23,EX-2023-59229861-   -APN-DCYC#MCT,Servicio de Producción Integral para la muestra FABRICA 2023,Licitación Pública,02/08/2023 14:00 Hrs.,Adjudicado,"142/000 –Subsecretaria de Gestión Administrativa de Innovación, Ciencia y Tecnología","336 - SECRETARÍA DE INNOVACIÓN, CIENCIA Y TECNOLOGÍA",2026-10-10T18:27:10.174184
142-0008-LPU25,EX-2025-34469249-   -APN-DAYFICYT#JGM,Servicio de renovación de soporte de Hardware y Software de la solución Oracle y el soporte técnico,Licitación Pública,30/06/2025 14:00 Hrs.,Adjudicado,"142/000 –Subsecretaria de Gestión Administrativa de Innovación, Ciencia y Tecnología","336 - SECRETARÍA DE INNOVACIÓN, CIENCIA Y TECNOLOGÍA",2026-10-10T18:27:10.174184
142-0009-CDI23,EX-2023-63989225-   -APN-DCYC#MCT,Adquisición a la fi rma DRIPLAN S.A. de baterías para DEA Primedic HeartSave AS,Contratación Directa,28/06/2023 11:00 Hrs.,Dejado Sin Efecto,"142/000 –Subsecretaria de Gestión Administrativa de Innovación, Ciencia y Tecnología","336 - SECRETARÍA DE INNOVACIÓN, CIENCIA Y TECNOLOGÍA",2026-10-10T18:27:10.174184
142-0009-LPR23,EX-2023-29543508-   -APN-DCYC#MCT,Adquisición de un (1) Servidor y su respectiva configuración y puesta en marcha para MINCYT,Licitación Privada,12/04/2023 12:00 Hrs.,Adjudicado,"142/000 –Subsecretaria de Gestión Administrativa de Innovación, Ciencia y Tecnología","336 - SECRETARÍA DE INNOVACIÓN, CIENCIA Y TECNOLOGÍA",2026-10-10T18:27:10.174184
142-0009-LPU23,EX-2023-102186642-   -APN-DCYC#MCT,Adquisicion de Termotanques Solares,Licitación Pública,20/10/2023 11:00 Hrs.,Adjudicado,"142/000 –Subsecretaria de Gestión Administrativa de Innovación, Ciencia y Tecnología","336 - SECRETARÍA DE INNOVACIÓN, CIENCIA Y TECNOLOGÍA",2026-10-10T18:27:10.174184
142-0010-CDI23,EX-2023-88743625-   -APN-DCYC#MCT,Convenio con la Universidad Nacional General Sarmiento,Contratación Directa,17/10/2023 11:00 Hrs.,Desierto,"142/000 –Subsecretaria de Gestión Administrativa de Innovación, Ciencia y Tecnología","336 - SECRETARÍA DE INNOVACIÓN, CIENCIA Y TECNOLOGÍA",2026-10-10T18:27:10.174184
142-0011-CDI25,EX-2025-123809875-   -APN-DAYFICYT#JGM,Seguro colectivo de vida obligatorio y accidentes personales,Contratación Directa,18/02/2026 12:00 Hrs.,Adjudicado,"142/000 –Subsecretaria de Gestión Administrativa de Innovación, Ciencia y Tecnología","336 - SECRETARÍA DE INNOVACIÓN, CIENCIA Y TECNOLOGÍA",2026-10-10T18:27:10.174184
142-0011-LPR23,EX-2023-39327672-   -APN-DCYC#MCT,Provisión de Viandas para el personal de los distintos espacios de Tecnopolis 2023,Licitación Privada,12/05/2023 15:00 Hrs.,Dejado Sin Efecto,"142/000 –Subsecretaria de Gestión Administrativa de Innovación, Ciencia y Tecnología","336 - SECRETARÍA DE INNOVACIÓN, CIENCIA Y TECNOLOGÍA",2026-10-10T18:27:10.174184
142-0011-LPU23,EX-2023-108461720-   -APN-DCYC#MCT,Servicio de Mantenimiento Correctivo de Hardware y Servicio de Mantenimiento de Software,Licitación Pública,06/10/2023 12:00 Hrs.,Adjudicado,"142/000 –Subsecretaria de Gestión Administrativa de Innovación, Ciencia y Tecnología","336 - SECRETARÍA DE INNOVACIÓN, CIENCIA Y TECNOLOGÍA",2026-10-10T18:27:10.174184
142-0011-LPU25,EX-2025-45453035-   -APN-DAYFICYT#JGM,SERVICIO INTEGRAL DE MEDICINA LABORAL,Licitación Pública,21/07/2025 14:00 Hrs.,Adjudicado,"142/000 –Subsecretaria de Gestión Administrativa de Innovación, Ciencia y Tecnología","336 - SECRETARÍA DE INNOVACIÓN, CIENCIA Y TECNOLOGÍA",2026-10-10T18:27:10.174184
142-0012-CDI23,EX-2023-100013238-   -APN-DCYC#MCT,Contratación del servicio de Internet con la firma ARSAT S.A – TECNÓPOLIS,Contratación Directa,21/09/2023 12:00 Hrs.,Adjudicado con doc. contractuales generados,"142/000 –Subsecretaria de Gestión Administrativa de Innovación, Ciencia y Tecnología","336 - SECRETARÍA DE INNOVACIÓN, CIENCIA Y TECNOLOGÍA",2026-10-10T18:27:10.174184
142-0012-CDI25,EX-2025-128635863-   -APN-DAYFICYT#JGM,"Servicio de Nube Profesional, Nube Híbrida y Servicio Técnico Especializado con la empresa ARSAT.",Contratación Directa,16/12/2025 14:00 Hrs.,Adjudicado,"142/000 –Subsecretaria de Gestión Administrativa de Innovación, Ciencia y Tecnología","336 - SECRETARÍA DE INNOVACIÓN, CIENCIA Y TECNOLOGÍA",2026-10-10T18:27:10.174184
142-0012-LPR23,EX-2023-41834480-   -APN-DCYC#MCT,SERVICIO DE MEDICINA LABORAL.-,Licitación Privada,15/05/2023 14:00 Hrs.,Adjudicado,"142/000 –Subsecretaria de Gestión Administrativa de Innovación, Ciencia y Tecnología","336 - SECRETARÍA DE INNOVACIÓN, CIENCIA Y TECNOLOGÍA",2026-10-10T18:27:10.174184
142-0013-CDI23,EX-2023-101308800-   -APN-DCYC#MCT,Convenio con INVAP Proyecto LLAMA - Etapa 2,Contratación Directa,15/09/2023 12:00 Hrs.,Adjudicado,"142/000 –Subsecretaria de Gestión Administrativa de Innovación, Ciencia y Tecnología","336 - SECRETARÍA DE INNOVACIÓN, CIENCIA Y TECNOLOGÍA",2026-10-10T18:27:10.174184
142-0013-LPR23,EX-2023-43030277-   -APN-DCYC#MCT,Servicio de Provisión de Viandas para el Centro Cultural de la Ciencia,Licitación Privada,19/05/2023 15:00 Hrs.,Adjudicado,"142/000 –Subsecretaria de Gestión Administrativa de Innovación, Ciencia y Tecnología","336 - SECRETARÍA DE INNOVACIÓN, CIENCIA Y TECNOLOGÍA",2026-10-10T18:27:10.174184
142-0014-CDI23,EX-2023-105139945-   -APN-DCYC#MCT,Convenio Nación Seguros para Flota Automotor MINCYT,Contratación Directa,02/10/2023 11:00 Hrs.,Adjudicado,"142/000 –Subsecretaria de Gestión Administrativa de Innovación, Ciencia y Tecnología","336 - SECRETARÍA DE INNOVACIÓN, CIENCIA Y TECNOLOGÍA",2026-10-10T18:27:10.174184
142-0014-LPR23,EX-2023-27809501-   -APN-DCYC#MCT,Adquisición de medallas de distinción 2023,Licitación Privada,29/05/2023 15:00 Hrs.,Dejado Sin Efecto,"142/000 –Subsecretaria de Gestión Administrativa de Innovación, Ciencia y Tecnología","336 - SECRETARÍA DE INNOVACIÓN, CIENCIA Y TECNOLOGÍA",2026-10-10T18:27:10.174184
142-0015-CDI23,EX-2023-121242623-   -APN-DCYC#MCT,CONTRATACIÓN INTERADMINISTRATA CON YPF S.A. SER. DECARGA DE COMBUSTIBLE Y SER. DE MANT. LUBRICANTES,Contratación Directa,10/11/2023 11:00 Hrs.,Dejado Sin Efecto,"142/000 –Subsecretaria de Gestión Administrativa de Innovación, Ciencia y Tecnología","336 - SECRETARÍA DE INNOVACIÓN, CIENCIA Y TECNOLOGÍA",2026-10-10T18:27:10.174184
142-0015-LPR23,EX-2023-44068843-   -APN-DCYC#MCT,Adquisición de Cafetera y Menaje,Licitación Privada,12/06/2023 15:00 Hrs.,Dejado Sin Efecto,"142/000 –Subsecretaria de Gestión Administrativa de Innovación, Ciencia y Tecnología","336 - SECRETARÍA DE INNOVACIÓN, CIENCIA Y TECNOLOGÍA",2026-10-10T18:27:10.174184
142-0016-CDI23,EX-2023-88743625-   -APN-DCYC#MCT,Convenio con la Universidad Nacional General Sarmiento,Contratación Directa,23/10/2023 11:00 Hrs.,Adjudicado,"142/000 –Subsecretaria de Gestión Administrativa de Innovación, Ciencia y Tecnología","336 - SECRETARÍA DE INNOVACIÓN, CIENCIA Y TECNOLOGÍA",2026-10-10T18:27:10.174184
142-0016-LPR23,EX-2023-51690803-   -APN-DCYC#MCT,Servicio de Catering para la Reunión del 26/6,Licitación Privada,02/06/2023 11:00 Hrs.,Adjudicado,"142/000 –Subsecretaria de Gestión Administrativa de Innovación, Ciencia y Tecnología","336 - SECRETARÍA DE INNOVACIÓN, CIENCIA Y TECNOLOGÍA",2026-10-10T18:27:10.174184
142-0017-CDI23,EX-2023-121242623-   -APN-DCYC#MCT,CONTRATACIÓN INTERADMINISTRATA CON YPF S.A. SER. DECARGA DE COMBUSTIBLE Y SER. DE MANT.LUBRICANTES,Contratación Directa,12/12/2023 15:00 Hrs.,En Apertura,"142/000 –Subsecretaria de Gestión Administrativa de Innovación, Ciencia y Tecnología","336 - SECRETARÍA DE INNOVACIÓN, CIENCIA Y TECNOLOGÍA",2026-10-10T18:27:10.174184
142-0017-LPR23,EX-2023-56756459-   -APN-DCYC#MCT,Adquisición  de Indumentaria Tecnopolis 2023,Licitación Privada,16/06/2023 14:00 Hrs.,Adjudicado,"142/000 –Subsecretaria de Gestión Administrativa de Innovación, Ciencia y Tecnología","336 - SECRETARÍA DE INNOVACIÓN, CIENCIA Y TECNOLOGÍA",2026-10-10T18:27:10.174184
142-0018-LPR23,EX-2023-66695156-   -APN-DCYC#MCT,Servicio de Gastronomía para el Primer Encuentro Nacional de Ciencia Ciudadana,Licitación Privada,18/07/2023 14:00 Hrs.,Adjudicado,"142/000 –Subsecretaria de Gestión Administrativa de Innovación, Ciencia y Tecnología","336 - SECRETARÍA DE INNOVACIÓN, CIENCIA Y TECNOLOGÍA",2026-10-10T18:27:10.174184
142-0019-LPR23,EX-2023-69916441-   -APN-DCYC#MCT,Provisión de Viandas para el personal de los distintos espacios de Tecnopolis 2023,Licitación Privada,20/07/2023 15:00 Hrs.,Adjudicado,"142/000 –Subsecretaria de Gestión Administrativa de Innovación, Ciencia y Tecnología","336 - SECRETARÍA DE INNOVACIÓN, CIENCIA Y TECNOLOGÍA",2026-10-10T18:27:10.174184
142-0019-LPU25,EX-2025-58086400-   -APN-DAYFICYT#JGM,Servicio de renovación y soporte técnico de licencias TABLEAU,Licitación Pública,07/07/2025 13:00 Hrs.,Adjudicado,"142/000 –Subsecretaria de Gestión Administrativa de Innovación, Ciencia y Tecnología","336 - SECRETARÍA DE INNOVACIÓN, CIENCIA Y TECNOLOGÍA",2026-10-10T18:27:10.174184
142-0020-LPR23,EX-2023-70810703-   -APN-DCYC#MCT,Adquisición de medallas de distinción 2023,Licitación Privada,01/08/2023 15:00 Hrs.,Adjudicado,"142/000 –Subsecretaria de Gestión Administrativa de Innovación, Ciencia y Tecnología","336 - SECRETARÍA DE INNOVACIÓN, CIENCIA Y TECNOLOGÍA",2026-10-10T18:27:10.174184
142-0021-LPR23,EX-2023-76959163-   -APN-DCYC#MCT,Adquisición de Insumos varios para Tecnopolis 2023,Licitación Privada,10/08/2023 14:00 Hrs.,Adjudicado,"142/000 –Subsecretaria de Gestión Administrativa de Innovación, Ciencia y Tecnología","336 - SECRETARÍA DE INNOVACIÓN, CIENCIA Y TECNOLOGÍA",2026-10-10T18:27:10.174184
142-0022-LPR23,EX-2023-77573572-   -APN-DCYC#MCT,Servicio de Catering para el Simposio del 18 de septiembre,Licitación Privada,18/08/2023 10:00 Hrs.,Adjudicado,"142/000 –Subsecretaria de Gestión Administrativa de Innovación, Ciencia y Tecnología","336 - SECRETARÍA DE INNOVACIÓN, CIENCIA Y TECNOLOGÍA",2026-10-10T18:27:10.174184
142-0023-CDI22,EX-2022-132517303-   -APN-DCYC#MCT,"Adquisición del material bibliográfico electrónico EBSCOHost, SAGE Premier y MathSciNet-",Contratación Directa,16/01/2023 11:00 Hrs.,Adjudicado,"142/000 –Subsecretaria de Gestión Administrativa de Innovación, Ciencia y Tecnología","336 - SECRETARÍA DE INNOVACIÓN, CIENCIA Y TECNOLOGÍA",2026-10-10T18:27:10.174184
142-0023-LPR23,EX-2023-79182643-   -APN-DCYC#MCT,Servicio de Catering  en el marco de las actividades de la DNPYP,Licitación Privada,18/08/2023 13:00 Hrs.,Adjudicado,"142/000 –Subsecretaria de Gestión Administrativa de Innovación, Ciencia y Tecnología","336 - SECRETARÍA DE INNOVACIÓN, CIENCIA Y TECNOLOGÍA",2026-10-10T18:27:10.174184
142-0023-LPU25,EX-2025-64433438-   -APN-DAYFICYT#JGM,"SERVICIO DE ALMACENAMIENTO, CONTROL Y DISTRIBUCIÓN DE BIENES AFECTADOS AL PROGRAMA PUNTO DIGITAL",Licitación Pública,19/08/2025 14:00 Hrs.,Adjudicado,"142/000 –Subsecretaria de Gestión Administrativa de Innovación, Ciencia y Tecnología","336 - SECRETARÍA DE INNOVACIÓN, CIENCIA Y TECNOLOGÍA",2026-10-10T18:27:10.174184
142-0024-LPR23,EX-2023-80662581-   -APN-DCYC#MCT,Servicio de Refrigerio para General Pico (La Pampa),Licitación Privada,09/08/2023 12:00 Hrs.,Dejado Sin Efecto,"142/000 –Subsecretaria de Gestión Administrativa de Innovación, Ciencia y Tecnología","336 - SECRETARÍA DE INNOVACIÓN, CIENCIA Y TECNOLOGÍA",2026-10-10T18:27:10.174184
142-0026-LPR23,EX-2023-82208043-   -APN-DCYC#MCT,"Adquisición de cardiodesfibriladores para el MINISTERIO DE CIENCIA, TECNOLOGÍA E INNOVACIÓN",Licitación Privada,04/08/2023 12:00 Hrs.,Adjudicado,"142/000 –Subsecretaria de Gestión Administrativa de Innovación, Ciencia y Tecnología","336 - SECRETARÍA DE INNOVACIÓN, CIENCIA Y TECNOLOGÍA",2026-10-10T18:27:10.174184
142-0026-LPU25,EX-2025-94710599-   -APN-DAYFICYT#JGM,"Serv de puesta en valor y mantenimiento de ascensores, montacargas, montasilas y escaleras mecanicas",Licitación Pública,30/09/2025 15:00 Hrs.,Dejado Sin Efecto,"142/000 –Subsecretaria de Gestión Administrativa de Innovación, Ciencia y Tecnología","336 - SECRETARÍA DE INNOVACIÓN, CIENCIA Y TECNOLOGÍA",2026-10-10T18:27:10.174184
142-0027-LPR23,EX-2023-83914389-   -APN-DCYC#MCT,Adquisición de Insumos de Librería y Artículos de Oficina,Licitación Privada,16/08/2023 13:00 Hrs.,Adjudicado,"142/000 –Subsecretaria de Gestión Administrativa de Innovación, Ciencia y Tecnología","336 - SECRETARÍA DE INNOVACIÓN, CIENCIA Y TECNOLOGÍA",2026-10-10T18:27:10.174184
142-0028-LPR23,EX-2023-97408087-   -APN-DCYC#MCT,CONTRATACIÓN DE LICENCIAS DE USO DE LA PLATAFORMA DE VIDEOCONFERENCIA ZOOM,Licitación Privada,11/09/2023 14:00 Hrs.,Dejado Sin Efecto,"142/000 –Subsecretaria de Gestión Administrativa de Innovación, Ciencia y Tecnología","336 - SECRETARÍA DE INNOVACIÓN, CIENCIA Y TECNOLOGÍA",2026-10-10T18:27:10.174184
142-0028-LPU25,EX-2025-120805774-   -APN-DAYFICYT#JGM,Servicios de mantenimiento y reparación de vehiculos.,Licitación Pública,23/12/2025 15:00 Hrs.,Disponible Para Adjudicar,"142/000 –Subsecretaria de Gestión Administrativa de Innovación, Ciencia y Tecnología","336 - SECRETARÍA DE INNOVACIÓN, CIENCIA Y TECNOLOGÍA",2026-10-10T18:27:10.174184
142-0029-LPR23,EX-2023-103892257-   -APN-DCYC#MCT,servicio de alquiler de vehículos eléctricos y transceptores portátiles (handies),Licitación Privada,09/10/2023 11:00 Hrs.,Adjudicado,"142/000 –Subsecretaria de Gestión Administrativa de Innovación, Ciencia y Tecnología","336 - SECRETARÍA DE INNOVACIÓN, CIENCIA Y TECNOLOGÍA",2026-10-10T18:27:10.174184
142-0029-LPU25,EX-2025-123614839-   -APN-DAYFICYT#JGM,Provisión y contratación del servicio de instalación y puesta en funcionamiento de baterías.,Licitación Pública,19/12/2025 12:00 Hrs.,Fracasado,"142/000 –Subsecretaria de Gestión Administrativa de Innovación, Ciencia y Tecnología","336 - SECRETARÍA DE INNOVACIÓN, CIENCIA Y TECNOLOGÍA",2026-10-10T18:27:10.174184
142-0030-LPR23,EX-2023-97408087-   -APN-DCYC#MCT,CONTRATACIÓN DE LICENCIAS DE USO DE LA PLATAFORMA DE VIDEOCONFERENCIA ZOOM,Licitación Privada,10/10/2023 11:00 Hrs.,Adjudicado,"142/000 –Subsecretaria de Gestión Administrativa de Innovación, Ciencia y Tecnología","336 - SECRETARÍA DE INNOVACIÓN, CIENCIA Y TECNOLOGÍA",2026-10-10T18:27:10.174184
142-0032-LPR23,EX-2023-118749271-   -APN-DCYC#MCT,Adquisición Cocina Eléctrica - Jardin Maternal,Licitación Privada,17/11/2023 11:00 Hrs.,Fracasado,"142/000 –Subsecretaria de Gestión Administrativa de Innovación, Ciencia y Tecnología","336 - SECRETARÍA DE INNOVACIÓN, CIENCIA Y TECNOLOGÍA",2026-10-10T18:27:10.174184
74-0001-CDI25,EX-2025-00366410-   -APN-DAD#APNAC,Servicio de Gendarmería para los edificios de la Casa Central del Organismo por 4 meses,Contratación Directa,23/01/2025 11:00 Hrs.,Adjudicado,74/00 - ADMINISTRACIÓN DE PARQUES NACIONALES - COORDINACIÓN DE CONTRATACIONES,107 - Administración de Parques Nacionales,2026-10-10T18:27:32.636896
74-0001-CPU23,EX-2023-17346817-   -APN-DAD#APNAC,Servicio de limpieza,Concurso Público,30/03/2023 10:00 Hrs.,Adjudicado,74/00 - ADMINISTRACIÓN DE PARQUES NACIONALES - COORDINACIÓN DE CONTRATACIONES,107 - Administración de Parques Nacionales,2026-10-10T18:27:32.636896
74-0001-CPU25,EX-2025-44439016-   -APN-DAD#APNAC,Contratación de un servicio integral de cobros de derechos y control de acceso para los Parques Naci,Concurso Público,26/05/2025 10:00 Hrs.,Dejado Sin Efecto,74/00 - ADMINISTRACIÓN DE PARQUES NACIONALES - COORDINACIÓN DE CONTRATACIONES,107 - Administración de Parques Nacionales,2026-10-10T18:27:32.636896
74-0001-CPU26,EX-2026-05947820-   -APN-DAD#APNAC,Sistema de cobro de acceso,Concurso Público,25/02/2026 10:00 Hrs.,Adjudicado,74/00 - ADMINISTRACIÓN DE PARQUES NACIONALES - COORDINACIÓN DE CONTRATACIONES,107 - Administración de Parques Nacionales,2026-10-10T18:27:32.636896
74-0001-LPR25,EX-2024-117125526-   -APN-DAD#APNAC,Segundo llamado   Adquisición de insumos para la producción de cartelería para el Organismo.,Licitación Privada,13/02/2025 10:00 Hrs.,Adjudicado,74/00 - ADMINISTRACIÓN DE PARQUES NACIONALES - COORDINACIÓN DE CONTRATACIONES,107 - Administración de Parques Nacionales,2026-10-10T18:27:32.636896
74-0002-CDI23,EX-2023-06096150-   -APN-DAD#APNAC,Servicio de Instalación de Aplicativos de Software y equipamiento,Contratación Directa,30/01/2023 10:00 Hrs.,Adjudicado,74/00 - ADMINISTRACIÓN DE PARQUES NACIONALES - COORDINACIÓN DE CONTRATACIONES,107 - Administración de Parques Nacionales,2026-10-10T18:27:32.636896
74-0002-CDI24,EX-2024-10735351-   -APN-DAD#APNAC,Cobertura Seguro de casco de embarcación en amarre Buque CAPITAN OCA BALDA,Contratación Directa,02/02/2024 12:00 Hrs.,Adjudicado,74/00 - ADMINISTRACIÓN DE PARQUES NACIONALES - COORDINACIÓN DE CONTRATACIONES,107 - Administración de Parques Nacionales,2026-10-10T18:27:32.636896
74-0002-CPU23,EX-2023-59853738-   -APN-DAD#APNAC,Desarrollo de un sistema de cobros de derechos y control de acceso,Concurso Público,27/07/2023 10:00 Hrs.,Dejado Sin Efecto,74/00 - ADMINISTRACIÓN DE PARQUES NACIONALES - COORDINACIÓN DE CONTRATACIONES,107 - Administración de Parques Nacionales,2026-10-10T18:27:32.636896
74-0002-CPU25,EX-2025-67749563-   -APN-DAD#APNAC,Servicio de limpieza para los edificios de la Casa Central.,Concurso Público,03/10/2025 09:00 Hrs.,Adjudicado,74/00 - ADMINISTRACIÓN DE PARQUES NACIONALES - COORDINACIÓN DE CONTRATACIONES,107 - Administración de Parques Nacionales,2026-10-10T18:27:32.636896
74-0002-LPU24,EX-2024-17684319-   -APN-DAD#APNAC,Adquisición de tickets SETECA,Licitación Pública,07/05/2024 10:00 Hrs.,Adjudicado,74/00 - ADMINISTRACIÓN DE PARQUES NACIONALES - COORDINACIÓN DE CONTRATACIONES,107 - Administración de Parques Nacionales,2026-10-10T18:27:32.636896
74-0002-LPU25,EX-2025-03377080-   -APN-DAD#APNAC,Consultoría de proyecto ejecutivo para la construcción de una escuela de guardaparques en N Huapi,Licitación Pública,13/03/2025 10:00 Hrs.,Dejado Sin Efecto,74/00 - ADMINISTRACIÓN DE PARQUES NACIONALES - COORDINACIÓN DE CONTRATACIONES,107 - Administración de Parques Nacionales,2026-10-10T18:27:32.636896
74-0003-CDI24,EX-2024-27744037-   -APN-DAD#APNAC,Cobertura Seguros Drones,Contratación Directa,08/04/2024 15:00 Hrs.,Adjudicado,74/00 - ADMINISTRACIÓN DE PARQUES NACIONALES - COORDINACIÓN DE CONTRATACIONES,107 - Administración de Parques Nacionales,2026-10-10T18:27:32.636896
74-0003-LPU23,EX-2023-05773807-   -APN-DAD#APNAC,Adquisición de CIENTO VEINTE (120) NOTEBOOKS,Licitación Pública,06/03/2023 10:00 Hrs.,Adjudicado,74/00 - ADMINISTRACIÓN DE PARQUES NACIONALES - COORDINACIÓN DE CONTRATACIONES,107 - Administración de Parques Nacionales,2026-10-10T18:27:32.636896
74-0004-CDI23,EX-2023-13947043-   -APN-DAD#APNAC,Desarrollo de mejoras y/o adecuaciones de software RENARI,Contratación Directa,24/02/2023 10:00 Hrs.,Adjudicado,74/00 - ADMINISTRACIÓN DE PARQUES NACIONALES - COORDINACIÓN DE CONTRATACIONES,107 - Administración de Parques Nacionales,2026-10-10T18:27:32.636896
74-0004-CDI24,EX-2024-34526865-   -APN-DAD#APNAC,Seguro de Incendio y R.C. Edificio ANCON,Contratación Directa,30/04/2024 14:00 Hrs.,Adjudicado,74/00 - ADMINISTRACIÓN DE PARQUES NACIONALES - COORDINACIÓN DE CONTRATACIONES,107 - Administración de Parques Nacionales,2026-10-10T18:27:32.636896
74-0004-LPU23,EX-2022-95088802-   -APN-DAD#APNAC,Provisión y montajes de DOS (2) módulos para centros de informes en el Parque Nacional Traslasierra,Licitación Pública,29/03/2023 10:00 Hrs.,Adjudicado,74/00 - ADMINISTRACIÓN DE PARQUES NACIONALES - COORDINACIÓN DE CONTRATACIONES,107 - Administración de Parques Nacionales,2026-10-10T18:27:32.636896
74-0005-CDI24,EX-2024-35504301-   -APN-DAD#APNAC,Servicio de Gendarmería para los edificios de la Casa Central del Organismo,Contratación Directa,16/04/2024 11:00 Hrs.,Adjudicado,74/00 - ADMINISTRACIÓN DE PARQUES NACIONALES - COORDINACIÓN DE CONTRATACIONES,107 - Administración de Parques Nacionales,2026-10-10T18:27:32.636896
74-0005-CDI26,EX-2026-45462514-   -APN-DAD#APNAC,Arrendamiento del espacio para stand de la Administración de Parques Nacionales en la FIT2025,Contratación Directa,28/05/2026 12:00 Hrs.,Adjudicado,74/00 - ADMINISTRACIÓN DE PARQUES NACIONALES - COORDINACIÓN DE CONTRATACIONES,107 - Administración de Parques Nacionales,2026-10-10T18:27:32.636896
74-0005-LPU23,EX-2023-10774635-   -APN-DAD#APNAC,Adquisición de tickets SETECA,Licitación Pública,09/03/2023 10:00 Hrs.,Adjudicado,74/00 - ADMINISTRACIÓN DE PARQUES NACIONALES - COORDINACIÓN DE CONTRATACIONES,107 - Administración de Parques Nacionales,2026-10-10T18:27:32.636896
74-0005-LPU25,EX-2025-07468165-   -APN-DAD#APNAC,"Contratación de un servicio de Desmonte, Provisión, Instalación y Puesta en Marcha de Equipos fotovo",Licitación Pública,31/03/2025 10:00 Hrs.,Adjudicado,74/00 - ADMINISTRACIÓN DE PARQUES NACIONALES - COORDINACIÓN DE CONTRATACIONES,107 - Administración de Parques Nacionales,2026-10-10T18:27:32.636896
74-0006-CDI25,EX-2025-19813656-   -APN-DAD#APNAC,Seguro de Parque Automotor y de Embarcaciones,Contratación Directa,27/02/2025 13:00 Hrs.,Adjudicado,74/00 - ADMINISTRACIÓN DE PARQUES NACIONALES - COORDINACIÓN DE CONTRATACIONES,107 - Administración de Parques Nacionales,2026-10-10T18:27:32.636896
74-0006-LPU24,EX-2024-58997264-   -APN-DAD#APNAC,"Servicio de Locación de Impresiones digitales, incluyendo insumos.",Licitación Pública,28/08/2024 10:00 Hrs.,Adjudicado,74/00 - ADMINISTRACIÓN DE PARQUES NACIONALES - COORDINACIÓN DE CONTRATACIONES,107 - Administración de Parques Nacionales,2026-10-10T18:27:32.636896
74-0007-CDI24,EX-2024-39615973-   -APN-DAD#APNAC,Servicio de YPF en ruta,Contratación Directa,24/05/2024 14:00 Hrs.,Adjudicado,74/00 - ADMINISTRACIÓN DE PARQUES NACIONALES - COORDINACIÓN DE CONTRATACIONES,107 - Administración de Parques Nacionales,2026-10-10T18:27:32.636896
74-0007-LPR26,EX-2026-07880047-   -APN-DAD#APNAC,Soporte y mantenimiento de la base de datos de Oracle del SARHA,Licitación Privada,06/03/2026 09:30 Hrs.,Adjudicado,74/00 - ADMINISTRACIÓN DE PARQUES NACIONALES - COORDINACIÓN DE CONTRATACIONES,107 - Administración de Parques Nacionales,2026-10-10T18:27:32.636896
74-0007-LPU26,EX-2026-27554066-   -APN-DAD#APNAC,Adquisición de SEISCIENTAS (600) licencias de antivirus para la Administración de Parques Nacionales,Licitación Pública,29/05/2026 09:00 Hrs.,Adjudicado,74/00 - ADMINISTRACIÓN DE PARQUES NACIONALES - COORDINACIÓN DE CONTRATACIONES,107 - Administración de Parques Nacionales,2026-10-10T18:27:32.636896
74-0008-CDI24,EX-2024-52130115-   -APN-DAD#APNAC,Seguro Técnico Eq. Informático,Contratación Directa,24/05/2024 14:00 Hrs.,Adjudicado,74/00 - ADMINISTRACIÓN DE PARQUES NACIONALES - COORDINACIÓN DE CONTRATACIONES,107 - Administración de Parques Nacionales,2026-10-10T18:27:32.636896
74-0009-LPU24,EX-2024-95132572-   -APN-DAD#APNAC,Sistemas de almacenamiento masivo,Licitación Pública,23/10/2024 10:00 Hrs.,Adjudicado,74/00 - ADMINISTRACIÓN DE PARQUES NACIONALES - COORDINACIÓN DE CONTRATACIONES,107 - Administración de Parques Nacionales,2026-10-10T18:27:32.636896
74-0009-LPU25,EX-2025-26506154-   -APN-DAD#APNAC,Provisión de servicios de internet de alta velocidad mediante tecnología de satélites en órbita baja,Licitación Pública,15/05/2025 10:00 Hrs.,Adjudicado,74/00 - ADMINISTRACIÓN DE PARQUES NACIONALES - COORDINACIÓN DE CONTRATACIONES,107 - Administración de Parques Nacionales,2026-10-10T18:27:32.636896
74-0010-LPU24,EX-2024-97237963-   -APN-DAD#APNAC,Adquisición de armamento,Licitación Pública,25/10/2024 10:00 Hrs.,Adjudicado,74/00 - ADMINISTRACIÓN DE PARQUES NACIONALES - COORDINACIÓN DE CONTRATACIONES,107 - Administración de Parques Nacionales,2026-10-10T18:27:32.636896
74-0010-LPU25,EX-2025-31791805-   -APN-DAD#APNAC,Servicio de Soporte y servicio técnico del equipo Storage AX10R3,Licitación Pública,10/07/2025 10:00 Hrs.,Adjudicado,74/00 - ADMINISTRACIÓN DE PARQUES NACIONALES - COORDINACIÓN DE CONTRATACIONES,107 - Administración de Parques Nacionales,2026-10-10T18:27:32.636896
74-0011-CDI23,EX-2023-28544287-   -APN-DAD#APNAC,Servicio Adicional de Seguridad de Gendarmería,Contratación Directa,19/04/2023 10:00 Hrs.,Desierto,74/00 - ADMINISTRACIÓN DE PARQUES NACIONALES - COORDINACIÓN DE CONTRATACIONES,107 - Administración de Parques Nacionales,2026-10-10T18:27:32.636896
74-0011-CDI24,EX-2024-65978660-   -APN-DAD#APNAC,Seguro de Transporte (Mudanza),Contratación Directa,28/06/2024 15:00 Hrs.,Dejado Sin Efecto,74/00 - ADMINISTRACIÓN DE PARQUES NACIONALES - COORDINACIÓN DE CONTRATACIONES,107 - Administración de Parques Nacionales,2026-10-10T18:27:32.636896
74-0011-CDI25,EX-2025-44897356-   -APN-DAD#APNAC,Servicio de Gendarmería para los edifi cios de la Casa Central del Organismo por 4 meses Mayo Agosto,Contratación Directa,23/05/2025 11:00 Hrs.,Adjudicado,74/00 - ADMINISTRACIÓN DE PARQUES NACIONALES - COORDINACIÓN DE CONTRATACIONES,107 - Administración de Parques Nacionales,2026-10-10T18:27:32.636896
74-0011-LPR23,EX-2023-10229408-   -APN-DAD#APNAC,Adquisición de insumos de impresión para la Dirección de Diseño e Información al Visitante,Licitación Privada,08/03/2023 10:00 Hrs.,Adjudicado,74/00 - ADMINISTRACIÓN DE PARQUES NACIONALES - COORDINACIÓN DE CONTRATACIONES,107 - Administración de Parques Nacionales,2026-10-10T18:27:32.636896
74-0013-CDI24,EX-2024-67054707-   -APN-DAD#APNAC,Cobertura Seguro de casco de embarcación en amarre Buque CAPITAN OCA BALDA,Contratación Directa,08/07/2024 15:00 Hrs.,Adjudicado,74/00 - ADMINISTRACIÓN DE PARQUES NACIONALES - COORDINACIÓN DE CONTRATACIONES,107 - Administración de Parques Nacionales,2026-10-10T18:27:32.636896
74-0013-CDI25,EX-2025-45373970-   -APN-DAD#APNAC,Contratación directa para desguace y disposición final buque “Capitán Oca Balda”.,Contratación Directa,19/05/2025 14:00 Hrs.,Dejado Sin Efecto,74/00 - ADMINISTRACIÓN DE PARQUES NACIONALES - COORDINACIÓN DE CONTRATACIONES,107 - Administración de Parques Nacionales,2026-10-10T18:27:32.636896
74-0014-CDI24,EX-2024-67806276-   -APN-DAD#APNAC,Seguro de Transporte (Mudanza),Contratación Directa,02/07/2024 15:00 Hrs.,Adjudicado,74/00 - ADMINISTRACIÓN DE PARQUES NACIONALES - COORDINACIÓN DE CONTRATACIONES,107 - Administración de Parques Nacionales,2026-10-10T18:27:32.636896
74-0014-CDI25,EX-2025-49515519-   -APN-DAD#APNAC,Convenio Interadministrativo con SEGEMAR,Contratación Directa,04/06/2025 12:00 Hrs.,Adjudicado,74/00 - ADMINISTRACIÓN DE PARQUES NACIONALES - COORDINACIÓN DE CONTRATACIONES,107 - Administración de Parques Nacionales,2026-10-10T18:27:32.636896
74-0015-CDI25,EX-2025-50198145-   -APN-DAD#APNAC,Arrendamiento del espacio para los stands de la Administración de Parques Nacionales en la FIT2025,Contratación Directa,20/05/2025 11:00 Hrs.,Dejado Sin Efecto,74/00 - ADMINISTRACIÓN DE PARQUES NACIONALES - COORDINACIÓN DE CONTRATACIONES,107 - Administración de Parques Nacionales,2026-10-10T18:27:32.636896
74-0015-LPU23,EX-2023-46282758-   -APN-DAD#APNAC,Adquisición de motos y cuatriciclos,Licitación Pública,05/06/2023 10:00 Hrs.,Dejado Sin Efecto,74/00 - ADMINISTRACIÓN DE PARQUES NACIONALES - COORDINACIÓN DE CONTRATACIONES,107 - Administración de Parques Nacionales,2026-10-10T18:27:32.636896
74-0016-CDI23,EX-2023-37740574-   -APN-DAD#APNAC,Servicio de correo postal 2023,Contratación Directa,21/04/2023 15:00 Hrs.,Adjudicado,74/00 - ADMINISTRACIÓN DE PARQUES NACIONALES - COORDINACIÓN DE CONTRATACIONES,107 - Administración de Parques Nacionales,2026-10-10T18:27:32.636896
74-0016-CDI24,EX-2024-70582645-   -APN-DAD#APNAC,Adquisición de municiones para Guardaparques Nacionales,Contratación Directa,16/07/2024 10:00 Hrs.,Adjudicado,74/00 - ADMINISTRACIÓN DE PARQUES NACIONALES - COORDINACIÓN DE CONTRATACIONES,107 - Administración de Parques Nacionales,2026-10-10T18:27:32.636896
74-0016-CDI25,EX-2025-52859542-   -APN-DAD#APNAC,Contratación Servicio de Impresión - CDI Imprenta Congreso DDEIA,Contratación Directa,13/06/2025 11:00 Hrs.,Adjudicado,74/00 - ADMINISTRACIÓN DE PARQUES NACIONALES - COORDINACIÓN DE CONTRATACIONES,107 - Administración de Parques Nacionales,2026-10-10T18:27:32.636896
74-0016-LPU24,EX-2024-107954479-   -APN-DAD#APNAC,Kit de Captura de Huellas Biométricas con Cámara,Licitación Pública,21/11/2024 10:00 Hrs.,Adjudicado,74/00 - ADMINISTRACIÓN DE PARQUES NACIONALES - COORDINACIÓN DE CONTRATACIONES,107 - Administración de Parques Nacionales,2026-10-10T18:27:32.636896
74-0017-CDI23,EX-2023-39952360-   -APN-DAD#APNAC,Seguro de Incendio y R.C. Edificio ANCON,Contratación Directa,20/04/2023 12:00 Hrs.,Adjudicado,74/00 - ADMINISTRACIÓN DE PARQUES NACIONALES - COORDINACIÓN DE CONTRATACIONES,107 - Administración de Parques Nacionales,2026-10-10T18:27:32.636896
74-0017-CDI25,EX-2025-54548603-   -APN-DAD#APNAC,"Locación de un inmueble para la Casa Central del Organismo, Administración de Parques Nacionales.",Contratación Directa,29/08/2025 10:00 Hrs.,Adjudicado,74/00 - ADMINISTRACIÓN DE PARQUES NACIONALES - COORDINACIÓN DE CONTRATACIONES,107 - Administración de Parques Nacionales,2026-10-10T18:27:32.636896
74-0017-LPU26,EX-2026-71709019-   -APN-DAD#APNAC,Adquisición de artículos promocionales institucionales destinados a la FIT 2026,Licitación Pública,27/08/2026 09:00 Hrs.,Dejado Sin Efecto,74/00 - ADMINISTRACIÓN DE PARQUES NACIONALES - COORDINACIÓN DE CONTRATACIONES,107 - Administración de Parques Nacionales,2026-10-10T18:27:32.636896
74-0018-CDI23,EX-2023-28544287-   -APN-DAD#APNAC,Servicio Adicional de Seguridad de Gendarmería,Contratación Directa,24/04/2023 11:00 Hrs.,Dejado Sin Efecto,74/00 - ADMINISTRACIÓN DE PARQUES NACIONALES - COORDINACIÓN DE CONTRATACIONES,107 - Administración de Parques Nacionales,2026-10-10T18:27:32.636896
74-0018-CDI25,EX-2025-68339549-   -APN-DAD#APNAC,Servicio de Housing para Servidores Rackeables,Contratación Directa,03/10/2025 12:00 Hrs.,Adjudicado,74/00 - ADMINISTRACIÓN DE PARQUES NACIONALES - COORDINACIÓN DE CONTRATACIONES,107 - Administración de Parques Nacionales,2026-10-10T18:27:32.636896
74-0018-LPU23,EX-2023-49591461-   -APN-DAD#APNAC,"Adquisición un simulador de tiro, para la formación académica del Cuerpo de Guardaparques Nacional",Licitación Pública,02/08/2023 10:00 Hrs.,Dejado Sin Efecto,74/00 - ADMINISTRACIÓN DE PARQUES NACIONALES - COORDINACIÓN DE CONTRATACIONES,107 - Administración de Parques Nacionales,2026-10-10T18:27:32.636896
74-0018-LPU24,EX-2024-111911715-   -APN-DAD#APNAC,Adquisición de indumentaria para el Cuerpo de Guardaparques Nacionales.,Licitación Pública,29/11/2024 10:00 Hrs.,Adjudicado,74/00 - ADMINISTRACIÓN DE PARQUES NACIONALES - COORDINACIÓN DE CONTRATACIONES,107 - Administración de Parques Nacionales,2026-10-10T18:27:32.636896
74-0019-CDI23,EX-2023-45580280-   -APN-DAD#APNAC,Servicio Adicional de Seguridad de Gendarmería,Contratación Directa,27/04/2023 11:00 Hrs.,Adjudicado,74/00 - ADMINISTRACIÓN DE PARQUES NACIONALES - COORDINACIÓN DE CONTRATACIONES,107 - Administración de Parques Nacionales,2026-10-10T18:27:32.636896
74-0019-LPU24,EX-2024-111941853-   -APN-DAD#APNAC,Adquisición de equipamiento vehicular para las distintas Áreas Protegidas del Organismo.,Licitación Pública,10/12/2024 10:00 Hrs.,Adjudicado,74/00 - ADMINISTRACIÓN DE PARQUES NACIONALES - COORDINACIÓN DE CONTRATACIONES,107 - Administración de Parques Nacionales,2026-10-10T18:27:32.636896
74-0020-CDI24,EX-2024-80531326-   -APN-DAD#APNAC,Cobertura Seguro Ed. Av. Mayo 1301-17,Contratación Directa,07/08/2024 12:00 Hrs.,Dejado Sin Efecto,74/00 - ADMINISTRACIÓN DE PARQUES NACIONALES - COORDINACIÓN DE CONTRATACIONES,107 - Administración de Parques Nacionales,2026-10-10T18:27:32.636896
74-0020-CDI25,EX-2025-113746275-   -APN-DAD#APNAC,Adq de Libreta Electrónica con soporte para bastón topográfica utilizada en tareas de campo del Org.,Contratación Directa,07/11/2025 12:00 Hrs.,Adjudicado,74/00 - ADMINISTRACIÓN DE PARQUES NACIONALES - COORDINACIÓN DE CONTRATACIONES,107 - Administración de Parques Nacionales,2026-10-10T18:27:32.636896
74-0021-CDI25,EX-2024-129651369-   -APN-DAD#APNAC,Segundo llamado instalación del tendido eléctrico,Contratación Directa,12/12/2025 10:00 Hrs.,Dejado Sin Efecto,74/00 - ADMINISTRACIÓN DE PARQUES NACIONALES - COORDINACIÓN DE CONTRATACIONES,107 - Administración de Parques Nacionales,2026-10-10T18:27:32.636896
74-0021-LPR24,EX-2024-17699838-   -APN-DAD#APNAC,Servicio de Recarga Anual de VEINTE (20) matafuegos instalados en el edificio Av. de Mayo 1301/17,Licitación Privada,09/09/2024 10:00 Hrs.,Adjudicado,74/00 - ADMINISTRACIÓN DE PARQUES NACIONALES - COORDINACIÓN DE CONTRATACIONES,107 - Administración de Parques Nacionales,2026-10-10T18:27:32.636896
74-0021-LPU24,EX-2024-114821195-   -APN-DAD#APNAC,Adquisición de Montoniveladoras y Carretones para el Organismo,Licitación Pública,02/12/2024 11:00 Hrs.,Adjudicado,74/00 - ADMINISTRACIÓN DE PARQUES NACIONALES - COORDINACIÓN DE CONTRATACIONES,107 - Administración de Parques Nacionales,2026-10-10T18:27:32.636896
74-0021-LPU25,EX-2025-83460486-   -APN-DAD#APNAC,Cobertura Seguro de Embarcaciones,Licitación Pública,30/09/2025 11:00 Hrs.,Dejado Sin Efecto,74/00 - ADMINISTRACIÓN DE PARQUES NACIONALES - COORDINACIÓN DE CONTRATACIONES,107 - Administración de Parques Nacionales,2026-10-10T18:27:32.636896
74-0022-CDI23,EX-2023-49138644-   -APN-DAD#APNAC,"Elaboracion Plan de Uso Público y D. Turístico para PN Ansenuza, PN los Pantanos y RN Campo S. Juan",Contratación Directa,22/06/2023 12:00 Hrs.,Adjudicado,74/00 - ADMINISTRACIÓN DE PARQUES NACIONALES - COORDINACIÓN DE CONTRATACIONES,107 - Administración de Parques Nacionales,2026-10-10T18:27:32.636896
74-0023-LPR25,EX-2025-12008000-   -APN-DAD#APNAC,Servicio de recarga anual e inspección trimestral de extintores.,Licitación Privada,27/02/2025 10:00 Hrs.,Adjudicado,74/00 - ADMINISTRACIÓN DE PARQUES NACIONALES - COORDINACIÓN DE CONTRATACIONES,107 - Administración de Parques Nacionales,2026-10-10T18:27:32.636896
74-0024-CDI23,EX-2023-59790161-   -APN-DAD#APNAC,contratación de la Universidad Nacional de Avellaneda (UNDAV),Contratación Directa,18/08/2023 16:00 Hrs.,Adjudicado,74/00 - ADMINISTRACIÓN DE PARQUES NACIONALES - COORDINACIÓN DE CONTRATACIONES,107 - Administración de Parques Nacionales,2026-10-10T18:27:32.636896
74-0024-LPU25,EX-2025-101478578-   -APN-DAD#APNAC,Adquisición de indumentaria y calzado reglamentarios,Licitación Pública,04/11/2025 10:00 Hrs.,Adjudicado,74/00 - ADMINISTRACIÓN DE PARQUES NACIONALES - COORDINACIÓN DE CONTRATACIONES,107 - Administración de Parques Nacionales,2026-10-10T18:27:32.636896
74-0026-LPR25,EX-2025-12618622-   -APN-DAD#APNAC,Renovación licencias de equipos de seguridad perimetral,Licitación Privada,20/03/2025 10:00 Hrs.,Adjudicado,74/00 - ADMINISTRACIÓN DE PARQUES NACIONALES - COORDINACIÓN DE CONTRATACIONES,107 - Administración de Parques Nacionales,2026-10-10T18:27:32.636896
74-0027-CDI24,EX-2024-104722701-   -APN-DAD#APNAC,Servicio de Renari.,Contratación Directa,10/10/2024 10:00 Hrs.,Adjudicado,74/00 - ADMINISTRACIÓN DE PARQUES NACIONALES - COORDINACIÓN DE CONTRATACIONES,107 - Administración de Parques Nacionales,2026-10-10T18:27:32.636896
74-0028-CDI23,EX-2023-70737978-   -APN-DAD#APNAC,"Renovación Servicio de Software Venta WEB ONLINE de boletos de acceso,  Mantenimiento de SETECA",Contratación Directa,11/07/2023 10:00 Hrs.,Adjudicado,74/00 - ADMINISTRACIÓN DE PARQUES NACIONALES - COORDINACIÓN DE CONTRATACIONES,107 - Administración de Parques Nacionales,2026-10-10T18:27:32.636896
74-0028-CDI24,EX-2024-108733234-   -APN-DAD#APNAC,"Renovación de un Servicio de Software como Servicio (SaaS), SETECA",Contratación Directa,18/10/2024 10:00 Hrs.,Adjudicado,74/00 - ADMINISTRACIÓN DE PARQUES NACIONALES - COORDINACIÓN DE CONTRATACIONES,107 - Administración de Parques Nacionales,2026-10-10T18:27:32.636896
74-0028-CDI25,EX-2025-142682256-   -APN-DAD#APNAC,Contratación directa por urgencia para el desguace y disposición final del buque “Capitán Oca Balda”,Contratación Directa,14/01/2026 10:00 Hrs.,Adjudicado,74/00 - ADMINISTRACIÓN DE PARQUES NACIONALES - COORDINACIÓN DE CONTRATACIONES,107 - Administración de Parques Nacionales,2026-10-10T18:27:32.636896
74-0028-LPU25,EX-2025-106624942-   -APN-DAD#APNAC,Adquisición de DOS MILLONES QUINIENTOS MIL (2.500.000) tickets SETECA,Licitación Pública,17/10/2025 09:00 Hrs.,Adjudicado,74/00 - ADMINISTRACIÓN DE PARQUES NACIONALES - COORDINACIÓN DE CONTRATACIONES,107 - Administración de Parques Nacionales,2026-10-10T18:27:32.636896
74-0029-CDI23,EX-2023-71750315-   -APN-DAD#APNAC,convenio universidad UTN,Contratación Directa,14/09/2023 15:00 Hrs.,Adjudicado,74/00 - ADMINISTRACIÓN DE PARQUES NACIONALES - COORDINACIÓN DE CONTRATACIONES,107 - Administración de Parques Nacionales,2026-10-10T18:27:32.636896
74-0029-LPR26,EX-2026-14554432-   -APN-DAD#APNAC,Cobertura de pólizas de Seguro de Motovehiculos del organismo.,Licitación Privada,06/04/2026 10:00 Hrs.,Adjudicado,74/00 - ADMINISTRACIÓN DE PARQUES NACIONALES - COORDINACIÓN DE CONTRATACIONES,107 - Administración de Parques Nacionales,2026-10-10T18:27:32.636896
74-0030-CDI23,EX-2023-73840217-   -APN-DAD#APNAC,Seguro de Transporte (Mudanza),Contratación Directa,30/06/2023 12:00 Hrs.,Adjudicado,74/00 - ADMINISTRACIÓN DE PARQUES NACIONALES - COORDINACIÓN DE CONTRATACIONES,107 - Administración de Parques Nacionales,2026-10-10T18:27:32.636896
74-0031-CDI23,EX-2023-73946476-   -APN-DAD#APNAC,Seguro Técnico Eq. Informático,Contratación Directa,05/07/2023 12:00 Hrs.,Adjudicado,74/00 - ADMINISTRACIÓN DE PARQUES NACIONALES - COORDINACIÓN DE CONTRATACIONES,107 - Administración de Parques Nacionales,2026-10-10T18:27:32.636896
74-0031-LPU23,EX-2023-85759663-   -APN-DAD#APNAC,Mantenimiento infraestructura tecnológica,Licitación Pública,19/09/2023 10:00 Hrs.,Adjudicado,74/00 - ADMINISTRACIÓN DE PARQUES NACIONALES - COORDINACIÓN DE CONTRATACIONES,107 - Administración de Parques Nacionales,2026-10-10T18:27:32.636896
74-0032-CDI23,EX-2023-76453470-   -APN-DAD#APNAC,Cobertura Seguro de casco de embarcación en amarre Buque CAPITAN OCA BALDA,Contratación Directa,11/07/2023 12:00 Hrs.,Adjudicado,74/00 - ADMINISTRACIÓN DE PARQUES NACIONALES - COORDINACIÓN DE CONTRATACIONES,107 - Administración de Parques Nacionales,2026-10-10T18:27:32.636896
74-0032-CDI24,EX-2024-117944968-   -APN-DAD#APNAC,Reparación de vehículos oficiales.  Contratación Directa por Desarme,Contratación Directa,08/11/2024 10:00 Hrs.,Adjudicado,74/00 - ADMINISTRACIÓN DE PARQUES NACIONALES - COORDINACIÓN DE CONTRATACIONES,107 - Administración de Parques Nacionales,2026-10-10T18:27:32.636896
74-0032-LPU23,EX-2023-91859541-   -APN-DAD#APNAC,"Readecuación total de la instalación eléctrica del edificio Rivadavia 1475/79, CABA",Licitación Pública,12/10/2023 10:00 Hrs.,Dejado Sin Efecto,74/00 - ADMINISTRACIÓN DE PARQUES NACIONALES - COORDINACIÓN DE CONTRATACIONES,107 - Administración de Parques Nacionales,2026-10-10T18:27:32.636896
74-0033-CDI23,EX-2023-77747087-   -APN-DAD#APNAC,Seguros Ed. Av. Mayo 1301-17,Contratación Directa,12/07/2023 12:00 Hrs.,Adjudicado,74/00 - ADMINISTRACIÓN DE PARQUES NACIONALES - COORDINACIÓN DE CONTRATACIONES,107 - Administración de Parques Nacionales,2026-10-10T18:27:32.636896
74-0034-LPU25,EX-2025-117352419-   -APN-DAD#APNAC,Adquisición de maquinaria agrícola para mantenimiento de caminos.,Licitación Pública,05/12/2025 09:00 Hrs.,Dejado Sin Efecto,74/00 - ADMINISTRACIÓN DE PARQUES NACIONALES - COORDINACIÓN DE CONTRATACIONES,107 - Administración de Parques Nacionales,2026-10-10T18:27:32.636896
74-0035-CDI24,EX-2024-129651369-   -APN-DAD#APNAC,Servicio de instalación de tendido eléctrico en el Parque Nacional Predelta,Contratación Directa,01/08/2025 10:00 Hrs.,Dejado Sin Efecto,74/00 - ADMINISTRACIÓN DE PARQUES NACIONALES - COORDINACIÓN DE CONTRATACIONES,107 - Administración de Parques Nacionales,2026-10-10T18:27:32.636896
74-0035-LPR24,EX-2024-22055430-   -APN-DAD#APNAC,Servicio de mantenimiento y conservación de ascensores.,Licitación Privada,08/05/2024 10:00 Hrs.,Adjudicado,74/00 - ADMINISTRACIÓN DE PARQUES NACIONALES - COORDINACIÓN DE CONTRATACIONES,107 - Administración de Parques Nacionales,2026-10-10T18:27:32.636896
74-0035-LPR25,EX-2024-133855604-   -APN-DAD#APNAC,Segundo llamado Contratación de un profesional técnico.,Licitación Privada,28/03/2025 10:00 Hrs.,Dejado Sin Efecto,74/00 - ADMINISTRACIÓN DE PARQUES NACIONALES - COORDINACIÓN DE CONTRATACIONES,107 - Administración de Parques Nacionales,2026-10-10T18:27:32.636896
74-0036-CDI23,EX-2023-91930539-   -APN-DAD#APNAC,CONVENIO ESPECÍFICO N° 04 AL CONVENIO MARCO ENTRE LA ADMINISTRACIÓN DE PARQUES NACIONALES Y LA EMPRE,Contratación Directa,12/10/2023 12:00 Hrs.,Adjudicado,74/00 - ADMINISTRACIÓN DE PARQUES NACIONALES - COORDINACIÓN DE CONTRATACIONES,107 - Administración de Parques Nacionales,2026-10-10T18:27:32.636896
74-0037-CDI23,EX-2023-93383722-   -APN-DAD#APNAC,Servicio de Correo Postal Septiembre de 2023 a Febrero de 2024,Contratación Directa,14/09/2023 14:00 Hrs.,Adjudicado,74/00 - ADMINISTRACIÓN DE PARQUES NACIONALES - COORDINACIÓN DE CONTRATACIONES,107 - Administración de Parques Nacionales,2026-10-10T18:27:32.636896
74-0038-CDI23,EX-2023-95113107-   -APN-DAD#APNAC,Seguro de Caja Fuerte y Valores en Tránsito,Contratación Directa,15/09/2023 14:00 Hrs.,Adjudicado,74/00 - ADMINISTRACIÓN DE PARQUES NACIONALES - COORDINACIÓN DE CONTRATACIONES,107 - Administración de Parques Nacionales,2026-10-10T18:27:32.636896
74-0038-CDI24,EX-2024-138075972-   -APN-DAD#APNAC,contratación de UN (1) servicio de Capacitación en Operación y pilotaje de Drones y Gestión Adminis,Contratación Directa,08/01/2025 10:00 Hrs.,Adjudicado,74/00 - ADMINISTRACIÓN DE PARQUES NACIONALES - COORDINACIÓN DE CONTRATACIONES,107 - Administración de Parques Nacionales,2026-10-10T18:27:32.636896
74-0039-CDI23,EX-2023-99582649-   -APN-DAD#APNAC,Cobertura Seguro Parque Automotor,Contratación Directa,14/09/2023 12:00 Hrs.,Adjudicado,74/00 - ADMINISTRACIÓN DE PARQUES NACIONALES - COORDINACIÓN DE CONTRATACIONES,107 - Administración de Parques Nacionales,2026-10-10T18:27:32.636896
74-0039-LPU25,EX-2025-124168378-   -APN-DAD#APNAC,Adquisición de módulos sanitarios y habitacionales para distintas áreas protegidas del Organismo.,Licitación Pública,19/12/2025 09:00 Hrs.,Dejado Sin Efecto,74/00 - ADMINISTRACIÓN DE PARQUES NACIONALES - COORDINACIÓN DE CONTRATACIONES,107 - Administración de Parques Nacionales,2026-10-10T18:27:32.636896
74-0040-CDI23,EX-2023-100861812-   -APN-DAD#APNAC,Cobertura Seguro de Embarcaciones,Contratación Directa,14/09/2023 14:00 Hrs.,Adjudicado,74/00 - ADMINISTRACIÓN DE PARQUES NACIONALES - COORDINACIÓN DE CONTRATACIONES,107 - Administración de Parques Nacionales,2026-10-10T18:27:32.636896
74-0040-LPU25,EX-2025-127605788-   -APN-DAD#APNAC,Adquisición de camiones,Licitación Pública,19/12/2025 09:00 Hrs.,Dejado Sin Efecto,74/00 - ADMINISTRACIÓN DE PARQUES NACIONALES - COORDINACIÓN DE CONTRATACIONES,107 - Administración de Parques Nacionales,2026-10-10T18:27:32.636896
74-0041-CDI23,EX-2023-101583118-   -APN-DAD#APNAC,Seguro de Responsabilidad Civil Comprensiva Áreas Protegidas,Contratación Directa,15/09/2023 12:00 Hrs.,Adjudicado,74/00 - ADMINISTRACIÓN DE PARQUES NACIONALES - COORDINACIÓN DE CONTRATACIONES,107 - Administración de Parques Nacionales,2026-10-10T18:27:32.636896
74-0043-CDI23,EX-2023-107194865-   -APN-DAD#APNAC,Seguros Ed. Av. Rivadavia 1475-79,Contratación Directa,29/09/2023 14:00 Hrs.,Adjudicado,74/00 - ADMINISTRACIÓN DE PARQUES NACIONALES - COORDINACIÓN DE CONTRATACIONES,107 - Administración de Parques Nacionales,2026-10-10T18:27:32.636896
74-0044-CDI23,EX-2023-109981616-   -APN-DAD#APNAC,Mantenimiento RENARI,Contratación Directa,17/10/2023 14:00 Hrs.,Adjudicado,74/00 - ADMINISTRACIÓN DE PARQUES NACIONALES - COORDINACIÓN DE CONTRATACIONES,107 - Administración de Parques Nacionales,2026-10-10T18:27:32.636896
74-0046-CDI23,EX-2023-112488687-   -APN-DAD#APNAC,Impresión Estampillas de Pesca Temporada 2023-2024,Contratación Directa,12/10/2023 14:00 Hrs.,Adjudicado,74/00 - ADMINISTRACIÓN DE PARQUES NACIONALES - COORDINACIÓN DE CONTRATACIONES,107 - Administración de Parques Nacionales,2026-10-10T18:27:32.636896
74-0047-CDI23,EX-2023-120602431-   -APN-DAD#APNAC,Cobertura Seguro Tecnico Camaras Trampa,Contratación Directa,27/10/2023 14:00 Hrs.,Adjudicado,74/00 - ADMINISTRACIÓN DE PARQUES NACIONALES - COORDINACIÓN DE CONTRATACIONES,107 - Administración de Parques Nacionales,2026-10-10T18:27:32.636896
74-0048-CDI23,EX-2023-121065343-   -APN-DAD#APNAC,Reparación y puesta en funcionamiento planta de tratamiento de efluentes cloacales.,Contratación Directa,07/11/2023 10:00 Hrs.,Adjudicado,74/00 - ADMINISTRACIÓN DE PARQUES NACIONALES - COORDINACIÓN DE CONTRATACIONES,107 - Administración de Parques Nacionales,2026-10-10T18:27:32.636896
74-0052-LPU25,EX-2025-136486227-   -APN-DAD#APNAC,Cobertura Seguro de Embarcaciones,Licitación Pública,18/02/2026 12:00 Hrs.,Adjudicado,74/00 - ADMINISTRACIÓN DE PARQUES NACIONALES - COORDINACIÓN DE CONTRATACIONES,107 - Administración de Parques Nacionales,2026-10-10T18:27:32.636896
74-0053-LPR26,EX-2025-133957545-   -APN-DAD#APNAC,Segundo llamado Alquiler de cochera destinado para el resguardo del vehículo oficial Ford Ranger DOM,Licitación Privada,15/07/2026 10:00 Hrs.,Dejado Sin Efecto,74/00 - ADMINISTRACIÓN DE PARQUES NACIONALES - COORDINACIÓN DE CONTRATACIONES,107 - Administración de Parques Nacionales,2026-10-10T18:27:32.636896
74-0056-CDI23,EX-2023-136763535-   -APN-DAD#APNAC,Renovación Liccencias Microsoft,Contratación Directa,17/11/2023 14:00 Hrs.,Adjudicado,74/00 - ADMINISTRACIÓN DE PARQUES NACIONALES - COORDINACIÓN DE CONTRATACIONES,107 - Administración de Parques Nacionales,2026-10-10T18:27:32.636896
74-0083-LPU22,EX-2022-128240293-   -APN-DAD#APNAC,Adquisición de materiales para la construcción para el Parque Nacional Ansenuza,Licitación Pública,02/03/2023 10:00 Hrs.,Adjudicado,74/00 - ADMINISTRACIÓN DE PARQUES NACIONALES - COORDINACIÓN DE CONTRATACIONES,107 - Administración de Parques Nacionales,2026-10-10T18:27:32.636896
74-0091-LPR24,EX-2024-34902372-   -APN-DAD#APNAC,Servicio de contenedores higiénicos,Licitación Privada,17/05/2024 10:00 Hrs.,Disponible Para Adjudicar,74/00 - ADMINISTRACIÓN DE PARQUES NACIONALES - COORDINACIÓN DE CONTRATACIONES,107 - Administración de Parques Nacionales,2026-10-10T18:27:32.636896
74-0093-LPR24,EX-2024-35123562-   -APN-DAD#APNAC,"Adquisición de UN (1) trípode apto para telescopio, binoculares y cámara de fotos para la DNC",Licitación Privada,20/05/2024 10:00 Hrs.,Adjudicado,74/00 - ADMINISTRACIÓN DE PARQUES NACIONALES - COORDINACIÓN DE CONTRATACIONES,107 - Administración de Parques Nacionales,2026-10-10T18:27:32.636896
74-0100-LPR25,EX-2024-123552376-   -APN-DAD#APNAC,Segundo llamado a Licitación Privada alquiler de cochera destinado para el resguardo del vehículo of,Licitación Privada,28/04/2025 10:00 Hrs.,Adjudicado,74/00 - ADMINISTRACIÓN DE PARQUES NACIONALES - COORDINACIÓN DE CONTRATACIONES,107 - Administración de Parques Nacionales,2026-10-10T18:27:32.636896
74-0127-LPR25,EX-2025-29261405-   -APN-DAD#APNAC,Adquisición de materiales de promoción institucional,Licitación Privada,30/04/2025 10:00 Hrs.,Adjudicado,74/00 - ADMINISTRACIÓN DE PARQUES NACIONALES - COORDINACIÓN DE CONTRATACIONES,107 - Administración de Parques Nacionales,2026-10-10T18:27:32.636896
74-0130-LPR24,EX-2024-44832904-   -APN-DAD#APNAC,Adquisición de neumáticos para vehículos oficiales y camiones mudanceros del Organismo.,Licitación Privada,31/05/2024 10:00 Hrs.,Adjudicado,74/00 - ADMINISTRACIÓN DE PARQUES NACIONALES - COORDINACIÓN DE CONTRATACIONES,107 - Administración de Parques Nacionales,2026-10-10T18:27:32.636896
74-0134-LPR25,EX-2025-29947467-   -APN-DAD#APNAC,Adquisición de insumos para tareas de mantenimiento de la Dirección Nacional de Infraestructura,Licitación Privada,09/05/2025 11:00 Hrs.,Dejado Sin Efecto,74/00 - ADMINISTRACIÓN DE PARQUES NACIONALES - COORDINACIÓN DE CONTRATACIONES,107 - Administración de Parques Nacionales,2026-10-10T18:27:32.636896
74-0140-LPR25,EX-2025-31454659-   -APN-DAD#APNAC,Contratación de un Servicio de Control de Plagas para la sede Ancón,Licitación Privada,30/05/2025 10:00 Hrs.,Adjudicado,74/00 - ADMINISTRACIÓN DE PARQUES NACIONALES - COORDINACIÓN DE CONTRATACIONES,107 - Administración de Parques Nacionales,2026-10-10T18:27:32.636896
74-0142-LPR26,EX-2026-35821248-   -APN-DAD#APNAC,Adquisición de elementos informáticos y eléctricos para tareas del personal técnico,Licitación Privada,25/06/2026 12:00 Hrs.,En Evaluacion,74/00 - ADMINISTRACIÓN DE PARQUES NACIONALES - COORDINACIÓN DE CONTRATACIONES,107 - Administración de Parques Nacionales,2026-10-10T18:27:32.636896
74-0162-LPR26,EX-2026-38923307-   -APN-DAD#APNAC,Adquisición de herramientas y elementos de trabajo para Personal Técnico del Organismo.,Licitación Privada,22/07/2026 10:00 Hrs.,En Evaluacion,74/00 - ADMINISTRACIÓN DE PARQUES NACIONALES - COORDINACIÓN DE CONTRATACIONES,107 - Administración de Parques Nacionales,2026-10-10T18:27:32.636896
74-0163-LPR24,EX-2024-52448271-   -APN-DAD#APNAC,Servicio de provisión y armado de box oficina.,Licitación Privada,24/06/2024 10:00 Hrs.,Dejado Sin Efecto,74/00 - ADMINISTRACIÓN DE PARQUES NACIONALES - COORDINACIÓN DE CONTRATACIONES,107 - Administración de Parques Nacionales,2026-10-10T18:27:32.636896
74-0172-LPR25,EX-2025-38128321-   -APN-DAD#APNAC,Adquisición de Access Point exterior y Ruters para las distintas dependencias del Organismo,Licitación Privada,12/11/2025 10:00 Hrs.,Dejado Sin Efecto,74/00 - ADMINISTRACIÓN DE PARQUES NACIONALES - COORDINACIÓN DE CONTRATACIONES,107 - Administración de Parques Nacionales,2026-10-10T18:27:32.636896
74-0173-LPR25,EX-2025-38177293-   -APN-DAD#APNAC,Adquisición de Tickets SETECA,Licitación Privada,28/04/2025 11:00 Hrs.,Adjudicado,74/00 - ADMINISTRACIÓN DE PARQUES NACIONALES - COORDINACIÓN DE CONTRATACIONES,107 - Administración de Parques Nacionales,2026-10-10T18:27:32.636896
74-0206-LPR23,EX-2023-42900650-   -APN-DAD#APNAC,Adquisición de CUATRO (4) servidores para ampliar el Centro de Cómputos  Ad. Parques Nacionales,Licitación Privada,02/06/2023 10:00 Hrs.,Adjudicado,74/00 - ADMINISTRACIÓN DE PARQUES NACIONALES - COORDINACIÓN DE CONTRATACIONES,107 - Administración de Parques Nacionales,2026-10-10T18:27:32.636896
74-0219-LPR23,EX-2023-43425657-   -APN-DAD#APNAC,Servicio de mantenimiento preventivo y correctivo para el sistema de telefonía IP,Licitación Privada,02/06/2023 10:00 Hrs.,Adjudicado,74/00 - ADMINISTRACIÓN DE PARQUES NACIONALES - COORDINACIÓN DE CONTRATACIONES,107 - Administración de Parques Nacionales,2026-10-10T18:27:32.636896
74-0261-LPR26,EX-2026-60414033-   -APN-DAD#APNAC,Adquisición Guias Únicas de Tránsito,Licitación Privada,29/07/2026 12:00 Hrs.,Disponible Para Adjudicar,74/00 - ADMINISTRACIÓN DE PARQUES NACIONALES - COORDINACIÓN DE CONTRATACIONES,107 - Administración de Parques Nacionales,2026-10-10T18:27:32.636896
74-0267-LPR24,EX-2024-87501477-   -APN-DAD#APNAC,"Adquisición de Cañon Proyector, Auriculares para PC y Webcams",Licitación Privada,11/09/2024 11:00 Hrs.,Adjudicado,74/00 - ADMINISTRACIÓN DE PARQUES NACIONALES - COORDINACIÓN DE CONTRATACIONES,107 - Administración de Parques Nacionales,2026-10-10T18:27:32.636896
74-0279-LPR25,EX-2025-59394006-   -APN-DAD#APNAC,Adquisición de municiones,Licitación Privada,30/06/2025 10:00 Hrs.,Dejado Sin Efecto,74/00 - ADMINISTRACIÓN DE PARQUES NACIONALES - COORDINACIÓN DE CONTRATACIONES,107 - Administración de Parques Nacionales,2026-10-10T18:27:32.636896
74-0285-LPR26,EX-2026-65566069-   -APN-DAD#APNAC,Servicio de impresión de guías de especies,Licitación Privada,07/09/2026 10:00 Hrs.,En Apertura,74/00 - ADMINISTRACIÓN DE PARQUES NACIONALES - COORDINACIÓN DE CONTRATACIONES,107 - Administración de Parques Nacionales,2026-10-10T18:27:32.636896
74-0286-LPR25,EX-2025-60860691-   -APN-DAD#APNAC,Servicio de Mantenimiento Preventivo y Correctivo para el Sistema de Telefonía IP,Licitación Privada,19/09/2025 11:00 Hrs.,Adjudicado,74/00 - ADMINISTRACIÓN DE PARQUES NACIONALES - COORDINACIÓN DE CONTRATACIONES,107 - Administración de Parques Nacionales,2026-10-10T18:27:32.636896
74-0290-LPR24,EX-2024-94258294-   -APN-DAD#APNAC,Adquisición de UNA (1) bomba de vacío y UN (1) equipo de filtración de vidrio,Licitación Privada,01/10/2024 10:00 Hrs.,Adjudicado,74/00 - ADMINISTRACIÓN DE PARQUES NACIONALES - COORDINACIÓN DE CONTRATACIONES,107 - Administración de Parques Nacionales,2026-10-10T18:27:32.636896
74-0290-LPR26,EX-2026-66015447-   -APN-DAD#APNAC,Adquisición de indumentaria y calzado para tareas de campo del personal técnico DNC,Licitación Privada,28/09/2026 09:00 Hrs.,Preadjudicado,74/00 - ADMINISTRACIÓN DE PARQUES NACIONALES - COORDINACIÓN DE CONTRATACIONES,107 - Administración de Parques Nacionales,2026-10-10T18:27:32.636896
74-0305-LPR24,EX-2024-97407995-   -APN-DAD#APNAC,Equipo técnico  de investigación para el  Área Marina Protegida Yaganes.,Licitación Privada,10/10/2024 10:00 Hrs.,Adjudicado,74/00 - ADMINISTRACIÓN DE PARQUES NACIONALES - COORDINACIÓN DE CONTRATACIONES,107 - Administración de Parques Nacionales,2026-10-10T18:27:32.636896
74-0305-LPR26,EX-2026-69414616-   -APN-DAD#APNAC,Adquisición de televisor Smart y soporte de tv.,Licitación Privada,10/09/2026 10:00 Hrs.,En Apertura,74/00 - ADMINISTRACIÓN DE PARQUES NACIONALES - COORDINACIÓN DE CONTRATACIONES,107 - Administración de Parques Nacionales,2026-10-10T18:27:32.636896
74-0315-LPR26,EX-2026-72408251-   -APN-DAD#APNAC,Adquisición municiones y elementos de sujeción de armamento del CGN,Licitación Privada,08/09/2026 09:00 Hrs.,Disponible Para Adjudicar,74/00 - ADMINISTRACIÓN DE PARQUES NACIONALES - COORDINACIÓN DE CONTRATACIONES,107 - Administración de Parques Nacionales,2026-10-10T18:27:32.636896
74-0319-LPR26,EX-2026-73038185-   -APN-DAD#APNAC,Servicio de impresión de SIETE MIL QUINIENTAS (7.500) LÁMINAS SERIE 3 DE BIODIVERSIDAD,Licitación Privada,14/09/2026 10:00 Hrs.,En Apertura,74/00 - ADMINISTRACIÓN DE PARQUES NACIONALES - COORDINACIÓN DE CONTRATACIONES,107 - Administración de Parques Nacionales,2026-10-10T18:27:32.636896
74-0335-LPR26,EX-2026-76685293-   -APN-DAD#APNAC,Adquisición de sombreros reglamentarios destinados al CGN de las Áreas Protegidas del Organismo.,Licitación Privada,24/09/2026 11:00 Hrs.,En Apertura,74/00 - ADMINISTRACIÓN DE PARQUES NACIONALES - COORDINACIÓN DE CONTRATACIONES,107 - Administración de Parques Nacionales,2026-10-10T18:27:32.636896
74-0353-LPR26,EX-2026-80513063-   -APN-DAD#APNAC,Adquisición de Tickets SETECA,Licitación Privada,04/09/2026 11:00 Hrs.,Adjudicado,74/00 - ADMINISTRACIÓN DE PARQUES NACIONALES - COORDINACIÓN DE CONTRATACIONES,107 - Administración de Parques Nacionales,2026-10-10T18:27:32.636896
74-0371-LPR26,EX-2026-85561869-   -APN-DAD#APNAC,Adquisición de neumáticos para las Coordinadoras Zona Norte y Zona Sur,Licitación Privada,09/10/2026 09:00 Hrs.,En Apertura,74/00 - ADMINISTRACIÓN DE PARQUES NACIONALES - COORDINACIÓN DE CONTRATACIONES,107 - Administración de Parques Nacionales,2026-10-10T18:27:32.636896
74-0373-LPR24,EX-2024-108235188-   -APN-DAD#APNAC,Adquisición de Dispositivos Criptográficos de Firma Digital (TOKEN),Licitación Privada,31/10/2024 11:00 Hrs.,Adjudicado,74/00 - ADMINISTRACIÓN DE PARQUES NACIONALES - COORDINACIÓN DE CONTRATACIONES,107 - Administración de Parques Nacionales,2026-10-10T18:27:32.636896
74-0388-LPR23,EX-2023-71797341-   -APN-DAD#APNAC,Servicio de control de plagas y limpieza de tanques,Licitación Privada,09/08/2023 10:00 Hrs.,Adjudicado,74/00 - ADMINISTRACIÓN DE PARQUES NACIONALES - COORDINACIÓN DE CONTRATACIONES,107 - Administración de Parques Nacionales,2026-10-10T18:27:32.636896
74-0390-LPR25,EX-2025-86255888-   -APN-DAD#APNAC,Adquisición de municiones destinadas a capacitación y operatividad de las Áreas Protegidas,Licitación Privada,22/08/2025 09:00 Hrs.,Adjudicado,74/00 - ADMINISTRACIÓN DE PARQUES NACIONALES - COORDINACIÓN DE CONTRATACIONES,107 - Administración de Parques Nacionales,2026-10-10T18:27:32.636896
74-0395-LPR25,EX-2025-87614903-   -APN-DAD#APNAC,Adquisición de Pilas,Licitación Privada,17/09/2025 10:00 Hrs.,Adjudicado,74/00 - ADMINISTRACIÓN DE PARQUES NACIONALES - COORDINACIÓN DE CONTRATACIONES,107 - Administración de Parques Nacionales,2026-10-10T18:27:32.636896
74-0398-LPR24,EX-2024-112500246-   -APN-DAD#APNAC,Adquisición de neumáticos para vehículos oficiales y camiones mudanceros del Organismo.,Licitación Privada,15/11/2024 10:00 Hrs.,Adjudicado,74/00 - ADMINISTRACIÓN DE PARQUES NACIONALES - COORDINACIÓN DE CONTRATACIONES,107 - Administración de Parques Nacionales,2026-10-10T18:27:32.636896
74-0400-LPR25,EX-2025-89640247-   -APN-DAD#APNAC,Cobertura Seguro de Responsabilidad Civil Comprensiva Áreas Protegidas,Licitación Privada,03/11/2025 11:00 Hrs.,Adjudicado,74/00 - ADMINISTRACIÓN DE PARQUES NACIONALES - COORDINACIÓN DE CONTRATACIONES,107 - Administración de Parques Nacionales,2026-10-10T18:27:32.636896
74-0401-LPR24,EX-2024-112568257-   -APN-DAD#APNAC,"Adq. de Embarcaciones y  Motores eléctricos, destinadas a diferentes áreas protegidas del Organismo.",Licitación Privada,11/11/2024 10:00 Hrs.,Dejado Sin Efecto,74/00 - ADMINISTRACIÓN DE PARQUES NACIONALES - COORDINACIÓN DE CONTRATACIONES,107 - Administración de Parques Nacionales,2026-10-10T18:27:32.636896
74-0407-LPR24,EX-2024-113029554-   -APN-DAD#APNAC,Servicio anual de monitoreo nacional de medios de comunicación,Licitación Privada,20/11/2024 10:00 Hrs.,Adjudicado,74/00 - ADMINISTRACIÓN DE PARQUES NACIONALES - COORDINACIÓN DE CONTRATACIONES,107 - Administración de Parques Nacionales,2026-10-10T18:27:32.636896
74-0420-LPR23,EX-2023-79601399-   -APN-DAD#APNAC,Adquisición de equipamiento para mantenimiento del material bibliográfico,Licitación Privada,11/08/2023 10:00 Hrs.,Dejado Sin Efecto,74/00 - ADMINISTRACIÓN DE PARQUES NACIONALES - COORDINACIÓN DE CONTRATACIONES,107 - Administración de Parques Nacionales,2026-10-10T18:27:32.636896
74-0437-LPR24,EX-2024-117125526-   -APN-DAD#APNAC,Insumos para la producción de cartelería para el Organismo,Licitación Privada,21/11/2024 11:00 Hrs.,Dejado Sin Efecto,74/00 - ADMINISTRACIÓN DE PARQUES NACIONALES - COORDINACIÓN DE CONTRATACIONES,107 - Administración de Parques Nacionales,2026-10-10T18:27:32.636896
74-0442-LPR24,EX-2024-118237278-   -APN-DAD#APNAC,"Servicio de Impresión de ejemplares de la serie de láminas educativas “Especies EVVE-serie 2024""",Licitación Privada,13/12/2024 10:00 Hrs.,Adjudicado,74/00 - ADMINISTRACIÓN DE PARQUES NACIONALES - COORDINACIÓN DE CONTRATACIONES,107 - Administración de Parques Nacionales,2026-10-10T18:27:32.636896
74-0443-LPR23,EX-2023-86640161-   -APN-DAD#APNAC,Equipos de medición y computación para tareas de campo.,Licitación Privada,30/08/2023 10:00 Hrs.,Adjudicado,74/00 - ADMINISTRACIÓN DE PARQUES NACIONALES - COORDINACIÓN DE CONTRATACIONES,107 - Administración de Parques Nacionales,2026-10-10T18:27:32.636896
74-0448-LPR25,EX-2025-102306398-   -APN-DAD#APNAC,Adquisición de equipos informáticos para tareas del personal técnico,Licitación Privada,17/11/2025 10:00 Hrs.,Adjudicado,74/00 - ADMINISTRACIÓN DE PARQUES NACIONALES - COORDINACIÓN DE CONTRATACIONES,107 - Administración de Parques Nacionales,2026-10-10T18:27:32.636896
74-0451-LPR25,EX-2025-102914363-   -APN-DAD#APNAC,Equipos Tecnicos DNC,Licitación Privada,17/11/2025 11:00 Hrs.,Adjudicado,74/00 - ADMINISTRACIÓN DE PARQUES NACIONALES - COORDINACIÓN DE CONTRATACIONES,107 - Administración de Parques Nacionales,2026-10-10T18:27:32.636896
74-0473-LPR25,EX-2025-105325215-   -APN-DAD#APNAC,Cobertura Seguro de Transporte (Mudanza),Licitación Privada,11/11/2025 12:00 Hrs.,Adjudicado,74/00 - ADMINISTRACIÓN DE PARQUES NACIONALES - COORDINACIÓN DE CONTRATACIONES,107 - Administración de Parques Nacionales,2026-10-10T18:27:32.636896
74-0483-LPR23,EX-2023-99388078-   -APN-DAD#APNAC,"Adquisición de detectores de humo, timbre alarma y cartelería para el edificio de la Casa Central",Licitación Privada,15/09/2023 10:00 Hrs.,Adjudicado,74/00 - ADMINISTRACIÓN DE PARQUES NACIONALES - COORDINACIÓN DE CONTRATACIONES,107 - Administración de Parques Nacionales,2026-10-10T18:27:32.636896
74-0487-LPR25,EX-2025-106195631-   -APN-DAD#APNAC,Impresión de láminas educativas,Licitación Privada,13/11/2025 10:00 Hrs.,Adjudicado,74/00 - ADMINISTRACIÓN DE PARQUES NACIONALES - COORDINACIÓN DE CONTRATACIONES,107 - Administración de Parques Nacionales,2026-10-10T18:27:32.636896
74-0491-LPR24,EX-2024-123552376-   -APN-DAD#APNAC,alquiler de cochera destinado para el resguardo del vehículo oficial Ford Ranger DOMINIO KZZ513,Licitación Privada,20/01/2025 10:00 Hrs.,Dejado Sin Efecto,74/00 - ADMINISTRACIÓN DE PARQUES NACIONALES - COORDINACIÓN DE CONTRATACIONES,107 - Administración de Parques Nacionales,2026-10-10T18:27:32.636896
74-0527-LPR25,EX-2025-109199072-   -APN-DAD#APNAC,Servicio de alquiler de equipos impresores,Licitación Privada,13/02/2026 10:00 Hrs.,Adjudicado,74/00 - ADMINISTRACIÓN DE PARQUES NACIONALES - COORDINACIÓN DE CONTRATACIONES,107 - Administración de Parques Nacionales,2026-10-10T18:27:32.636896
74-0536-LPR24,EX-2024-132911168-   -APN-DAD#APNAC,Servicio de Limpieza Sede administrativa Zona Norte - Tucumán,Licitación Privada,24/01/2025 10:00 Hrs.,Adjudicado,74/00 - ADMINISTRACIÓN DE PARQUES NACIONALES - COORDINACIÓN DE CONTRATACIONES,107 - Administración de Parques Nacionales,2026-10-10T18:27:32.636896
74-0537-LPR24,EX-2024-133855604-   -APN-DAD#APNAC,"Contratación de una profesional/técnica con especialidad en contaduría pública, para efectuar una pe",Licitación Privada,05/02/2025 10:00 Hrs.,Dejado Sin Efecto,74/00 - ADMINISTRACIÓN DE PARQUES NACIONALES - COORDINACIÓN DE CONTRATACIONES,107 - Administración de Parques Nacionales,2026-10-10T18:27:32.636896
74-0538-LPR24,EX-2024-138670440-   -APN-DAD#APNAC,"adquisición de UNA (1) impresora de tarjeta de dos caras, más insumos para la DDEIAV",Licitación Privada,29/01/2025 10:00 Hrs.,Adjudicado,74/00 - ADMINISTRACIÓN DE PARQUES NACIONALES - COORDINACIÓN DE CONTRATACIONES,107 - Administración de Parques Nacionales,2026-10-10T18:27:32.636896
74-0559-LPR23,EX-2023-123296807-   -APN-DAD#APNAC,Servicio de contenedores higiénicos,Licitación Privada,15/12/2023 10:00 Hrs.,Fracasado,74/00 - ADMINISTRACIÓN DE PARQUES NACIONALES - COORDINACIÓN DE CONTRATACIONES,107 - Administración de Parques Nacionales,2026-10-10T18:27:32.636896
74-0573-LPR23,EX-2023-129036362-   -APN-DAD#APNAC,Servicio de consultoría Oracle,Licitación Privada,30/11/2023 10:00 Hrs.,Adjudicado,74/00 - ADMINISTRACIÓN DE PARQUES NACIONALES - COORDINACIÓN DE CONTRATACIONES,107 - Administración de Parques Nacionales,2026-10-10T18:27:32.636896
74-0574-LPR25,EX-2025-113339213-   -APN-DAD#APNAC,Adquisición de gafetes institucionales destinados al personal perteneciente a Guardaparques,Licitación Privada,17/11/2025 10:00 Hrs.,Dejado Sin Efecto,74/00 - ADMINISTRACIÓN DE PARQUES NACIONALES - COORDINACIÓN DE CONTRATACIONES,107 - Administración de Parques Nacionales,2026-10-10T18:27:32.636896
74-0577-LPR25,EX-2025-113492822-   -APN-DAD#APNAC,"Adquisición de material institucional para eventos, acciones protocolares",Licitación Privada,05/01/2026 10:00 Hrs.,Adjudicado,74/00 - ADMINISTRACIÓN DE PARQUES NACIONALES - COORDINACIÓN DE CONTRATACIONES,107 - Administración de Parques Nacionales,2026-10-10T18:27:32.636896
74-0659-LPR25,EX-2025-119092791-   -APN-DAD#APNAC,Adquisición de batanes para transporte de agua y combustible para distintas áreas protegidas,Licitación Privada,05/12/2025 10:00 Hrs.,Dejado Sin Efecto,74/00 - ADMINISTRACIÓN DE PARQUES NACIONALES - COORDINACIÓN DE CONTRATACIONES,107 - Administración de Parques Nacionales,2026-10-10T18:27:32.636896
74-0671-LPR25,EX-2025-119954625-   -APN-DAD#APNAC,Adquisición de Carpas y kits Institucionales,Licitación Privada,09/12/2025 12:00 Hrs.,Adjudicado,74/00 - ADMINISTRACIÓN DE PARQUES NACIONALES - COORDINACIÓN DE CONTRATACIONES,107 - Administración de Parques Nacionales,2026-10-10T18:27:32.636896
74-0716-LPR25,EX-2025-123483727-   -APN-DAD#APNAC,adquisición de cartuchos y cabezales,Licitación Privada,19/12/2025 10:00 Hrs.,Adjudicado,74/00 - ADMINISTRACIÓN DE PARQUES NACIONALES - COORDINACIÓN DE CONTRATACIONES,107 - Administración de Parques Nacionales,2026-10-10T18:27:32.636896
74-0724-LPR25,EX-2025-124744934-   -APN-DAD#APNAC,Adquisición de motores para embarcaciones.,Licitación Privada,22/12/2025 09:00 Hrs.,Dejado Sin Efecto,74/00 - ADMINISTRACIÓN DE PARQUES NACIONALES - COORDINACIÓN DE CONTRATACIONES,107 - Administración de Parques Nacionales,2026-10-10T18:27:32.636896
74-0791-LPR25,EX-2025-131334686-   -APN-DAD#APNAC,Adquisición de Access Point exterior y Ruters para las distintas dependencias del Organismo,Licitación Privada,06/01/2026 10:00 Hrs.,Dejado Sin Efecto,74/00 - ADMINISTRACIÓN DE PARQUES NACIONALES - COORDINACIÓN DE CONTRATACIONES,107 - Administración de Parques Nacionales,2026-10-10T18:27:32.636896
74-0802-LPR25,EX-2025-133957545-   -APN-DAD#APNAC,Servicio de alquiler de cochera en la provincia de Salta,Licitación Privada,27/01/2026 10:00 Hrs.,Dejado Sin Efecto,74/00 - ADMINISTRACIÓN DE PARQUES NACIONALES - COORDINACIÓN DE CONTRATACIONES,107 - Administración de Parques Nacionales,2026-10-10T18:27:32.636896
74-0826-LPR22,EX-2022-138486840-   -APN-DAD#APNAC,Adquisición de extintores y servicio de recarga anual e inspección trimestral de los extintores,Licitación Privada,19/01/2023 10:00 Hrs.,Adjudicado,74/00 - ADMINISTRACIÓN DE PARQUES NACIONALES - COORDINACIÓN DE CONTRATACIONES,107 - Administración de Parques Nacionales,2026-10-10T18:27:32.636896
74-0828-LPR22,EX-2022-140160925-   -APN-DAD#APNAC,Adquisición e instalación de luces de emergencia para la Casa Central de la APN,Licitación Privada,03/02/2023 10:00 Hrs.,Dejado Sin Efecto,74/00 - ADMINISTRACIÓN DE PARQUES NACIONALES - COORDINACIÓN DE CONTRATACIONES,107 - Administración de Parques Nacionales,2026-10-10T18:27:32.636896
454-0001-CDI23,EX-2023-05098312-   -APN-AGCYCD#ENACOM,SERVICIO MONITOREO Y AUDITORÍA DE MEDIOS DE COMUNICACIÓN,Contratación Directa,27/03/2023 11:30 Hrs.,Adjudicado,454/000 - Subdirección de Compras y Contrataciones,207 - Ente Nacional de Comunicaciones,2026-10-10T18:28:17.867297
454-0001-CDI24,EX-2024-37178197-   -APN-AGCYCC#ENACOM,AUDITORÍA DE SEGUIMIENTO N° 1 DEL SISTEMA DE GESTIÓN DE LA CALIDAD REFERENCIAL IRAM Nº 13 - UAI,Contratación Directa,09/05/2024 11:30 Hrs.,Adjudicado,454/000 - Subdirección de Compras y Contrataciones,207 - Ente Nacional de Comunicaciones,2026-10-10T18:28:17.867297
454-0001-CDI25,EX-2025-20137834-   -APN-AGCYCC#ENACOM,AUDITORÍA DE SEGUIMIENTO N° 2 DEL SISTEMA DE GESTIÓN DE LA CALIDAD,Contratación Directa,26/03/2025 11:30 Hrs.,Adjudicado,454/000 - Subdirección de Compras y Contrataciones,207 - Ente Nacional de Comunicaciones,2026-10-10T18:28:17.867297
454-0001-CDI26,EX-2026-22179113-   -APN-AECYC#ENACOM,"Adquisición de UNA Licencia Microsoft Fabric, OneLake e IA, y de UNA Licencia de Copilot Studio",Contratación Directa,28/04/2026 11:30 Hrs.,Dejado Sin Efecto,454/000 - Subdirección de Compras y Contrataciones,207 - Ente Nacional de Comunicaciones,2026-10-10T18:28:17.867297
454-0001-LPR24,EX-2024-19151025-   -APN-AGCYCC#ENACOM,ADQUISICIÓN DE RESMAS,Licitación Privada,04/04/2024 11:30 Hrs.,Adjudicado,454/000 - Subdirección de Compras y Contrataciones,207 - Ente Nacional de Comunicaciones,2026-10-10T18:28:17.867297
454-0001-LPR25,EX-2025-26051995-   -APN-AGCYCC#ENACOM,PROVISIÓN Y COLOCACIÓN DE PLOTEO INSTITUCIONAL PARA LAS SEDES DE ENACOM UBICADAS CABA,Licitación Privada,01/04/2025 11:30 Hrs.,Adjudicado,454/000 - Subdirección de Compras y Contrataciones,207 - Ente Nacional de Comunicaciones,2026-10-10T18:28:17.867297
454-0001-LPR26,EX-2026-60175086-   -APN-AECYC#ENACOM,"MANTENIMIENTO INTEGRAL, PREVENTIVO Y CORRECTIVO DE GRUPOS ELECTRÓGENOS DE LOS CCTEs",Licitación Privada,18/08/2026 11:30 Hrs.,Adjudicado,454/000 - Subdirección de Compras y Contrataciones,207 - Ente Nacional de Comunicaciones,2026-10-10T18:28:17.867297
454-0001-LPU23,EX-2023-04484315-   -APN-AGCYCD#ENACOM,LOCACIÓN DE UN INMUEBLE PARA EL FUNCIONAMIENTO DE LA DELEGACIÓN JUJUY,Licitación Pública,20/07/2023 11:30 Hrs.,Dejado Sin Efecto,454/000 - Subdirección de Compras y Contrataciones,207 - Ente Nacional de Comunicaciones,2026-10-10T18:28:17.867297
454-0001-LPU25,EX-2025-19198282-   -APN-AGCYCC#ENACOM,PLATAFORMA PARA EL MONITOREO Y FISCALIZACIÓN DE INFRAESTRUCTURA DE ACTIVOS DE TELECOMUNICACIONES,Licitación Pública,27/03/2025 11:30 Hrs.,Adjudicado,454/000 - Subdirección de Compras y Contrataciones,207 - Ente Nacional de Comunicaciones,2026-10-10T18:28:17.867297
454-0001-LPU26,EX-2026-17050354-   -APN-AECYC#ENACOM,ADQUISICIÓN DE MÓDULOS DE EXPOSICIÓN Y DE MATERIAL INSTITUCIONAL PARA UNA MUESTRA DEL MUSEO EN EL C3,Licitación Pública,16/03/2026 11:30 Hrs.,Adjudicado,454/000 - Subdirección de Compras y Contrataciones,207 - Ente Nacional de Comunicaciones,2026-10-10T18:28:17.867297
454-0002-CDI23,EX-2023-11675476-   -APN-AGCYCC#ENACOM,ALQUILER DE EQUIPO AUDIOVISUAL Y SERVICIOS GASTRONÓMICOS PARA LA LXII REUNIÓN DE MERCOSUR,Contratación Directa,14/02/2023 11:30 Hrs.,Adjudicado,454/000 - Subdirección de Compras y Contrataciones,207 - Ente Nacional de Comunicaciones,2026-10-10T18:28:17.867297
454-0002-CDI24,EX-2024-63173323-   -APN-AGCYCC#ENACOM,SEGUROS GENERALES 2024,Contratación Directa,24/06/2024 11:00 Hrs.,Adjudicado,454/000 - Subdirección de Compras y Contrataciones,207 - Ente Nacional de Comunicaciones,2026-10-10T18:28:17.867297
454-0002-CDI25,EX-2025-34624177-   -APN-AGCYCC#ENACOM,ADQ. DE 36 TERMINALES DE MONITOREO AUTÓNOMOS PORTÁTILES AZENQOS Y 6 LIC. PARA DICHA TERMINALES,Contratación Directa,30/04/2025 11:30 Hrs.,Adjudicado,454/000 - Subdirección de Compras y Contrataciones,207 - Ente Nacional de Comunicaciones,2026-10-10T18:28:17.867297
454-0002-CDI26,EX-2026-22495115-   -APN-AECYC#ENACOM,"ADQ. DE 40 LIC. DE LA PLATAFORMA SPECTRUM-E, Y MANTENIMIENTO EVOLUTIVO Y DE ASISTENCIA",Contratación Directa,18/03/2026 11:30 Hrs.,Adjudicado,454/000 - Subdirección de Compras y Contrataciones,207 - Ente Nacional de Comunicaciones,2026-10-10T18:28:17.867297
454-0002-LPR24,EX-2024-34966884-   -APN-AGCYCC#ENACOM,SERVICIO DE MONITOREO Y AUDITORÍA DE MEDIOS,Licitación Privada,10/05/2024 11:30 Hrs.,Adjudicado,454/000 - Subdirección de Compras y Contrataciones,207 - Ente Nacional de Comunicaciones,2026-10-10T18:28:17.867297
454-0002-LPR25,EX-2025-33811846-   -APN-AGCYCC#ENACOM,"MANTENIMIENTO INTEGRAL, PREVENTIVO Y CORRECTIVO DE ASCENSORES PARA LA SEDE DE LIMA Nº 1007 CABA",Licitación Privada,28/04/2025 11:30 Hrs.,Adjudicado,454/000 - Subdirección de Compras y Contrataciones,207 - Ente Nacional de Comunicaciones,2026-10-10T18:28:17.867297
454-0002-LPR26,EX-2026-63589303-   -APN-AECYC#ENACOM,SERVICIO DE ENLACE DE COMUNICACIÓN DE DATOS SATELITAL Y ADQUISICIÓN DE EQUIPOS DE COMUNICACIÓN,Licitación Privada,31/07/2026 11:30 Hrs.,Dejado Sin Efecto,454/000 - Subdirección de Compras y Contrataciones,207 - Ente Nacional de Comunicaciones,2026-10-10T18:28:17.867297
454-0002-LPU23,EX-2023-06170254-   -APN-AGCYCD#ENACOM,ADQUISICIÓN DE ELEMENTOS DE RADIOFRECUENCIA (RF) PARA EL SNCTE,Licitación Pública,14/04/2023 12:30 Hrs.,Adjudicado,454/000 - Subdirección de Compras y Contrataciones,207 - Ente Nacional de Comunicaciones,2026-10-10T18:28:17.867297
454-0002-LPU25,EX-2025-23755577-   -APN-AGCYCC#ENACOM,"ACTUALIZACIÓN DE CENTRALES TELEFÓNICAS, MANTENIMIENTO CORRECTIVO Y PREVENTIVO Y ADQUISIC DE TELEFONO",Licitación Pública,24/04/2025 11:30 Hrs.,Adjudicado,454/000 - Subdirección de Compras y Contrataciones,207 - Ente Nacional de Comunicaciones,2026-10-10T18:28:17.867297
454-0002-LPU26,EX-2026-41461747-   -APN-AECYC#ENACOM,RENOVACION LIC CHECK POINT FIREWALL PERIMETRAL Y HARMONY ENDPOINT CON SOPORTE DEL FABRICANTE Y LOCAL,Licitación Pública,20/05/2026 11:30 Hrs.,Adjudicado,454/000 - Subdirección de Compras y Contrataciones,207 - Ente Nacional de Comunicaciones,2026-10-10T18:28:17.867297
454-0003-CDI23,EX-2023-41222149-   -APN-AGCYCD#ENACOM,CONVENIO ENTRE EL CORREO OFICIAL DE LA REPÚBLICA ARGENTINA S.A. Y EL ENTE NACIONAL DE COMUNICACIONES,Contratación Directa,19/04/2023 11:30 Hrs.,Adjudicado,454/000 - Subdirección de Compras y Contrataciones,207 - Ente Nacional de Comunicaciones,2026-10-10T18:28:17.867297
454-0003-CDI24,EX-2024-81353242-   -APN-AGCYCC#ENACOM,ADQUISICIÓN DE SESENTA (60) CINTAS LTO-5,Contratación Directa,12/09/2024 11:30 Hrs.,Adjudicado,454/000 - Subdirección de Compras y Contrataciones,207 - Ente Nacional de Comunicaciones,2026-10-10T18:28:17.867297
454-0003-CDI25,EX-2025-37447414-   -APN-AGCYCC#ENACOM,SERVICIO DE MONITOREO Y AUDITORÍA DE MEDIOS DE COMUNICACIÓN,Contratación Directa,06/05/2025 11:30 Hrs.,Adjudicado,454/000 - Subdirección de Compras y Contrataciones,207 - Ente Nacional de Comunicaciones,2026-10-10T18:28:17.867297
454-0003-CDI26,EX-2026-38812636-   -APN-AECYC#ENACOM,ADQUISICIÓN DE GRABADORA DE VIDEO,Contratación Directa,12/05/2026 11:30 Hrs.,Dejado Sin Efecto,454/000 - Subdirección de Compras y Contrataciones,207 - Ente Nacional de Comunicaciones,2026-10-10T18:28:17.867297
454-0003-LPR24,EX-2024-40150712-   -APN-AGCYCD#ENACOM,"SERVICIO DE MANTENIMIENTO, RECARGA ANUAL Y CONTROL TRIMESTRAL DE EXTINTORES DEL ENACOM",Licitación Privada,29/07/2024 11:30 Hrs.,Adjudicado,454/000 - Subdirección de Compras y Contrataciones,207 - Ente Nacional de Comunicaciones,2026-10-10T18:28:17.867297
454-0003-LPR25,EX-2025-35112450-   -APN-AGCYCC#ENACOM,ACTUALIZACIÓN DE MIL CUATROCIENTAS LICENCIAS CEGID PEOPLENET INCLUYENDO EL SERVICIO DE SOPORTE TÉCNI,Licitación Privada,14/05/2025 11:30 Hrs.,Dejado Sin Efecto,454/000 - Subdirección de Compras y Contrataciones,207 - Ente Nacional de Comunicaciones,2026-10-10T18:28:17.867297
454-0003-LPR26,EX-2026-68751209-   -APN-AECYC#ENACOM,"Serv. de  impresión, copiado y digitalización con la provisión en comodato de equipos multifunción",Licitación Privada,11/08/2026 11:30 Hrs.,Adjudicado,454/000 - Subdirección de Compras y Contrataciones,207 - Ente Nacional de Comunicaciones,2026-10-10T18:28:17.867297
454-0003-LPU23,EX-2023-15101562-   -APN-AGCYCD#ENACOM,ADQUISICIÓN DE VEINTE MIL (20.000) DISPOSITIVOS (NETBOOKS),Licitación Pública,23/02/2023 11:30 Hrs.,Adjudicado,454/000 - Subdirección de Compras y Contrataciones,207 - Ente Nacional de Comunicaciones,2026-10-10T18:28:17.867297
454-0003-LPU26,EX-2026-66371046-   -APN-AECYC#ENACOM,IMPLEMENTACIÓN DEL SIS. ALERTA TEMPRANA AlertAR MEDIANTE LA PROVISIÓN DE PLATAFORMA CELL BROADCAST,Licitación Pública,22/07/2026 11:30 Hrs.,En Apertura,454/000 - Subdirección de Compras y Contrataciones,207 - Ente Nacional de Comunicaciones,2026-10-10T18:28:17.867297
454-0004-CDI24,EX-2024-87024662-   -APN-AGCYCC#ENACOM,ADQUISICIÓN DE TERMOTANQUES ELÉCTRICOS,Contratación Directa,12/09/2024 11:30 Hrs.,Adjudicado,454/000 - Subdirección de Compras y Contrataciones,207 - Ente Nacional de Comunicaciones,2026-10-10T18:28:17.867297
454-0004-CDI25,EX-2025-41385470-   -APN-AGCYCC#ENACOM,LOCACIÓN DEL INMUEBLE SEDE DEL ENACOM UBICADO EN LA CALLE LIMA N° 1.007 /11 CABA,Contratación Directa,21/05/2025 11:30 Hrs.,Adjudicado,454/000 - Subdirección de Compras y Contrataciones,207 - Ente Nacional de Comunicaciones,2026-10-10T18:28:17.867297
454-0004-CDI26,EX-2026-41393857-   -APN-AECYC#ENACOM,AUDITORÍA DE RECERTIFICACIÓN DEL REFERENCIAL IRAM Nº 13 SEGUNDA EDICIÓN 2017 DEL SISTEMA DE CALIDAD,Contratación Directa,15/05/2026 11:30 Hrs.,Adjudicado,454/000 - Subdirección de Compras y Contrataciones,207 - Ente Nacional de Comunicaciones,2026-10-10T18:28:17.867297
454-0004-LPR24,EX-2024-73364468-   -APN-AGCYCD#ENACOM,CONTRATACIÓN DEL SERVICIO DE ALQUILER DE OFICINAS MÓVILES Y BAÑOS QUÍMICOS,Licitación Privada,20/08/2024 11:30 Hrs.,Adjudicado,454/000 - Subdirección de Compras y Contrataciones,207 - Ente Nacional de Comunicaciones,2026-10-10T18:28:17.867297
454-0004-LPR25,EX-2025-44843340-   -APN-AGCYCC#ENACOM,SERVICIO DE ALQUILER DE OFICINAS MÓVILES Y BAÑOS QUÍMICOS,Licitación Privada,09/06/2025 11:30 Hrs.,Adjudicado,454/000 - Subdirección de Compras y Contrataciones,207 - Ente Nacional de Comunicaciones,2026-10-10T18:28:17.867297
454-0004-LPR26,EX-2026-75477710-   -APN-AECYC#ENACOM,SERVICIO DE TELEFONÍA CELULAR MÓVIL Y TRANSFERENCIA DE DATOS,Licitación Privada,15/09/2026 11:30 Hrs.,En Evaluacion,454/000 - Subdirección de Compras y Contrataciones,207 - Ente Nacional de Comunicaciones,2026-10-10T18:28:17.867297
454-0004-LPU23,EX-2023-24156359-   -APN-AGCYCC#ENACOM,CONTRATACIÓN DE UN (1) SERVICIO PARA LA PRODUCCIÓN GENERAL DE UN STAND INSTIUCIONAL EN TECNÓPOLIS,Licitación Pública,21/03/2023 11:30 Hrs.,Adjudicado,454/000 - Subdirección de Compras y Contrataciones,207 - Ente Nacional de Comunicaciones,2026-10-10T18:28:17.867297
454-0005-CDI24,EX-2024-87061352-   -APN-AGCYCC#ENACOM,CERTIFICACIÓN MENSUAL DE LA INSTALACIÓN TÉRMICA COMPUESTA POR UNA (1) CALDERA,Contratación Directa,18/09/2024 11:30 Hrs.,Adjudicado,454/000 - Subdirección de Compras y Contrataciones,207 - Ente Nacional de Comunicaciones,2026-10-10T18:28:17.867297
454-0005-CDI25,EX-2025-57910044-   -APN-AGCYCC#ENACOM,ADQUISICIÓN DE EQUIPOS INVERSORES DE POTENCIA DE CORRIENTE CONTINUA A CORRIENTE ALTERNA,Contratación Directa,01/08/2025 11:30 Hrs.,Dejado Sin Efecto,454/000 - Subdirección de Compras y Contrataciones,207 - Ente Nacional de Comunicaciones,2026-10-10T18:28:17.867297
454-0005-CDI26,EX-2026-54469320-   -APN-AECYC#ENACOM,PROVISIÓN DE TERMINALES TELEFÓNICOS SIP/IP INCLUYENDO SU CORRESPONDIENTE ACTIVACIÓN FUNCIONAL,Contratación Directa,06/07/2026 11:30 Hrs.,Adjudicado,454/000 - Subdirección de Compras y Contrataciones,207 - Ente Nacional de Comunicaciones,2026-10-10T18:28:17.867297
454-0005-LPR24,EX-2024-104288144-   -APN-AGCYCC#ENACOM,SERVICIO MENSUAL MICROSOFT FABRIC Y ONELAKE Y OCHO SUSCRIPCIONES MENSUALES A POWER BI PRO,Licitación Privada,25/10/2024 11:30 Hrs.,Dejado Sin Efecto,454/000 - Subdirección de Compras y Contrataciones,207 - Ente Nacional de Comunicaciones,2026-10-10T18:28:17.867297
454-0005-LPR25,EX-2025-44991731-   -APN-AGCYCC#ENACOM,PROVISIÓN DE BIDONES DE AGUA POTABLE PARA CONSUMO HUMANO Y SERVICIO DE ALQUILER DE DISPENSERS,Licitación Privada,21/08/2025 11:30 Hrs.,Adjudicado,454/000 - Subdirección de Compras y Contrataciones,207 - Ente Nacional de Comunicaciones,2026-10-10T18:28:17.867297
454-0005-LPR26,EX-2026-82236039-   -APN-AECYC#ENACOM,SERVICIO DE MONITOREO Y AUDITORÍA DE MEDIOS DE COMUNICACIÓN,Licitación Privada,15/09/2026 11:30 Hrs.,Adjudicado,454/000 - Subdirección de Compras y Contrataciones,207 - Ente Nacional de Comunicaciones,2026-10-10T18:28:17.867297
454-0005-LPU23,EX-2023-25351985-   -APN-AGCYCD#ENACOM,ADQUISICIÓN DE CUARENTA (40) GABINETES INTEGRALES TIC,Licitación Pública,05/06/2023 11:30 Hrs.,Dejado Sin Efecto,454/000 - Subdirección de Compras y Contrataciones,207 - Ente Nacional de Comunicaciones,2026-10-10T18:28:17.867297
454-0005-LPU25,EX-2025-35016866-   -APN-AGCYCC#ENACOM,SOPORTE DE FABRICANTE DELL TECHNOLOGIES BAJO LAS MODALIDADES PROSUPPORT Y PROSUPPORT PLUS,Licitación Pública,26/06/2025 11:30 Hrs.,Dejado Sin Efecto,454/000 - Subdirección de Compras y Contrataciones,207 - Ente Nacional de Comunicaciones,2026-10-10T18:28:17.867297
454-0006-CDI23,EX-2023-80904872-   -APN-AGCYCD#ENACOM,SERVICIO DE INFORMACIÓN DE ANTECEDENTES COMERCIALES DE PERSONAS FÍSICAS Y JURÍDICAS,Contratación Directa,06/09/2023 11:30 Hrs.,Adjudicado,454/000 - Subdirección de Compras y Contrataciones,207 - Ente Nacional de Comunicaciones,2026-10-10T18:28:17.867297
454-0006-CDI24,EX-2024-93579986-   -APN-AGCYCC#ENACOM,"SOPORTE TÉCN AZENQOS, RENOV Y ACTUAL LICENCIAS AZENQOS Y PLATAFORMA DE MEDICIONES EN LA NUBE XMART",Contratación Directa,02/10/2024 11:30 Hrs.,Adjudicado,454/000 - Subdirección de Compras y Contrataciones,207 - Ente Nacional de Comunicaciones,2026-10-10T18:28:17.867297
454-0006-CDI25,EX-2025-61133349-   -APN-AGCYCC#ENACOM,SERVICIO EN LÍNEA DE VALIDACIÓN DE DOMICILIOS CON GEORREFERENCIACIÓN,Contratación Directa,10/07/2025 11:30 Hrs.,Adjudicado,454/000 - Subdirección de Compras y Contrataciones,207 - Ente Nacional de Comunicaciones,2026-10-10T18:28:17.867297
454-0006-CDI26,EX-2026-60154890-   -APN-AECYC#ENACOM,REPARACIÓN DEL GRUPO ELECTRÓGENO INSTALADO EN EL CCTE BUENOS AIRES,Contratación Directa,06/07/2026 11:30 Hrs.,Adjudicado,454/000 - Subdirección de Compras y Contrataciones,207 - Ente Nacional de Comunicaciones,2026-10-10T18:28:17.867297
454-0006-LPR25,EX-2025-35112450-   -APN-AGCYCC#ENACOM,ACTUALIZACIÓN DE 1400 LICENCIAS CEGID PEOPLENET INCLUYENDO EL SOPORTE TÉCNIO,Licitación Privada,26/06/2025 11:30 Hrs.,Adjudicado,454/000 - Subdirección de Compras y Contrataciones,207 - Ente Nacional de Comunicaciones,2026-10-10T18:28:17.867297
454-0006-LPU23,EX-2023-30247435-   -APN-AGCYCC#ENACOM,MANTENIMIENTO CON PROVISIÓN DE REPUESTOS DE MÁQUINAS ENFRIADORAS Y EQUIPOS,Licitación Pública,26/04/2023 11:30 Hrs.,Adjudicado,454/000 - Subdirección de Compras y Contrataciones,207 - Ente Nacional de Comunicaciones,2026-10-10T18:28:17.867297
454-0007-CDI23,EX-2023-115430217-   -APN-AGCYCC#ENACOM,CONTRATACIÓN DE SERVICIOS PARA LA REALIZACIÓN DE UNA ACTIVIDAD INSTITUCIONAL A EFECTUARSE EN EL AMBA,Contratación Directa,06/10/2023 11:30 Hrs.,Adjudicado,454/000 - Subdirección de Compras y Contrataciones,207 - Ente Nacional de Comunicaciones,2026-10-10T18:28:17.867297
454-0007-CDI24,EX-2024-99065200-   -APN-AGCYCC#ENACOM,"CONVENIO INTERADMINISTRATIVO ENTRE ARSAT Y ENACOM - SERVICIO DE NUBE (HOSTING), REFEFO, IDE SaaS",Contratación Directa,18/10/2024 11:30 Hrs.,Adjudicado,454/000 - Subdirección de Compras y Contrataciones,207 - Ente Nacional de Comunicaciones,2026-10-10T18:28:17.867297
454-0007-CDI25,EX-2025-76508819-   -APN-AGCYCD#ENACOM,"ADQUISICIÓN DE LICENCIAS MICROSOFT M365, TEAMS ENTERPRISE Y WIN SERVER",Contratación Directa,29/08/2025 11:30 Hrs.,Adjudicado,454/000 - Subdirección de Compras y Contrataciones,207 - Ente Nacional de Comunicaciones,2026-10-10T18:28:17.867297
454-0007-CDI26,EX-2026-82740971-   -APN-AECYC#ENACOM,ASISTENCIA TÉCNICA PROFESIONAL PARA SOPORTE Y EVOLUCIÓN FUNCIONAL DE LA PLATAFORMA META4 PEOPLENET,Contratación Directa,15/09/2026 11:30 Hrs.,Adjudicado,454/000 - Subdirección de Compras y Contrataciones,207 - Ente Nacional de Comunicaciones,2026-10-10T18:28:17.867297
454-0007-LPR24,EX-2024-117966769-   -APN-AGCYCC#ENACOM,ADQUISICIÓN DE  ANALIZADORES DE ESPECTRO EN TIEMPO REAL (RECEPTORES DIGITALES PROGRAMABLES),Licitación Privada,21/11/2024 11:30 Hrs.,Adjudicado,454/000 - Subdirección de Compras y Contrataciones,207 - Ente Nacional de Comunicaciones,2026-10-10T18:28:17.867297
454-0007-LPR25,EX-2025-77009715-   -APN-AGCYCC#ENACOM,SERVICIO DE FUMIGACIÓN INTEGRAL PARA DISTINTAS SEDES DEL ENACOM,Licitación Privada,26/08/2025 11:30 Hrs.,Adjudicado,454/000 - Subdirección de Compras y Contrataciones,207 - Ente Nacional de Comunicaciones,2026-10-10T18:28:17.867297
454-0007-LPU23,EX-2022-06148272-   -APN-AGCYCC#ENACOM,LOCACIÓN INMUEBLE DELEGACIÓN BARILOCHE - ENACOM,Licitación Pública,20/04/2023 11:30 Hrs.,Dejado Sin Efecto,454/000 - Subdirección de Compras y Contrataciones,207 - Ente Nacional de Comunicaciones,2026-10-10T18:28:17.867297
454-0007-LPU24,EX-2024-62933883-   -APN-AGCYCC#ENACOM,PROVISIÓN E INSTALACIÓN DE REPUESTOS Y MANTENIMIENTO DE ASCENSORES Y PLATAFORMA VERTICAL EN CABA,Licitación Pública,30/07/2024 11:30 Hrs.,Adjudicado,454/000 - Subdirección de Compras y Contrataciones,207 - Ente Nacional de Comunicaciones,2026-10-10T18:28:17.867297
454-0007-LPU25,EX-2025-37438901-   -APN-AGCYCC#ENACOM,SERVICIO DE SEGURIDAD Y VIGILANCIA PARA EL CENTRO DE COMPROBACIÓN TÉCNICA DE EMISIONES - MISIONES,Licitación Pública,26/05/2025 11:30 Hrs.,Dejado Sin Efecto,454/000 - Subdirección de Compras y Contrataciones,207 - Ente Nacional de Comunicaciones,2026-10-10T18:28:17.867297
454-0008-CDI23,EX-2023-141696560-   -APN-AGCYCD#ENACOM,CONVENIO ENTRE EL CORREO OFICIAL DE LA REPÚBLICA ARGENTINA S.A. Y EL ENTE NACIONAL DE COMUNICACIONES,Contratación Directa,30/11/2023 11:00 Hrs.,Adjudicado,454/000 - Subdirección de Compras y Contrataciones,207 - Ente Nacional de Comunicaciones,2026-10-10T18:28:17.867297
454-0008-CDI24,EX-2024-110034034-   -APN-AGCYCC#ENACOM,"SERV. ONLINE DE INF. IMPOSITIVA, PREVISIONAL, LABORAL, SOCIETARIA, CONCURSAL, CONTABLE Y JURIDICA",Contratación Directa,08/04/2025 11:30 Hrs.,Dejado Sin Efecto,454/000 - Subdirección de Compras y Contrataciones,207 - Ente Nacional de Comunicaciones,2026-10-10T18:28:17.867297
454-0008-CDI25,EX-2025-77047038-   -APN-AGCYCC#ENACOM,SERVICIO DE CERTIFICACIÓN DE LA INSTALACIÓN TÉRMICA DE UNA CALDERA,Contratación Directa,20/08/2025 11:30 Hrs.,Adjudicado,454/000 - Subdirección de Compras y Contrataciones,207 - Ente Nacional de Comunicaciones,2026-10-10T18:28:17.867297
454-0008-LPR24,EX-2024-119995477-   -APN-AGCYCC#ENACOM,SERVICIO DE MANTENIMIENTO DEL SISTEMA DE DETECCIÓN Y AVISO DE INCENDIO,Licitación Privada,13/12/2024 11:30 Hrs.,Adjudicado,454/000 - Subdirección de Compras y Contrataciones,207 - Ente Nacional de Comunicaciones,2026-10-10T18:28:17.867297
454-0008-LPR25,EX-2025-77030896-   -APN-AGCYCC#ENACOM,"MANT. INTEGRAL, PREVENTIVO Y CORRECTIVO DE GRUPOS ELECTRÓGENOS PARA DISTINTAS SEDES DEL ENACOM",Licitación Privada,12/09/2025 11:30 Hrs.,Adjudicado,454/000 - Subdirección de Compras y Contrataciones,207 - Ente Nacional de Comunicaciones,2026-10-10T18:28:17.867297
454-0008-LPU23,EX-2023-46149843-   -APN-AGCYCD#ENACOM,SERVICIO DE LIMPIEZA PARA LAS DELEGACIONES Y LOS CENTROS DE COMPROBACIÓN TÉCNICA DE EMISIONES,Licitación Pública,22/05/2023 11:30 Hrs.,Adjudicado,454/000 - Subdirección de Compras y Contrataciones,207 - Ente Nacional de Comunicaciones,2026-10-10T18:28:17.867297
454-0008-LPU24,EX-2024-70573671-   -APN-AGCYCC#ENACOM,"MANTENIMIENTO INTEGRAL PREVENTIVO Y CORRECTIVO, CON PROVISIÓN DE REPUESTOS,  DE GRUPOS ELECTRÓGENOS",Licitación Pública,23/08/2024 11:30 Hrs.,Adjudicado,454/000 - Subdirección de Compras y Contrataciones,207 - Ente Nacional de Comunicaciones,2026-10-10T18:28:17.867297
454-0008-LPU25,EX-2025-39282768-   -APN-AGCYCC#ENACOM,SERVICIO DE LIMPIEZA Y MAESTRANZA PARA LOS CENTROS DE COMPROBACIÓN TÉCNICA DE EMISIONES DE ENACOM,Licitación Pública,28/05/2025 11:30 Hrs.,Adjudicado,454/000 - Subdirección de Compras y Contrataciones,207 - Ente Nacional de Comunicaciones,2026-10-10T18:28:17.867297
454-0009-CDI24,EX-2024-111915790-   -APN-AGCYCC#ENACOM,SERV. DE INFORMACIÓN SOBRE ANTECEDENTES COMERCIALES DE PERSONAS FÍSICAS Y JURÍDICAS A NIVEL NACIONAL,Contratación Directa,02/12/2024 11:30 Hrs.,Adjudicado,454/000 - Subdirección de Compras y Contrataciones,207 - Ente Nacional de Comunicaciones,2026-10-10T18:28:17.867297
454-0009-LPR24,EX-2024-123674524-   -APN-AGCYCC#ENACOM,ADQ. DE COMPUTADORAS DE ESCRITORIO TIPO “MINI-PC” PARA LA PLATAFORMA DE MONITOREO DEL ESPECTESPECTRO,Licitación Privada,06/12/2024 11:30 Hrs.,Dejado Sin Efecto,454/000 - Subdirección de Compras y Contrataciones,207 - Ente Nacional de Comunicaciones,2026-10-10T18:28:17.867297
454-0009-LPR25,EX-2025-89690086-   -APN-AGCYCC#ENACOM,ADQUISICIÓN DE DESFIBRILADORES EXTERNOS AUTOMÁTICOS (DEAS),Licitación Privada,19/09/2025 11:30 Hrs.,Dejado Sin Efecto,454/000 - Subdirección de Compras y Contrataciones,207 - Ente Nacional de Comunicaciones,2026-10-10T18:28:17.867297
454-0009-LPU24,EX-2024-79225259-   -APN-AGCYCC#ENACOM,ADQUISICIÓN DE ELEMENTOS DE PROTECCIÓN PERSONAL Y ROPA DE TRABAJO PARA LOS TRABAJADORES DEL ENACOM,Licitación Pública,30/09/2024 11:30 Hrs.,Adjudicado,454/000 - Subdirección de Compras y Contrataciones,207 - Ente Nacional de Comunicaciones,2026-10-10T18:28:17.867297
454-0009-LPU25,EX-2025-44959937-   -APN-AGCYCC#ENACOM,ADQUISICIÓN DE VEHÍCULOS TIPO CAMIONETA DOBLE CABINA 4X4 AUTOMÁTICA,Licitación Pública,26/05/2025 11:30 Hrs.,Dejado Sin Efecto,454/000 - Subdirección de Compras y Contrataciones,207 - Ente Nacional de Comunicaciones,2026-10-10T18:28:17.867297
454-0010-CDI24,EX-2024-118757206-   -APN-AGCYCC#ENACOM,ADQUISICIÓN DE MATERIAL INSTITUCIONAL CON LOGO DEL ORGANISMO,Contratación Directa,22/11/2024 11:30 Hrs.,Adjudicado,454/000 - Subdirección de Compras y Contrataciones,207 - Ente Nacional de Comunicaciones,2026-10-10T18:28:17.867297
454-0010-LPR24,EX-2024-123703312-   -APN-AGCYCC#ENACOM,ADQUISICIÓN DE MOTOGUADAÑAS A EXPLOSIÓN Y TTRACTORES CORTACÉSPED PARA EL MANTENIMIENTO DE PREDIOS,Licitación Privada,13/12/2024 11:30 Hrs.,Adjudicado,454/000 - Subdirección de Compras y Contrataciones,207 - Ente Nacional de Comunicaciones,2026-10-10T18:28:17.867297
454-0010-LPR25,EX-2025-90203441-   -APN-AGCYCC#ENACOM,MANTENIMIENTO DEL SISTEMA DE DETECCIÓN Y AVISO DE INCENDIO,Licitación Privada,24/09/2025 11:30 Hrs.,Adjudicado,454/000 - Subdirección de Compras y Contrataciones,207 - Ente Nacional de Comunicaciones,2026-10-10T18:28:17.867297
454-0010-LPU23,EX-2023-53006388-   -APN-AGCYCD#ENACOM,SEGURIDAD Y VIGILANCIA PARA EL CCTE DE COMODORO RIVADAVIA,Licitación Pública,13/07/2023 11:30 Hrs.,Dejado Sin Efecto,454/000 - Subdirección de Compras y Contrataciones,207 - Ente Nacional de Comunicaciones,2026-10-10T18:28:17.867297
454-0010-LPU24,EX-2024-83373371-   -APN-AGCYCC#ENACOM,ADQUISICIÓN DE ANALIZADORES DE ESPECTRO PORTÁTILES CON FUNCIONES DE RADIOGONIOMETRÍA,Licitación Pública,23/10/2024 11:30 Hrs.,Dejado Sin Efecto,454/000 - Subdirección de Compras y Contrataciones,207 - Ente Nacional de Comunicaciones,2026-10-10T18:28:17.867297
454-0011-CDI24,EX-2024-119964117-   -APN-AGCYCC#ENACOM,ADQUISICIÓN DE BALIZAS DE BAJA Y MEDIA INTENSIDAD Y DE UNIDADES DE CONTROL DE LÁMPARA APAGADA (UCLA),Contratación Directa,20/11/2024 11:30 Hrs.,Dejado Sin Efecto,454/000 - Subdirección de Compras y Contrataciones,207 - Ente Nacional de Comunicaciones,2026-10-10T18:28:17.867297
454-0011-CDI25,EX-2025-95418849-   -APN-AGCYCC#ENACOM,CONVENIO INTERADMINISTRATIVO ENTRE ARSAT Y ENACOM – IMPLEMENTACIÓN DE UNA SOLUCIÓN INTEGRAL DE IA,Contratación Directa,11/09/2025 11:30 Hrs.,Adjudicado,454/000 - Subdirección de Compras y Contrataciones,207 - Ente Nacional de Comunicaciones,2026-10-10T18:28:17.867297
454-0011-LPR24,EX-2024-125952127-   -APN-AGCYCC#ENACOM,SERVICIO MENSUAL MICROSOFT FABRIC Y ONELAKE Y OCHO SUSCRIPCIONES MENSUALES A POWER BI PRO,Licitación Privada,02/12/2024 11:30 Hrs.,Adjudicado,454/000 - Subdirección de Compras y Contrataciones,207 - Ente Nacional de Comunicaciones,2026-10-10T18:28:17.867297
454-0011-LPR25,EX-2025-94511737-   -APN-AGCYCC#ENACOM,"SERVICIO DE MANTENIMIENTO, RECARGA ANUAL Y CONTROL TRIMESTRAL DE EXTINTORES DEL ENACOM",Licitación Privada,23/09/2025 11:30 Hrs.,Adjudicado,454/000 - Subdirección de Compras y Contrataciones,207 - Ente Nacional de Comunicaciones,2026-10-10T18:28:17.867297
454-0011-LPU23,EX-2023-57131387-   -APN-AGCYCC#ENACOM,"ADQUISICIÓN, IMPLEMENTACIÓN, TRANSFERENCIA DE CONOCIMIENTO Y MANTENIMIENTO DE UPS Y PDU",Licitación Pública,11/07/2023 11:30 Hrs.,Dejado Sin Efecto,454/000 - Subdirección de Compras y Contrataciones,207 - Ente Nacional de Comunicaciones,2026-10-10T18:28:17.867297
454-0011-LPU24,EX-2024-90347111-   -APN-AGCYCC#ENACOM,RENOVACIÓN DE CHECK POINT FIREWALL PERIMETRAL Y HARMONY ENDPOINT CON SOPORTE DEL FABRICANTE Y LOCAL,Licitación Pública,01/10/2024 11:30 Hrs.,Adjudicado,454/000 - Subdirección de Compras y Contrataciones,207 - Ente Nacional de Comunicaciones,2026-10-10T18:28:17.867297
454-0011-LPU25,EX-2025-66299624-   -APN-AGCYCC#ENACOM,ADQUISICIÓN DE VEHÍCULOS TIPO CAMIONETA DOBLE CABINA 4X4 AUTOMÁTICA,Licitación Pública,10/07/2025 11:30 Hrs.,Adjudicado,454/000 - Subdirección de Compras y Contrataciones,207 - Ente Nacional de Comunicaciones,2026-10-10T18:28:17.867297
454-0012-CDI23,EX-2023-153211658-   -APN-AGCYCC#ENACOM,SEGUROS GENERALES 2024,Contratación Directa,29/12/2023 19:00 Hrs.,Adjudicado,454/000 - Subdirección de Compras y Contrataciones,207 - Ente Nacional de Comunicaciones,2026-10-10T18:28:17.867297
454-0012-CDI24,EX-2024-125340522-   -APN-AGCYCC#ENACOM,ADQUISICIÓN DE CONSOLAS DE LUCES Y CONSOLA MEZCLADORA DE SONIDO,Contratación Directa,11/12/2024 11:30 Hrs.,Adjudicado,454/000 - Subdirección de Compras y Contrataciones,207 - Ente Nacional de Comunicaciones,2026-10-10T18:28:17.867297
454-0012-CDI25,EX-2025-106408769-   -APN-AGCYCC#ENACOM,"SOPORTE TÉCNICO, LICENCIAS AZENQOS Y LA ADQUISICIÓN DE EQUIPOS TERMINALES Y SUS LICENCIAS 5G",Contratación Directa,31/10/2025 11:30 Hrs.,Adjudicado,454/000 - Subdirección de Compras y Contrataciones,207 - Ente Nacional de Comunicaciones,2026-10-10T18:28:17.867297
454-0012-LPR24,EX-2024-134692728-   -APN-AGCYCC#ENACOM,"SERVICIO DE MANTENIMIENTO, RECARGA ANUAL Y CONTROL TRIMESTRAL DE EXTINTORES DEL ENACOM",Licitación Privada,25/04/2025 11:30 Hrs.,Adjudicado,454/000 - Subdirección de Compras y Contrataciones,207 - Ente Nacional de Comunicaciones,2026-10-10T18:28:17.867297
454-0012-LPR25,EX-2025-98588796-   -APN-AGCYCC#ENACOM,CERTIFICACIÓN DE CALIBRACIÓN DE MEDIDORES DE RADIACIONES NO IONIZANTES (RNI),Licitación Privada,13/10/2025 11:30 Hrs.,Adjudicado con doc. contractuales generados,454/000 - Subdirección de Compras y Contrataciones,207 - Ente Nacional de Comunicaciones,2026-10-10T18:28:17.867297
454-0012-LPU23,EX-2023-57273035-   -APN-AGCYCD#ENACOM,LOCACIÓN DE UN INMUEBLE PARA EL FUNCIONAMIENTO DE LA DELEGACIÓN RÍO NEGRO,Licitación Pública,30/11/2023 11:30 Hrs.,Dejado Sin Efecto,454/000 - Subdirección de Compras y Contrataciones,207 - Ente Nacional de Comunicaciones,2026-10-10T18:28:17.867297
454-0012-LPU24,EX-2024-95686262-   -APN-AGCYCC#ENACOM,IMPLEMENTACIÓN Y DESARROLLO EN LA NUBE CON MICROSOFT FABRIC Y SERVICIO MENSUAL DE SOPORTE TECNICO,Licitación Pública,21/10/2024 11:30 Hrs.,Adjudicado,454/000 - Subdirección de Compras y Contrataciones,207 - Ente Nacional de Comunicaciones,2026-10-10T18:28:17.867297
454-0012-LPU25,EX-2025-71623630-   -APN-AGCYCC#ENACOM,SERVICIO DE SEGURIDAD Y VIGILANCIA PARA EL CENTRO DE COMPROBACIÓN TÉCNCIA DE EMISIONES  - MISIONES,Licitación Pública,23/07/2025 11:30 Hrs.,Adjudicado,454/000 - Subdirección de Compras y Contrataciones,207 - Ente Nacional de Comunicaciones,2026-10-10T18:28:17.867297
454-0013-CDI24,EX-2024-134645400-   -APN-AGCYCC#ENACOM,ADQUISICIÓN DE BALIZAS DE BAJA Y MEDIA INTENSIDAD Y DE UNIDADES DE CONTROL DE LÁMPARA APAGADA (UCLA),Contratación Directa,11/02/2025 11:30 Hrs.,Dejado Sin Efecto,454/000 - Subdirección de Compras y Contrataciones,207 - Ente Nacional de Comunicaciones,2026-10-10T18:28:17.867297
454-0013-CDI25,EX-2025-106626830-   -APN-AGCYCC#ENACOM,PLANIFICACIÓN PARA EL DESPLIEGUE DE SONDAS DE MONITOREO CONTINUO PARA LA MODERNIZACIÓN DEL SNCTE,Contratación Directa,17/11/2025 11:30 Hrs.,Adjudicado,454/000 - Subdirección de Compras y Contrataciones,207 - Ente Nacional de Comunicaciones,2026-10-10T18:28:17.867297
454-0013-LPU23,EX-2023-57296156-   -APN-AGCYCD#ENACOM,LOCACIÓN DE UN INMUEBLE PARA EL FUNCIONAMIENTO DE LA DELEGACIÓN NEUQUÉN,Licitación Pública,30/11/2023 11:30 Hrs.,Dejado Sin Efecto,454/000 - Subdirección de Compras y Contrataciones,207 - Ente Nacional de Comunicaciones,2026-10-10T18:28:17.867297
454-0013-LPU24,EX-2024-96022031-   -APN-AGCYCC#ENACOM,PLANIFICACIÓN INTEGRAL DE MEJORAS DEL CONTROL DEL ESPECTRO RADIOELÉCTRICO,Licitación Pública,25/09/2024 11:30 Hrs.,Adjudicado,454/000 - Subdirección de Compras y Contrataciones,207 - Ente Nacional de Comunicaciones,2026-10-10T18:28:17.867297
454-0014-CDI24,EX-2024-137512656-   -APN-AGCYCC#ENACOM,ADQUISICIÓN DE CARTELES INSTITUCIONALES,Contratación Directa,10/02/2025 11:30 Hrs.,Adjudicado,454/000 - Subdirección de Compras y Contrataciones,207 - Ente Nacional de Comunicaciones,2026-10-10T18:28:17.867297
454-0014-CDI25,EX-2025-115200858-   -APN-AGCYCC#ENACOM,ADQUISICIÓN DE BOTIQUINES E INSUMOS DE PRIMEROS AUXILIOS PARA LOS ESTABLECIMIENTOS FIJOS Y VEHÍCULOS,Contratación Directa,12/12/2025 11:30 Hrs.,Adjudicado,454/000 - Subdirección de Compras y Contrataciones,207 - Ente Nacional de Comunicaciones,2026-10-10T18:28:17.867297
454-0014-LPR25,EX-2025-89690086-   -APN-AGCYCC#ENACOM,ADQUISICIÓN DE DESFIBRILADORES EXTERNOS AUTOMÁTICOS (DEAS),Licitación Privada,10/12/2025 11:30 Hrs.,Adjudicado,454/000 - Subdirección de Compras y Contrataciones,207 - Ente Nacional de Comunicaciones,2026-10-10T18:28:17.867297
454-0014-LPU23,EX-2023-60154886-   -APN-AGCYCC#ENACOM,"SUSCRIPCIÓN A SOFTWARE DE VIRTUALIZACIÓN, CON SOPORTE, IMPLEMENTACIÓN, MIGRACIÓN Y CAPACITACIÓN",Licitación Pública,21/07/2023 11:30 Hrs.,Adjudicado,454/000 - Subdirección de Compras y Contrataciones,207 - Ente Nacional de Comunicaciones,2026-10-10T18:28:17.867297
454-0014-LPU24,EX-2024-96831235-   -APN-AGCYCC#ENACOM,RENOVACIÓN DEL SERVICIO DE RED CENTRALIZADA MEDIANTE LA ACOMETIDA DE ENLACES DE TRANSMISIÓN DE DATOS,Licitación Pública,07/11/2024 11:30 Hrs.,Adjudicado,454/000 - Subdirección de Compras y Contrataciones,207 - Ente Nacional de Comunicaciones,2026-10-10T18:28:17.867297
454-0014-LPU25,EX-2025-77071871-   -APN-AGCYCC#ENACOM,"MANTENIMIENTO DE MÁQUINAS ENFRIADORAS, EQUIPOS DE AIRE ACONDICIONA CALEFACCIÓN, SPLITS Y FAN COILS",Licitación Pública,10/09/2025 11:30 Hrs.,Adjudicado,454/000 - Subdirección de Compras y Contrataciones,207 - Ente Nacional de Comunicaciones,2026-10-10T18:28:17.867297
454-0015-CDI25,EX-2025-132884671-   -APN-AGCYCC#ENACOM,SERV. DE INFORMACIÓN SOBRE ANTECEDENTES COMERCIALES DE PERSONAS FÍSICAS Y JURÍDICAS A NIVEL NACIONAL,Contratación Directa,05/01/2026 11:30 Hrs.,Adjudicado,454/000 - Subdirección de Compras y Contrataciones,207 - Ente Nacional de Comunicaciones,2026-10-10T18:28:17.867297
454-0015-LPU23,EX-2023-65042881-   -APN-AGCYCD#ENACOM,"SERVICIO INTEGRAL DE REPARACIÓN, ADECUACIÓN, LIMPIEZA Y MANTENIMIENTO EDILICIO DELEGACIÓN SAN LUIS",Licitación Pública,10/11/2023 11:30 Hrs.,Dejado Sin Efecto,454/000 - Subdirección de Compras y Contrataciones,207 - Ente Nacional de Comunicaciones,2026-10-10T18:28:17.867297
454-0015-LPU24,EX-2024-100233318-   -APN-AGCYCC#ENACOM,"SERVICIO DE LIMPIEZA, MAESTRANZA Y JARDINERIA PARA DISTINTAS SEDES DEL ENACOM",Licitación Pública,23/10/2024 11:30 Hrs.,Adjudicado,454/000 - Subdirección de Compras y Contrataciones,207 - Ente Nacional de Comunicaciones,2026-10-10T18:28:17.867297
454-0015-LPU25,EX-2025-78346542-   -APN-AGCYCC#ENACOM,SEGURIDAD Y VIGILANCIA PARA EL CENTRO DE COMPROBACIÓN TÉCNICA DE EMISIONES DE COMODORO RIVADAVIA,Licitación Pública,03/10/2025 11:30 Hrs.,Adjudicado,454/000 - Subdirección de Compras y Contrataciones,207 - Ente Nacional de Comunicaciones,2026-10-10T18:28:17.867297
454-0016-LPU24,EX-2024-100565642-   -APN-AGCYCC#ENACOM,SERVICIO DE SEGURIDAD Y VIGILANCIA PARA EL CCTE DE COMODORO RIVADAVIA-ENACOM,Licitación Pública,24/10/2024 11:30 Hrs.,Adjudicado,454/000 - Subdirección de Compras y Contrataciones,207 - Ente Nacional de Comunicaciones,2026-10-10T18:28:17.867297
454-0016-LPU25,EX-2025-90202759-   -APN-AGCYCC#ENACOM,MANTENIMIENTO INTEGRAL CON PROVISIÓN E INSTALACIÓN DE TODOS LOS REPUESTOS PARA ASCENSORES,Licitación Pública,01/10/2025 11:30 Hrs.,Adjudicado,454/000 - Subdirección de Compras y Contrataciones,207 - Ente Nacional de Comunicaciones,2026-10-10T18:28:17.867297
454-0017-LPU22,EX-2022-101889946-   -APN-AGCYCD#ENACOM,SERVICIO DE CERTIFICACIÓN DE CALIBRACIÓN DE MEDIDORES DE RADIACIONES NO IONIZANTES (RNI),Licitación Pública,26/07/2023 11:30 Hrs.,Adjudicado,454/000 - Subdirección de Compras y Contrataciones,207 - Ente Nacional de Comunicaciones,2026-10-10T18:28:17.867297
454-0017-LPU24,EX-2024-106596965-   -APN-AGCYCC#ENACOM,"ADQ DE UPS, PDU E INVERSORES DE POTENCIA Y SERV DE IMPLEMENTACIÓN Y DE MANT. CORRECTIVO Y PREVENTIVO",Licitación Pública,22/11/2024 11:30 Hrs.,Adjudicado,454/000 - Subdirección de Compras y Contrataciones,207 - Ente Nacional de Comunicaciones,2026-10-10T18:28:17.867297
454-0017-LPU25,EX-2025-98693750-   -APN-AGCYCC#ENACOM,ADQUISICIÓN DE ANALIZADORES DE ESPECTRO PORTÁTILES CON FUNCIONES DE RADIOGONIOMETRÍA,Licitación Pública,05/11/2025 11:30 Hrs.,Adjudicado,454/000 - Subdirección de Compras y Contrataciones,207 - Ente Nacional de Comunicaciones,2026-10-10T18:28:17.867297
454-0018-LPU23,EX-2023-75592472-   -APN-AGCYCC#ENACOM,"ALQUILER DE INSTALACIONES, EQUIPAMIENTO Y MOBILIARIO PARA LA REALIZACIÓN DE ACT INSTITUCIONALES AMBA",Licitación Pública,25/09/2023 11:30 Hrs.,Dejado Sin Efecto,454/000 - Subdirección de Compras y Contrataciones,207 - Ente Nacional de Comunicaciones,2026-10-10T18:28:17.867297
454-0018-LPU24,EX-2024-106684946-   -APN-AGCYCC#ENACOM,ADQ DE MEDIOR DE RNI CON SONDAS DE MEDICIÓN DE CAMPO ELÉCTRICO Y MAGNÉTICO Y SONDAS ISOTRÓPICAS,Licitación Pública,08/11/2024 11:30 Hrs.,Adjudicado,454/000 - Subdirección de Compras y Contrataciones,207 - Ente Nacional de Comunicaciones,2026-10-10T18:28:17.867297
454-0018-LPU25,EX-2025-101220615-   -APN-AGCYCC#ENACOM,ADQUISICIÓN DE RECEPTORES DE COMUNICACIONES Y DE ANALIZADORES DE ESPECTRO,Licitación Pública,05/11/2025 11:30 Hrs.,Adjudicado,454/000 - Subdirección de Compras y Contrataciones,207 - Ente Nacional de Comunicaciones,2026-10-10T18:28:17.867297
454-0019-LPU22,EX-2022-114502826-   -APN-AGCYCC#ENACOM,"ADQUISICIÓN DE ARTÍCULOS DE LIBRERÍA, PAPELES Y ÚTILES DE OFICINA",Licitación Pública,30/10/2023 11:30 Hrs.,Dejado Sin Efecto,454/000 - Subdirección de Compras y Contrataciones,207 - Ente Nacional de Comunicaciones,2026-10-10T18:28:17.867297
454-0019-LPU23,EX-2023-77923628-   -APN-AGCYCC#ENACOM,SERVICIOS DE IMPRESIÓN DE FOLLETOS,Licitación Pública,04/10/2023 11:30 Hrs.,Dejado Sin Efecto,454/000 - Subdirección de Compras y Contrataciones,207 - Ente Nacional de Comunicaciones,2026-10-10T18:28:17.867297
454-0019-LPU24,EX-2024-108281628-   -APN-AGCYCC#ENACOM,SERVICIO DE MANTENIMIENTO “SAP ENTERPRISE SUPPORT” SOBRE LICENCIAS SAP S/4HANA,Licitación Pública,08/11/2024 11:30 Hrs.,Dejado Sin Efecto,454/000 - Subdirección de Compras y Contrataciones,207 - Ente Nacional de Comunicaciones,2026-10-10T18:28:17.867297
454-0019-LPU25,EX-2025-101609396-   -APN-AGCYCC#ENACOM,SOPORTE DE FABRICANTE DELL TECHNOLOGIES BAJO LAS MODALIDADES PROSUPPORT Y PROSUPPORT PLUS,Licitación Pública,24/10/2025 11:30 Hrs.,Adjudicado,454/000 - Subdirección de Compras y Contrataciones,207 - Ente Nacional de Comunicaciones,2026-10-10T18:28:17.867297
454-0020-LPU23,EX-2023-79956397-   -APN-AGCYCD#ENACOM,ALQUILER DE EQUIPAMIENTO Y MOBILIARIO PARA LA REALIZACIÓN DE ACTIVIDADES INSTITUCIONALES ZONA SUR,Licitación Pública,19/09/2023 11:30 Hrs.,Dejado Sin Efecto,454/000 - Subdirección de Compras y Contrataciones,207 - Ente Nacional de Comunicaciones,2026-10-10T18:28:17.867297
454-0020-LPU24,EX-2024-109250022-   -APN-AGCYCC#ENACOM,"SOFTWARE PARA UNA PLATAFORMA PARA LA GESTIÓN DE TRÁMITES, IMPLEMENTACIÓN Y SOPORTE TÉCNICO",Licitación Pública,30/10/2024 11:30 Hrs.,Dejado Sin Efecto,454/000 - Subdirección de Compras y Contrataciones,207 - Ente Nacional de Comunicaciones,2026-10-10T18:28:17.867297
454-0020-LPU25,EX-2025-110057159-   -APN-AGCYCC#ENACOM,LIC. CHECK POINT FIREWALL PERIMETRAL Y HARMONY ENDPOINT CON SOPORTE DEL FABRICANTE Y LOCAL,Licitación Pública,18/11/2025 11:30 Hrs.,Dejado Sin Efecto,454/000 - Subdirección de Compras y Contrataciones,207 - Ente Nacional de Comunicaciones,2026-10-10T18:28:17.867297
454-0021-LPU22,EX-2022-131316389-   -APN-AGCYCD#ENACOM,LOCACIÓN DE UN INMUEBLE PARA EL FUNCIONAMIENTO DE LA DELEGACIÓN BAHÍA BLANCA,Licitación Pública,27/07/2023 11:30 Hrs.,Dejado Sin Efecto,454/000 - Subdirección de Compras y Contrataciones,207 - Ente Nacional de Comunicaciones,2026-10-10T18:28:17.867297
454-0021-LPU23,EX-2023-79958611-   -APN-AGCYCD#ENACOM,ALQUILER DE EQUIPAMIENTO Y MOBILIARIO PARA LA REALIZACIÓN DE ACTIVIDADES INSTITUCIONALES ZONA CENTRO,Licitación Pública,18/09/2023 11:30 Hrs.,Dejado Sin Efecto,454/000 - Subdirección de Compras y Contrataciones,207 - Ente Nacional de Comunicaciones,2026-10-10T18:28:17.867297
454-0021-LPU24,EX-2024-121840651-   -APN-AGCYCC#ENACOM,SERVICIO DE AJUSTE Y OTROS SERV. ESPECÍFICOS SOBRE LAS ESTRUCTURAS DE TORRES PERTENECIENTES AL SNCT,Licitación Pública,27/12/2024 11:30 Hrs.,Dejado Sin Efecto,454/000 - Subdirección de Compras y Contrataciones,207 - Ente Nacional de Comunicaciones,2026-10-10T18:28:17.867297
454-0021-LPU25,EX-2025-115230878-   -APN-SCYC#ENACOM,SERVICIO DE ASISTENCIA PARA LA REVISIÓN Y ANÁLISIS DE LOS PROCESOS VINCULADOS A LA RECAUDACIÓN,Licitación Pública,16/12/2025 11:30 Hrs.,Adjudicado,454/000 - Subdirección de Compras y Contrataciones,207 - Ente Nacional de Comunicaciones,2026-10-10T18:28:17.867297
454-0022-LPU23,EX-2023-79960241-   -APN-AGCYCD#ENACOM,ALQUILER DE EQUIPAMIENTO Y MOBILIARIO PARA LA REALIZACIÓN DE ACTIVIDADES INSTITUCIONALES ZONA NORTE,Licitación Pública,20/09/2023 11:30 Hrs.,Dejado Sin Efecto,454/000 - Subdirección de Compras y Contrataciones,207 - Ente Nacional de Comunicaciones,2026-10-10T18:28:17.867297
454-0022-LPU24,EX-2024-83373371-   -APN-AGCYCC#ENACOM,ADQUISICIÓN DE ANALIZADORES DE ESPECTRO PORTÁTILES CON FUNCIONES DE RADIOGONIOMETRÍA,Licitación Pública,06/12/2024 11:30 Hrs.,Adjudicado,454/000 - Subdirección de Compras y Contrataciones,207 - Ente Nacional de Comunicaciones,2026-10-10T18:28:17.867297
454-0022-LPU25,EX-2025-122508745-   -APN-ENACOM#JGM,SERVICIO DE IMPLEMENTACIÓN Y DESARROLLO DE DATA ANALYTICS,Licitación Pública,05/12/2025 11:30 Hrs.,Adjudicado,454/000 - Subdirección de Compras y Contrataciones,207 - Ente Nacional de Comunicaciones,2026-10-10T18:28:17.867297
454-0023-LPU22,EX-2022-135423041-   -APN-AGCYCD#ENACOM,ADQUISICIÓN DE CIENTO CUARENTA MIL (140.000) DISPOSITIVOS (TABLETS),Licitación Pública,18/01/2023 11:30 Hrs.,Adjudicado,454/000 - Subdirección de Compras y Contrataciones,207 - Ente Nacional de Comunicaciones,2026-10-10T18:28:17.867297
454-0023-LPU23,EX-2023-89199295-   -APN-AGCYCD#ENACOM,ADQUISICIÓN DE ACCESS POINT (AP) Y SWITCH LAN,Licitación Pública,30/08/2023 11:30 Hrs.,Adjudicado,454/000 - Subdirección de Compras y Contrataciones,207 - Ente Nacional de Comunicaciones,2026-10-10T18:28:17.867297
454-0023-LPU24,EX-2024-131196561-   -APN-AGCYCC#ENACOM,"ASISTENCIA TÉCNICA SAP Y SERVICIO DE ASISTENCIA FUNCIONAL, TÉCNICA Y DE PROCESOS SAP SOBRE SGO-SAP",Licitación Pública,30/12/2024 11:30 Hrs.,Adjudicado,454/000 - Subdirección de Compras y Contrataciones,207 - Ente Nacional de Comunicaciones,2026-10-10T18:28:17.867297
454-0024-LPU23,EX-2023-95144562-   -APN-AGCYCC#ENACOM,"ADQUISICIÓN DE LICENCIAS SAP, SERVICIO DE MANTENIMIENTO Y ASISTENCIA TÉCNICA.",Licitación Pública,17/11/2023 11:30 Hrs.,Adjudicado,454/000 - Subdirección de Compras y Contrataciones,207 - Ente Nacional de Comunicaciones,2026-10-10T18:28:17.867297
454-0024-LPU24,EX-2024-108281628-   -APN-AGCYCC#ENACOM,SERVICIO DE MANTENIMIENTO “SAP ENTERPRISE SUPPORT” SOBRE LICENCIAS SAP S/4HANA,Licitación Pública,30/12/2024 11:30 Hrs.,Adjudicado,454/000 - Subdirección de Compras y Contrataciones,207 - Ente Nacional de Comunicaciones,2026-10-10T18:28:17.867297
454-0024-LPU25,EX-2025-131839958-   -APN-AGCYCC#ENACOM,ADQUISICIÓN DE UNA SOLUCIÓN INFORMÁTICA INTEGRAL BASADA EN LA PLATAFORMA SAP S/4HANA,Licitación Pública,16/12/2025 11:30 Hrs.,Adjudicado,454/000 - Subdirección de Compras y Contrataciones,207 - Ente Nacional de Comunicaciones,2026-10-10T18:28:17.867297
454-0025-LPU23,EX-2023-108611997-   -APN-AGCYCD#ENACOM,ADQUISICIÓN DE TREINTA MIL (30.000) DISPOSITIVOS (NETBOOKS),Licitación Pública,06/10/2023 11:30 Hrs.,Adjudicado,454/000 - Subdirección de Compras y Contrataciones,207 - Ente Nacional de Comunicaciones,2026-10-10T18:28:17.867297
454-0025-LPU25,EX-2025-136932837-   -APN-AGCYCC#ENACOM,SERVICIO DE LIMPIEZA Y MAESTRANZA PARA DISTINTAS SEDES DEL ENACOM,Licitación Pública,22/01/2026 11:30 Hrs.,Dejado Sin Efecto,454/000 - Subdirección de Compras y Contrataciones,207 - Ente Nacional de Comunicaciones,2026-10-10T18:28:17.867297
454-0026-LPU23,EX-2023-115405278-   -APN-AGCYCD#ENACOM,LOCACIÓN DE UN INMUEBLE PARA EL FUNCIONAMIENTO DE LA DELEGACIÓN CATAMARCA,Licitación Pública,14/11/2023 11:30 Hrs.,Dejado Sin Efecto,454/000 - Subdirección de Compras y Contrataciones,207 - Ente Nacional de Comunicaciones,2026-10-10T18:28:17.867297
454-0026-LPU25,EX-2025-140586946-   -APN-AGCYCC#ENACOM,SERVICIO DE TARJETAS CORPORATIVAS PARA LA COMPRA DE INSUMOS Y GASTOS DE LA FLOTA VEHICULAR,Licitación Pública,11/05/2026 11:30 Hrs.,Adjudicado,454/000 - Subdirección de Compras y Contrataciones,207 - Ente Nacional de Comunicaciones,2026-10-10T18:28:17.867297
454-0027-LPU23,EX-2023-116505614-   -APN-AGCYCC#ENACOM,RENOVACIÓN DE LICENCIAS FIREWALL Y HARMONY ENDPOINT CON SOPORTE LOCAL Y FABRICANTE Y MIGRACIÓN,Licitación Pública,31/10/2023 11:30 Hrs.,Dejado Sin Efecto,454/000 - Subdirección de Compras y Contrataciones,207 - Ente Nacional de Comunicaciones,2026-10-10T18:28:17.867297
454-0027-LPU25,EX-2025-144238247-   -APN-AECYC#ENACOM,SEGURIDAD Y VIGILANCIA PARA EL CCTE DE NEUQUÉN,Licitación Pública,19/02/2026 11:30 Hrs.,Adjudicado,454/000 - Subdirección de Compras y Contrataciones,207 - Ente Nacional de Comunicaciones,2026-10-10T18:28:17.867297
454-0028-LPU23,EX-2023-118796213-   -APN-AGCYCD#ENACOM,LOCACIÓN DE UN INMUEBLE PARA EL FUNCIONAMIENTO DE LA DELEGACIÓN LA PAMPA,Licitación Pública,27/11/2023 11:30 Hrs.,Dejado Sin Efecto,454/000 - Subdirección de Compras y Contrataciones,207 - Ente Nacional de Comunicaciones,2026-10-10T18:28:17.867297
454-0031-LPU23,EX-2023-116505614-   -APN-AGCYCC#ENACOM,RENOVACIÓN DE LICENCIAS FIREWALL Y HARMONY ENDPOINT CON SOPORTE LOCAL Y FABRICANTE Y MIGRACIÓN,Licitación Pública,29/12/2023 11:30 Hrs.,Dejado Sin Efecto,454/000 - Subdirección de Compras y Contrataciones,207 - Ente Nacional de Comunicaciones,2026-10-10T18:28:17.867297
454-0032-LPU23,EX-2023-142384165-   -APN-AGCYCD#ENACOM,"SERVICIO INTEGRAL DE LIMPIEZA, MAESTRANZA Y FUMIGACIÓN PARA LAS SEDES CABA Y CCTE ESTEBAN ECHEVERRÍA",Licitación Pública,09/01/2024 11:30 Hrs.,Dejado Sin Efecto,454/000 - Subdirección de Compras y Contrataciones,207 - Ente Nacional de Comunicaciones,2026-10-10T18:28:17.867297
28-0001-CDI23,EX-2023-05028586-   -APN-DCPYS#MTYD,CONVENIO INTERADMINISTRATIVO ENTRE UBATEC S.A. Y EL MINISTERIO DE TURISMO Y DEPORTES- PREVIAJE 2023,Contratación Directa,02/02/2023 11:00 Hrs.,Adjudicado,28 -  Departamento de Compras y Patrimonio- MTU,322 - Ministerio de Turismo y Deportes,2026-10-10T18:28:49.955182
28-0001-CDI25,EX-2025-29582106-   -APN-DCPYS#MTYD,"Adq de mat de insumos de pintura y elem de ferretería, para la reparación y mant edilicio SSGATAyD",Contratación Directa,12/06/2025 15:00 Hrs.,Adjudicado,28 -  Departamento de Compras y Patrimonio- MTU,322 - Ministerio de Turismo y Deportes,2026-10-10T18:28:49.955182
28-0001-CPR23,EX-2023-28266152-   -APN-DCPYS#MTYD,CONTRATACION DE UN SERVICIO DE GESTION INTEGRAL  PARA EL MANEJO DE LAS RRSS DE MARCA PAIS ARGENTINA,Concurso Privado,19/05/2023 11:00 Hrs.,Adjudicado,28 -  Departamento de Compras y Patrimonio- MTU,322 - Ministerio de Turismo y Deportes,2026-10-10T18:28:49.955182
28-0001-CPU23,EX-2023-14766824-   -APN-DCPYS#MTYD,CONTRATACION DE UN SERVICIO DE SOPORTE TECNICO NIVEL 2 Y 3 PARA EL MINISTERIO DE TURISMO Y DEPORTES,Concurso Público,02/05/2023 11:00 Hrs.,Adjudicado,28 -  Departamento de Compras y Patrimonio- MTU,322 - Ministerio de Turismo y Deportes,2026-10-10T18:28:49.955182
28-0001-CPU25,EX-2025-11630284-   -APN-DCPYS#MTYD,SERVICIO DE MANTENIMIENTO PARA EL SISTEMA SARHA PARA LA SUBSECRETARIA DE TURISMO Y DEPORTES,Concurso Público,25/04/2025 15:00 Hrs.,Dejado Sin Efecto,28 -  Departamento de Compras y Patrimonio- MTU,322 - Ministerio de Turismo y Deportes,2026-10-10T18:28:49.955182
28-0001-LPR23,EX-2023-06219480-   -APN-DCPYS#MTYD,Adquisición de material promocional para la difusión y promoción de los Juegos Nacionales Evita.,Licitación Privada,10/03/2023 11:00 Hrs.,Adjudicado,28 -  Departamento de Compras y Patrimonio- MTU,322 - Ministerio de Turismo y Deportes,2026-10-10T18:28:49.955182
28-0001-LPU23,EX-2023-04092736-   -APN-DCPYS#MTYD,"SERVICIO DE ORGANIZACION Y PRODUCCION INTEGRAL DEL EVENTO DEPORTIVO ""JUEGOS EVITA DE PLAYA 2023""",Licitación Pública,03/02/2023 11:00 Hrs.,Adjudicado,28 -  Departamento de Compras y Patrimonio- MTU,322 - Ministerio de Turismo y Deportes,2026-10-10T18:28:49.955182
28-0001-LPU25,EX-2025-11928016-   -APN-DCPYS#MTYD,"Mantenimiento y reparación general del gimnasio polideportivo ""LEON NAJNUDEL"" de la Sub. de Deportes",Licitación Pública,25/03/2025 11:00 Hrs.,Adjudicado,28 -  Departamento de Compras y Patrimonio- MTU,322 - Ministerio de Turismo y Deportes,2026-10-10T18:28:49.955182
28-0002-CDI23,EX-2023-23066384-   -APN-DCPYS#MTYD,Convenio entre la FCsEC y Sc de la Universidad Nacional de Mar del Plata y el MTYD,Contratación Directa,10/08/2023 10:00 Hrs.,Adjudicado,28 -  Departamento de Compras y Patrimonio- MTU,322 - Ministerio de Turismo y Deportes,2026-10-10T18:28:49.955182
28-0002-CDI25,EX-2025-42370157-   -APN-DCPYS#MTYD,Arrendamiento de espacios para la FIT 2025,Contratación Directa,15/05/2025 11:00 Hrs.,Adjudicado,28 -  Departamento de Compras y Patrimonio- MTU,322 - Ministerio de Turismo y Deportes,2026-10-10T18:28:49.955182
28-0002-CPR23,EX-2023-35053307-   -APN-DCPYS#MTYD,Servicio de mantenimiento para el sistema SARHA en el MINISTERIO DE TURISMO Y DEPORTES,Concurso Privado,26/06/2023 11:00 Hrs.,Dejado Sin Efecto,28 -  Departamento de Compras y Patrimonio- MTU,322 - Ministerio de Turismo y Deportes,2026-10-10T18:28:49.955182
28-0002-CPU23,EX-2023-26011633-   -APN-DCPYS#MTYD,SERV. INTEGRAL DE OFICINAS MÓVILES TIPO TRAILER PARA LA PROMOCION DE LA DIR. NAC.DE FIESTAS Y EVENTO,Concurso Público,03/05/2023 11:00 Hrs.,Adjudicado,28 -  Departamento de Compras y Patrimonio- MTU,322 - Ministerio de Turismo y Deportes,2026-10-10T18:28:49.955182
28-0002-CPU24,EX-2024-105935695-   -APN-DCPYS#MTYD,"Consultoría para la realización del proyecto ""Encuesta de Viajes y Turismo de los Hogares -EVyTH-""",Concurso Público,22/11/2024 15:00 Hrs.,Dejado Sin Efecto,28 -  Departamento de Compras y Patrimonio- MTU,322 - Ministerio de Turismo y Deportes,2026-10-10T18:28:49.955182
28-0002-LPR23,EX-2023-06790269-   -APN-DCPYS#MTYD,Serv de mant prevent y correc de equipos del laboratorio Control Doping de la Sec. de Deportes,Licitación Privada,10/03/2023 11:00 Hrs.,Adjudicado,28 -  Departamento de Compras y Patrimonio- MTU,322 - Ministerio de Turismo y Deportes,2026-10-10T18:28:49.955182
28-0002-LPR25,EX-2025-08534417-   -APN-DCPYS#MTYD,Serv de ARMADO E INST. DE CAMAS P/BOTES EN GUARDERÍA Y REP DE PISO DE VESTUARIOS Y SAN -TIGRE (SSD),Licitación Privada,18/03/2025 15:00 Hrs.,Adjudicado,28 -  Departamento de Compras y Patrimonio- MTU,322 - Ministerio de Turismo y Deportes,2026-10-10T18:28:49.955182
28-0002-LPU23,EX-2023-14686545-   -APN-DCPYS#MTYD,"RECUPERACIÓN EDILICIA,ADECUACIÓN Y PUESTA EN VALOR DEL GIMNASIO POLIDEPORTIVO “LEÓN NAJNUDE"" CENARD",Licitación Pública,12/04/2023 11:00 Hrs.,Dejado Sin Efecto,28 -  Departamento de Compras y Patrimonio- MTU,322 - Ministerio de Turismo y Deportes,2026-10-10T18:28:49.955182
28-0002-LPU24,EX-2024-24944324-   -APN-DCPYS#MTYD,"SERVICIO DE HOTELERIA PARA LA UNIDAD TURISTICA EMBALSE, PCIA DE CORDOBA",Licitación Pública,20/09/2024 11:00 Hrs.,Adjudicado,28 -  Departamento de Compras y Patrimonio- MTU,322 - Ministerio de Turismo y Deportes,2026-10-10T18:28:49.955182
28-0002-LPU25,EX-2025-23800876-   -APN-DCPYS#MTYD,SERVICIO DE MANTENIMIENTO Y REPARACIÓN PARA LAS OFICINAS DEL CENARD - SUBSECRETARÍA DE DEPORTES,Licitación Pública,30/05/2025 15:00 Hrs.,Adjudicado,28 -  Departamento de Compras y Patrimonio- MTU,322 - Ministerio de Turismo y Deportes,2026-10-10T18:28:49.955182
28-0003-CDI24,EX-2024-35048981-   -APN-DCPYS#MTYD,ADQUISICIÓN DE INFLABLES PARA ACCIONES PROMOCIONALES DE LA SUBSECRETARIA DE TURISMO,Contratación Directa,11/09/2024 11:00 Hrs.,Adjudicado,28 -  Departamento de Compras y Patrimonio- MTU,322 - Ministerio de Turismo y Deportes,2026-10-10T18:28:49.955182
28-0003-CDI25,EX-2025-67243793-   -APN-DCPYS#MTYD,"Serv de mant, control, recarga, adq y puesta disposición de extintores para Sec Tur,Amb y Deportes",Contratación Directa,17/09/2025 15:00 Hrs.,Adjudicado,28 -  Departamento de Compras y Patrimonio- MTU,322 - Ministerio de Turismo y Deportes,2026-10-10T18:28:49.955182
28-0003-CPU23,EX-2023-26488905-   -APN-DCPYS#MTYD,Contratacion de un servicio para la obtención de material Audiovisual para Marca País Argentina,Concurso Público,16/05/2023 11:00 Hrs.,Dejado Sin Efecto,28 -  Departamento de Compras y Patrimonio- MTU,322 - Ministerio de Turismo y Deportes,2026-10-10T18:28:49.955182
28-0003-CPU25,EX-2025-111486809-   -APN-CCYCTYD#JGM,Servicio de soporte Informático Técnico de Nivel 2 y Nivel 3 - STAYD,Concurso Público,29/12/2025 15:00 Hrs.,Dejado Sin Efecto,28 -  Departamento de Compras y Patrimonio- MTU,322 - Ministerio de Turismo y Deportes,2026-10-10T18:28:49.955182
28-0003-LPR23,EX-2023-15741753-   -APN-DCPYS#MTYD,SERV. DE RELEVAMIENTO Y DIAGNOSTICO ESTRUCTURAL DE LA INFRAESTRUCTURA DEL CENARD DEL MTYD.,Licitación Privada,12/06/2023 11:00 Hrs.,Adjudicado,28 -  Departamento de Compras y Patrimonio- MTU,322 - Ministerio de Turismo y Deportes,2026-10-10T18:28:49.955182
28-0003-LPR24,EX-2024-26435493-   -APN-DCPYS#MTYD,SERVICIO DE ASISTENCIA TECNICA Y PROVISION DE EQUIPOS PARA LA CENTRAL TELEFONICA SEDE SUIPACHA,Licitación Privada,13/09/2024 11:00 Hrs.,Adjudicado,28 -  Departamento de Compras y Patrimonio- MTU,322 - Ministerio de Turismo y Deportes,2026-10-10T18:28:49.955182
28-0003-LPU23,EX-2023-14764652-   -APN-DCPYS#MTYD,Adquisición de Material Deportivo e Indumentaria Deportiva para la SSIDYCN,Licitación Pública,17/03/2023 11:00 Hrs.,Adjudicado,28 -  Departamento de Compras y Patrimonio- MTU,322 - Ministerio de Turismo y Deportes,2026-10-10T18:28:49.955182
28-0003-LPU24,EX-2024-26442321-   -APN-DCPYS#MTYD,Contratacion de Servicio de Limpieza Integral para las dependencias de la Subsecretaria de Turismo,Licitación Pública,23/09/2024 11:00 Hrs.,Adjudicado,28 -  Departamento de Compras y Patrimonio- MTU,322 - Ministerio de Turismo y Deportes,2026-10-10T18:28:49.955182
28-0004-CDI23,EX-2023-26677757-   -APN-DCPYS#MTYD,"CONV. MTYD Y UNTREF PARA LA CREACION DE DIPLO. EN ""CLUBES, ECONOMIA SOCIAL Y GESTION DEMOCRATICA""",Contratación Directa,08/09/2023 18:00 Hrs.,Adjudicado,28 -  Departamento de Compras y Patrimonio- MTU,322 - Ministerio de Turismo y Deportes,2026-10-10T18:28:49.955182
28-0004-CDI24,EX-2024-35115003-   -APN-DCPYS#MTYD,SERV. DE MANT Y REPARACIÓN DE SISTEMAS CLOACALES EN SANITARIOS BMX Y CADEN 2 DE LA SEC. DE DEPORTES,Contratación Directa,10/09/2024 11:00 Hrs.,Adjudicado,28 -  Departamento de Compras y Patrimonio- MTU,322 - Ministerio de Turismo y Deportes,2026-10-10T18:28:49.955182
28-0004-CDI25,EX-2025-84020939-   -APN-DCPYS#MTYD,Mantenimiento preventivo y correctivo de Cromatógrafos Gaseosos y Líquidos del Laboratorio de Doping,Contratación Directa,22/09/2025 15:00 Hrs.,Dejado Sin Efecto,28 -  Departamento de Compras y Patrimonio- MTU,322 - Ministerio de Turismo y Deportes,2026-10-10T18:28:49.955182
28-0004-CPU23,EX-2023-55647873-   -APN-DCPYS#MTYD,CONTRATACIÓN DE UN SERVICIO DE ENCUESTA DE VIAJES Y TURISMO DE LOS HOGARES (EVYTH),Concurso Público,30/06/2023 11:00 Hrs.,Adjudicado,28 -  Departamento de Compras y Patrimonio- MTU,322 - Ministerio de Turismo y Deportes,2026-10-10T18:28:49.955182
28-0004-LPR23,EX-2023-27817148-   -APN-DCPYS#MTYD,Adquisición de materiales la para reparación de las luminarias de los Hoteles de la UTCH y la UTE,Licitación Privada,25/04/2023 11:00 Hrs.,Adjudicado,28 -  Departamento de Compras y Patrimonio- MTU,322 - Ministerio de Turismo y Deportes,2026-10-10T18:28:49.955182
28-0004-LPR24,EX-2024-53251167-   -APN-DCPYS#MTYD,"Servicio de Mantenimiento y Áreas verdes, Parquización y Plantas de Interior en el predio del CENARD",Licitación Privada,23/10/2024 11:00 Hrs.,Adjudicado,28 -  Departamento de Compras y Patrimonio- MTU,322 - Ministerio de Turismo y Deportes,2026-10-10T18:28:49.955182
28-0004-LPU23,EX-2023-14795844-   -APN-DCPYS#MTYD,Adquisición de material promocional para la Secretaria de Promoción Turistica,Licitación Pública,10/05/2023 11:00 Hrs.,Adjudicado,28 -  Departamento de Compras y Patrimonio- MTU,322 - Ministerio de Turismo y Deportes,2026-10-10T18:28:49.955182
28-0004-LPU25,EX-2025-46335226-   -APN-DCPYS#MTYD,SERVICIO DE MANTENIMIENTO Y REPARACIÓN DE CUBIERTA DE EDIFICIO DE PELOTA PALETA EN EL CENARD - SSD.,Licitación Pública,28/08/2025 15:00 Hrs.,Adjudicado,28 -  Departamento de Compras y Patrimonio- MTU,322 - Ministerio de Turismo y Deportes,2026-10-10T18:28:49.955182
28-0005-CDI23,EX-2023-27785475-   -APN-DCPYS#MTYD,Mantenimiento preventivo y correctivo de espectrómetro de Laboratorio de Sec. Deportes,Contratación Directa,12/06/2023 11:00 Hrs.,Dejado Sin Efecto,28 -  Departamento de Compras y Patrimonio- MTU,322 - Ministerio de Turismo y Deportes,2026-10-10T18:28:49.955182
28-0005-CDI24,EX-2024-42262202-   -APN-DCPYS#MTYD,"SERV. DE REPARACIÓN, MANT. PREVENTIVO y CORRECTIVO DE GRUPOS ELECTRÓGENOS PARA LA SEC DE DEPORTES",Contratación Directa,06/09/2024 11:00 Hrs.,Adjudicado,28 -  Departamento de Compras y Patrimonio- MTU,322 - Ministerio de Turismo y Deportes,2026-10-10T18:28:49.955182
28-0005-CDI25,EX-2025-97020268-   -APN-CCYCTYD#JGM,Servicio de calibración de equipos de medición del Laboratorio de Control Doping para la SSD,Contratación Directa,04/11/2025 15:00 Hrs.,Fracasado,28 -  Departamento de Compras y Patrimonio- MTU,322 - Ministerio de Turismo y Deportes,2026-10-10T18:28:49.955182
28-0005-CPU23,EX-2023-63321829-   -APN-DCPYS#MTYD,"SERVICIO DE DISEÑO, CONSTRUCCIÓN, ARMADO Y DESARME DEL STAND DEL MINISTERIO PARA LA FIT 2023",Concurso Público,21/07/2023 11:00 Hrs.,Adjudicado,28 -  Departamento de Compras y Patrimonio- MTU,322 - Ministerio de Turismo y Deportes,2026-10-10T18:28:49.955182
28-0005-LPR23,EX-2023-43304455-   -APN-DCPYS#MTYD,ADQUISICION DE ELEMENTOS DE HIDRATACION PARA LOS JUEGOS NACIONALES EVITA 2023,Licitación Privada,23/06/2023 11:00 Hrs.,Adjudicado,28 -  Departamento de Compras y Patrimonio- MTU,322 - Ministerio de Turismo y Deportes,2026-10-10T18:28:49.955182
28-0005-LPR24,EX-2024-62305907-   -APN-DCPYS#MTYD,"Contratación de un Servicio de ambulancias para los Juegos Deportivos Nacionales Evita, Edición 2024",Licitación Privada,16/08/2024 11:00 Hrs.,Dejado Sin Efecto,28 -  Departamento de Compras y Patrimonio- MTU,322 - Ministerio de Turismo y Deportes,2026-10-10T18:28:49.955182
28-0005-LPU23,EX-2023-19218040-   -APN-DCPYS#MTYD,"Servicio de Mantenimiento correctivo Integral del hotel 9 de la UTCH, Prov Buenos Aires",Licitación Pública,05/05/2023 11:00 Hrs.,Dejado Sin Efecto,28 -  Departamento de Compras y Patrimonio- MTU,322 - Ministerio de Turismo y Deportes,2026-10-10T18:28:49.955182
28-0005-LPU25,EX-2025-46936462-   -APN-DCPYS#MTYD,"Servicio de Mantenimiento áreas verdes, parquización y plantas de interior predio CENARD de la SSD",Licitación Pública,10/09/2025 15:00 Hrs.,Adjudicado,28 -  Departamento de Compras y Patrimonio- MTU,322 - Ministerio de Turismo y Deportes,2026-10-10T18:28:49.955182
28-0006-CDI23,EX-2023-27807616-   -APN-DCPYS#MTYD,"Servicio de recolección, transporte y eliminación de residuos patogénicos del Labo Sec Deportes",Contratación Directa,31/05/2023 11:00 Hrs.,Dejado Sin Efecto,28 -  Departamento de Compras y Patrimonio- MTU,322 - Ministerio de Turismo y Deportes,2026-10-10T18:28:49.955182
28-0006-CDI24,EX-2024-53302983-   -APN-DCPYS#MTYD,"SERV DE DIAGNÓSTICO, LIMPIEZA Y DESINFECCIÓN DE TANQUES Y CISTERNAS DE LA SUBSECRETARIA DE DEPORTES",Contratación Directa,06/11/2024 11:00 Hrs.,Dejado Sin Efecto,28 -  Departamento de Compras y Patrimonio- MTU,322 - Ministerio de Turismo y Deportes,2026-10-10T18:28:49.955182
28-0006-CDI25,EX-2025-97325330-   -APN-DCPYS#MTYD,Provisión de insumos para el Laboratorio de Control Doping de la SUBSECRETARÍA DE DEPORTES,Contratación Directa,21/10/2025 15:00 Hrs.,Adjudicado,28 -  Departamento de Compras y Patrimonio- MTU,322 - Ministerio de Turismo y Deportes,2026-10-10T18:28:49.955182
28-0006-CPU23,EX-2023-88541416-   -APN-DCPYS#MTYD,SERVICIOS PROFESIONALES PARA EL DESARROLLO Y MANTENIMIENTO DEL SOFTWARE FULL STACK,Concurso Público,02/11/2023 11:00 Hrs.,Dejado Sin Efecto,28 -  Departamento de Compras y Patrimonio- MTU,322 - Ministerio de Turismo y Deportes,2026-10-10T18:28:49.955182
28-0006-LPR23,EX-2023-55354314-   -APN-DCPYS#MTYD,Adquisición de Elementos de Ornamentación para los Juegos Nacionales Evita 2023,Licitación Privada,16/06/2023 11:00 Hrs.,Adjudicado,28 -  Departamento de Compras y Patrimonio- MTU,322 - Ministerio de Turismo y Deportes,2026-10-10T18:28:49.955182
28-0006-LPR24,EX-2024-62324058-   -APN-DCPYS#MTYD,Adquisición de elementos de premiación para los Juegos Deportivos Nacionales Evita - Edición 2024,Licitación Privada,19/08/2024 15:00 Hrs.,Adjudicado,28 -  Departamento de Compras y Patrimonio- MTU,322 - Ministerio de Turismo y Deportes,2026-10-10T18:28:49.955182
28-0006-LPR25,EX-2025-29852615-   -APN-DCPYS#MTYD,CONTRATACIÓN DE UN SERVICIO DE DISPENSER Y PROVISIÓN DE BIDONES DE AGUA POTABLE PARA LA SSGATAyD,Licitación Privada,19/06/2025 15:00 Hrs.,Dejado Sin Efecto,28 -  Departamento de Compras y Patrimonio- MTU,322 - Ministerio de Turismo y Deportes,2026-10-10T18:28:49.955182
28-0006-LPU23,EX-2023-19943064-   -APN-DCPYS#MTYD,SERVICIO DE HOTELERIA PARA LOS HOTELES NROS 2; 7 Y BUNGALOWS DE LA UNIDAD TURISTICA EMBALSE,Licitación Pública,12/06/2023 11:00 Hrs.,Dejado Sin Efecto,28 -  Departamento de Compras y Patrimonio- MTU,322 - Ministerio de Turismo y Deportes,2026-10-10T18:28:49.955182
28-0006-LPU24,EX-2024-38162351-   -APN-DCPYS#MTYD,"SERVICIO DE MANTENIMIENTO INTEGRAL, PREVENTIVO Y CORRECTIVO PARA EL CENARD Y EL CERENA",Licitación Pública,11/11/2024 11:00 Hrs.,Adjudicado,28 -  Departamento de Compras y Patrimonio- MTU,322 - Ministerio de Turismo y Deportes,2026-10-10T18:28:49.955182
28-0006-LPU25,EX-2025-56648679-   -APN-DCPYS#MTYD,SERVICIO DE LIMPIEZA INTEGRAL PARA LAS DEPENDENCIAS DE LA SUBSECRETARIA DE TURISMO,Licitación Pública,25/07/2025 15:00 Hrs.,Adjudicado,28 -  Departamento de Compras y Patrimonio- MTU,322 - Ministerio de Turismo y Deportes,2026-10-10T18:28:49.955182
28-0007-CDI23,EX-2023-29663949-   -APN-DCPYS#MTYD,Solicitud de adquisición de dispositivos criptográficos para firma digital Tipo Token,Contratación Directa,01/06/2023 11:00 Hrs.,Adjudicado,28 -  Departamento de Compras y Patrimonio- MTU,322 - Ministerio de Turismo y Deportes,2026-10-10T18:28:49.955182
28-0007-CDI24,EX-2024-57847908-   -APN-DCPYS#MTYD,Arrendamiento de espacios para la FIT 2024,Contratación Directa,10/07/2024 15:00 Hrs.,Adjudicado,28 -  Departamento de Compras y Patrimonio- MTU,322 - Ministerio de Turismo y Deportes,2026-10-10T18:28:49.955182
28-0007-CDI25,EX-2025-98146191-   -APN-DCPYS#MTYD,"SERVICIO DE RECOLECCION, TRANSPORTE, TRATAMIENTO Y DIPOSICION FINAL DE RESIDUOS PATOGENICOS SSD",Contratación Directa,04/11/2025 15:00 Hrs.,Adjudicado,28 -  Departamento de Compras y Patrimonio- MTU,322 - Ministerio de Turismo y Deportes,2026-10-10T18:28:49.955182
28-0007-LPR23,EX-2023-60987545-   -APN-DCPYS#MTYD,ADQUISICIÓN DE SILLAS DE OFICINA PARA EL MINISTERIO DE TURISMO Y DEPORTES,Licitación Privada,21/07/2023 11:00 Hrs.,Adjudicado,28 -  Departamento de Compras y Patrimonio- MTU,322 - Ministerio de Turismo y Deportes,2026-10-10T18:28:49.955182
28-0007-LPR24,EX-2024-62679039-   -APN-DCPYS#MTYD,Adquisición de indumentaria deportiva para Juegos Nacionales Evita y Sudamericanos Escolares 2024,Licitación Privada,16/08/2024 15:00 Hrs.,Adjudicado,28 -  Departamento de Compras y Patrimonio- MTU,322 - Ministerio de Turismo y Deportes,2026-10-10T18:28:49.955182
28-0007-LPR25,EX-2025-35845015-   -APN-DCPYS#MTYD,Servicio de Puesta en Valor Sistema de filtrado de piscinas olímpicas - CENARD SSD,Licitación Privada,09/06/2025 15:00 Hrs.,Dejado Sin Efecto,28 -  Departamento de Compras y Patrimonio- MTU,322 - Ministerio de Turismo y Deportes,2026-10-10T18:28:49.955182
28-0007-LPU23,EX-2023-22921996-   -APN-DCPYS#MTYD,Servicio de Limpieza del Espejo de agua en la Pista Nacional de Remo y Canotaje (SD - MTyD),Licitación Pública,05/05/2023 11:00 Hrs.,Adjudicado,28 -  Departamento de Compras y Patrimonio- MTU,322 - Ministerio de Turismo y Deportes,2026-10-10T18:28:49.955182
28-0007-LPU25,EX-2025-57747687-   -APN-DCPYS#MTYD,"SERVICIO DE DISEÑO, DESARROLLO, PRODUCCION, INSTALACION, ARMADO/DESARME Y OPERACION STAND FIT 2025",Licitación Pública,25/07/2025 14:00 Hrs.,Adjudicado,28 -  Departamento de Compras y Patrimonio- MTU,322 - Ministerio de Turismo y Deportes,2026-10-10T18:28:49.955182
28-0008-CDI23,EX-2023-29797729-   -APN-DCPYS#MTYD,Adquisición de insumos eléctricos para los edificios del Ministerio de Turismo y Deportes,Contratación Directa,28/04/2023 11:00 Hrs.,Dejado Sin Efecto,28 -  Departamento de Compras y Patrimonio- MTU,322 - Ministerio de Turismo y Deportes,2026-10-10T18:28:49.955182
28-0008-LPR23,EX-2023-64578579-   -APN-DCPYS#MTYD,SERVICIO DE IMPRESION PARA LA SUBSECRETARIA DE INFRAESTRUCTURA DEPORTIVA Y COMPETENCIAS NACIONALES,Licitación Privada,24/07/2023 11:00 Hrs.,Adjudicado,28 -  Departamento de Compras y Patrimonio- MTU,322 - Ministerio de Turismo y Deportes,2026-10-10T18:28:49.955182
28-0008-LPR24,EX-2024-62879387-   -APN-DCPYS#MTYD,Impresión de credenciales y vinilos para los Juegos Deportivos Nacionales Evita - Edición 2024,Licitación Privada,27/08/2024 15:00 Hrs.,Adjudicado,28 -  Departamento de Compras y Patrimonio- MTU,322 - Ministerio de Turismo y Deportes,2026-10-10T18:28:49.955182
28-0008-LPR25,EX-2025-35855392-   -APN-DCPYS#MTYD,Servicio de cobertura de seguros para la flota automotor y de maquinaria de la STAYD (SAF  322),Licitación Privada,06/06/2025 11:00 Hrs.,Adjudicado,28 -  Departamento de Compras y Patrimonio- MTU,322 - Ministerio de Turismo y Deportes,2026-10-10T18:28:49.955182
28-0008-LPU23,EX-2023-26018720-   -APN-DCPYS#MTYD,MANTENIMIENTO CORRECTIVO INTEGRAL DEL POLIDEPORTIVO DE LA UNIDAD TURISTICA CHAPADMALAL,Licitación Pública,28/04/2023 11:00 Hrs.,Adjudicado,28 -  Departamento de Compras y Patrimonio- MTU,322 - Ministerio de Turismo y Deportes,2026-10-10T18:28:49.955182
28-0008-LPU24,EX-2024-53185402-   -APN-DCPYS#MTYD,SERVICIO DE PROVISION E INSTALACION DE AIRES ACONDICIONADOS Y PROYECTO DE CLIMATIZACION GIMNASIOS,Licitación Pública,20/09/2024 11:00 Hrs.,Adjudicado,28 -  Departamento de Compras y Patrimonio- MTU,322 - Ministerio de Turismo y Deportes,2026-10-10T18:28:49.955182
28-0009-LPR23,EX-2023-69176704-   -APN-DCPYS#MTYD,SERVICIO DE TRANSPORTE TERRESTRE PARA LOS JUEGOS NACIONALES EVITA 2023 –  JUVENILES Y ADAPTADOS,Licitación Privada,20/07/2023 11:00 Hrs.,Dejado Sin Efecto,28 -  Departamento de Compras y Patrimonio- MTU,322 - Ministerio de Turismo y Deportes,2026-10-10T18:28:49.955182
28-0009-LPR24,EX-2024-63123103-   -APN-DCPYS#MTYD,ADQUISICION DE ELEMENTOS DE HIDRATACION PARA LOS PARA LOS JUEGOS DEPORTIVOS NACIONALES EVITA 2024,Licitación Privada,16/08/2024 15:00 Hrs.,Dejado Sin Efecto,28 -  Departamento de Compras y Patrimonio- MTU,322 - Ministerio de Turismo y Deportes,2026-10-10T18:28:49.955182
28-0009-LPR25,EX-2025-43285157-   -APN-DCPYS#MTYD,Adquisición de elementos de premiación para los Juegos Deportivos Nacionales 2025,Licitación Privada,04/07/2025 15:00 Hrs.,Adjudicado,28 -  Departamento de Compras y Patrimonio- MTU,322 - Ministerio de Turismo y Deportes,2026-10-10T18:28:49.955182
28-0009-LPU23,EX-2023-27833539-   -APN-DCPYS#MTYD,CONTRATACION DE UN SERVICIO DE CEREMONIAL PARA EVENTOS DE LA SSRIYCI,Licitación Pública,28/04/2023 12:00 Hrs.,Adjudicado,28 -  Departamento de Compras y Patrimonio- MTU,322 - Ministerio de Turismo y Deportes,2026-10-10T18:28:49.955182
28-0009-LPU24,EX-2024-53263934-   -APN-DCPYS#MTYD,Contratación de un Serv. de Alojamiento para el CeNARD dependiente de la Subsecretaria de Deportes,Licitación Pública,18/09/2024 11:00 Hrs.,Adjudicado,28 -  Departamento de Compras y Patrimonio- MTU,322 - Ministerio de Turismo y Deportes,2026-10-10T18:28:49.955182
28-0010-CDI22,EX-2022-22900645-   -APN-DCPYS#MTYD,CONVENIO ENTRE EL MINISTERIO DE TURISMO Y DEPORTES Y LA UNIVERSIDAD NACIONAL DE MAR DEL PLATA,Contratación Directa,06/02/2023 11:00 Hrs.,Dejado Sin Efecto,28 -  Departamento de Compras y Patrimonio- MTU,322 - Ministerio de Turismo y Deportes,2026-10-10T18:28:49.955182
28-0010-CDI23,EX-2023-34580729-   -APN-DCPYS#MTYD,CONTRATACION DE UN SERV. DE MANTENIMIENTO INTEGRAL Y PREVENTIVO DE ASCENSORES P/ LA SEC DE DEPORTES,Contratación Directa,13/07/2023 11:00 Hrs.,Dejado Sin Efecto,28 -  Departamento de Compras y Patrimonio- MTU,322 - Ministerio de Turismo y Deportes,2026-10-10T18:28:49.955182
28-0010-CDI24,EX-2024-84474810-   -APN-DCPYS#MTYD,SERVICIO DE GUARDA Y ADMINISTRACION DE ARCHIVOS SUBSECRETARÍA DE TURISMO,Contratación Directa,15/11/2024 11:00 Hrs.,Dejado Sin Efecto,28 -  Departamento de Compras y Patrimonio- MTU,322 - Ministerio de Turismo y Deportes,2026-10-10T18:28:49.955182
28-0010-LPR23,EX-2023-70796097-   -APN-DCPYS#MTYD,SERV DE MANTENIMIENTO CORRECTIVO PARA DISTINTAS DEPENDENCIAS DEL MTYD EN CABA,Licitación Privada,06/09/2023 11:00 Hrs.,Adjudicado,28 -  Departamento de Compras y Patrimonio- MTU,322 - Ministerio de Turismo y Deportes,2026-10-10T18:28:49.955182
28-0010-LPR24,EX-2024-63140209-   -APN-DCPYS#MTYD,SERVICIO DE TRANSPORTE PARA LOS JUEGOS DEPORTIVOS NACIONALES EVITA EDICION 2024,Licitación Privada,16/08/2024 15:00 Hrs.,Adjudicado,28 -  Departamento de Compras y Patrimonio- MTU,322 - Ministerio de Turismo y Deportes,2026-10-10T18:28:49.955182
28-0010-LPR25,EX-2025-43463169-   -APN-DCPYS#MTYD,ADQUISICION DE ELEMENTOS DE ORNAMENTACION PARA LOS JUEGOS DEPORTIVOS NACIONALES - EDICION 2025,Licitación Privada,17/06/2025 14:00 Hrs.,Adjudicado,28 -  Departamento de Compras y Patrimonio- MTU,322 - Ministerio de Turismo y Deportes,2026-10-10T18:28:49.955182
28-0010-LPU23,EX-2023-34638123-   -APN-DCPYS#MTYD,ADQUISICION DE INDUMENTARIA PARA LOS JUEGOS NACIONALES EVITA Y PERSONAL DE LA SECRETARIA DE DEPORTES,Licitación Pública,01/06/2023 11:00 Hrs.,Adjudicado,28 -  Departamento de Compras y Patrimonio- MTU,322 - Ministerio de Turismo y Deportes,2026-10-10T18:28:49.955182
28-0010-LPU24,EX-2024-54820151-   -APN-DTA#MTYD,SERVICIO MENSUAL DE EMERGENCIAS MEDICAS Y AMBULANCIAS - SUBSECRETARIA DE DEPORTES,Licitación Pública,30/10/2024 15:00 Hrs.,Adjudicado,28 -  Departamento de Compras y Patrimonio- MTU,322 - Ministerio de Turismo y Deportes,2026-10-10T18:28:49.955182
28-0011-CDI23,EX-2023-34963378-   -APN-DCPYS#MTYD,Convenio con Universidad UNSAM y el MTyD - Diplomatura en Política y Gestión Deportiva,Contratación Directa,21/07/2023 11:00 Hrs.,Adjudicado,28 -  Departamento de Compras y Patrimonio- MTU,322 - Ministerio de Turismo y Deportes,2026-10-10T18:28:49.955182
28-0011-CDI24,EX-2024-87606836-   -APN-DCPYS#MTYD,Servicio de fabricación de placas de distinción para el Sistema Argentino de Calidad Turística,Contratación Directa,07/11/2024 11:00 Hrs.,Adjudicado,28 -  Departamento de Compras y Patrimonio- MTU,322 - Ministerio de Turismo y Deportes,2026-10-10T18:28:49.955182
28-0011-LPR23,EX-2023-79008437-   -APN-DCPYS#MTYD,Servicio de Impresión de credenciales y vinilos - Juegos Nacionales Evita - Edición 2023,Licitación Privada,04/08/2023 11:00 Hrs.,Adjudicado,28 -  Departamento de Compras y Patrimonio- MTU,322 - Ministerio de Turismo y Deportes,2026-10-10T18:28:49.955182
28-0011-LPR25,EX-2025-44322126-   -APN-DCPYS#MTYD,"Adquisición de termotanques y baterías para los predios “CENARD”, ""CERENA"" y ""PISTA DE REMO"" - SSD.",Licitación Privada,07/07/2025 15:00 Hrs.,Adjudicado,28 -  Departamento de Compras y Patrimonio- MTU,322 - Ministerio de Turismo y Deportes,2026-10-10T18:28:49.955182
28-0011-LPU22,EX-2022-57271117-   -APN-DCPYS#MTYD,ADQ DE UNIFORMES Y VESTIMENTA DE TRABAJO PARA LAS UNIDADES TURISTICAS,Licitación Pública,14/06/2023 11:00 Hrs.,Adjudicado,28 -  Departamento de Compras y Patrimonio- MTU,322 - Ministerio de Turismo y Deportes,2026-10-10T18:28:49.955182
28-0011-LPU23,EX-2023-38421695-   -APN-DCPYS#MTYD,Recuperación edilicia del Gimnasio de Taekwondo y Gimnasio de Tenis de Mesa (SD - MTyD),Licitación Pública,16/06/2023 11:00 Hrs.,Adjudicado,28 -  Departamento de Compras y Patrimonio- MTU,322 - Ministerio de Turismo y Deportes,2026-10-10T18:28:49.955182
28-0012-CDI23,EX-2023-39332425-   -APN-DCPYS#MTYD,Convenio entre la FCsSc UBA y el MTYD para Diplomatura de Género y Deportes,Contratación Directa,29/08/2023 11:00 Hrs.,Adjudicado,28 -  Departamento de Compras y Patrimonio- MTU,322 - Ministerio de Turismo y Deportes,2026-10-10T18:28:49.955182
28-0012-CDI24,EX-2024-94553270-   -APN-DCPYS#MTYD,"Renovación de Licencias de Microsoft para la Secretaria de Turismo, Ambiente y Deportes",Contratación Directa,20/09/2024 11:00 Hrs.,Dejado Sin Efecto,28 -  Departamento de Compras y Patrimonio- MTU,322 - Ministerio de Turismo y Deportes,2026-10-10T18:28:49.955182
28-0012-LPR24,EX-2024-62305907-   -APN-DCPYS#MTYD,Contrat. de un Servicio de ambulancias para los Juegos Deportivos Nacionales Evita (segundo llamado),Licitación Privada,21/10/2024 15:00 Hrs.,Adjudicado,28 -  Departamento de Compras y Patrimonio- MTU,322 - Ministerio de Turismo y Deportes,2026-10-10T18:28:49.955182
28-0012-LPR25,EX-2025-46483770-   -APN-DCPYS#MTYD,"Serv. de desinfección, desratización, control de plagas y desinsectación para los predios de la SSD",Licitación Privada,18/09/2025 15:00 Hrs.,Dejado Sin Efecto,28 -  Departamento de Compras y Patrimonio- MTU,322 - Ministerio de Turismo y Deportes,2026-10-10T18:28:49.955182
28-0012-LPU23,EX-2023-46440858-   -APN-DCPYS#MTYD,Restauración y Puesta en valor del Hotel 4 de la Unidad Turística Embalse (Provincia de Córdoba),Licitación Pública,23/06/2023 11:00 Hrs.,Dejado Sin Efecto,28 -  Departamento de Compras y Patrimonio- MTU,322 - Ministerio de Turismo y Deportes,2026-10-10T18:28:49.955182
28-0012-LPU24,EX-2024-59224816-   -APN-DCPYS#MTYD,Servicio de Limpieza Integral para las dependencias de la Subsecretaria de Deportes,Licitación Pública,30/10/2024 15:00 Hrs.,Adjudicado,28 -  Departamento de Compras y Patrimonio- MTU,322 - Ministerio de Turismo y Deportes,2026-10-10T18:28:49.955182
28-0012-LPU25,EX-2025-72086900-   -APN-DCPYS#MTYD,Servicio de alojamiento y alimentación para los Juegos Deportivos Nacionales 2025,Licitación Pública,24/07/2025 12:00 Hrs.,Adjudicado,28 -  Departamento de Compras y Patrimonio- MTU,322 - Ministerio de Turismo y Deportes,2026-10-10T18:28:49.955182
28-0013-CDI23,EX-2023-43298851-   -APN-DCPYS#MTYD,Arrendamiento de espacios para la FIT 2023,Contratación Directa,15/05/2023 11:00 Hrs.,Adjudicado,28 -  Departamento de Compras y Patrimonio- MTU,322 - Ministerio de Turismo y Deportes,2026-10-10T18:28:49.955182
28-0013-LPR22,EX-2022-45889066-   -APN-DCPYS#MTYD,CONTRATACION DE UN SERVICIO DE GUARDA Y ADMINISTRACION DE ARCHIVOS PARA EL MTYD.,Licitación Privada,10/04/2023 11:00 Hrs.,Adjudicado,28 -  Departamento de Compras y Patrimonio- MTU,322 - Ministerio de Turismo y Deportes,2026-10-10T18:28:49.955182
28-0013-LPR23,EX-2023-69176704-   -APN-DCPYS#MTYD,SERVICIO DE TRANSPORTE TERRESTRE PARA LOS JUEGOS NACIONALES EVITA 2023 – JUVENILES Y ADAPTADOS,Licitación Privada,06/09/2023 11:00 Hrs.,Dejado Sin Efecto,28 -  Departamento de Compras y Patrimonio- MTU,322 - Ministerio de Turismo y Deportes,2026-10-10T18:28:49.955182
28-0013-LPR24,EX-2024-105358378-   -APN-DCPYS#MTYD,ADQUISICION DE LICENCIAS ADOBE CREATIVE CLOUD PARA LA SUBSECRETARIA DE TURISMO,Licitación Privada,22/10/2024 11:00 Hrs.,Adjudicado,28 -  Departamento de Compras y Patrimonio- MTU,322 - Ministerio de Turismo y Deportes,2026-10-10T18:28:49.955182
28-0013-LPR25,EX-2025-46836569-   -APN-DCPYS#MTYD,Adquisición de indumentaria deportiva - Juegos Deportivos Naciones y Juegos Sudamericanos Escolares,Licitación Privada,18/07/2025 14:00 Hrs.,Adjudicado,28 -  Departamento de Compras y Patrimonio- MTU,322 - Ministerio de Turismo y Deportes,2026-10-10T18:28:49.955182
28-0013-LPU23,EX-2023-51525866-   -APN-DCPYS#MTYD,SERVICIO DE PRODUCCIÓN Y REALIZACIÓN INTEGRAL AUDIOVISUAL DE LA ETAPA FINAL DE LOS JUEGOS EVITA 2023,Licitación Pública,16/06/2023 11:00 Hrs.,Adjudicado,28 -  Departamento de Compras y Patrimonio- MTU,322 - Ministerio de Turismo y Deportes,2026-10-10T18:28:49.955182
28-0013-LPU24,EX-2024-62371493-   -APN-DCPYS#MTYD,"Adquisición de Elementos de Ornamentación para  los Juegos Deportivos Nacionales Evita, Edición 2024",Licitación Pública,21/08/2024 15:00 Hrs.,Adjudicado,28 -  Departamento de Compras y Patrimonio- MTU,322 - Ministerio de Turismo y Deportes,2026-10-10T18:28:49.955182
28-0013-LPU25,EX-2025-77102787-   -APN-DCPYS#MTYD,PROVISION DE ESPECTROFOTOMETRO OPTICO ACOPLADO INDUCTIVAMENTE POR PLASMA (ICPE) LABORATORIO DOPING,Licitación Pública,06/10/2025 15:00 Hrs.,Dejado Sin Efecto,28 -  Departamento de Compras y Patrimonio- MTU,322 - Ministerio de Turismo y Deportes,2026-10-10T18:28:49.955182
28-0014-CDI24,EX-2024-105283054-   -APN-DCPYS#MTYD,Adquisición de motores monofásicos eléctricos para equipos fan-coil para la SUBSECRETARIA DE TURISMO,Contratación Directa,31/10/2024 14:00 Hrs.,Adjudicado,28 -  Departamento de Compras y Patrimonio- MTU,322 - Ministerio de Turismo y Deportes,2026-10-10T18:28:49.955182
28-0014-LPR23,EX-2023-95125048-   -APN-DCPYS#MTYD,CONTRATACION DE SERVICIO DE MEDICINA PREOCUPACIONAL PARA MTYD,Licitación Privada,01/11/2023 11:00 Hrs.,En Apertura,28 -  Departamento de Compras y Patrimonio- MTU,322 - Ministerio de Turismo y Deportes,2026-10-10T18:28:49.955182
28-0014-LPR24,EX-2024-105861114-   -APN-DCPYS#MTYD,CONTRATACION DE UN SERVICIO FOTOGRAFICO PARA LA SUBSECRETARIA DE TURISMO,Licitación Privada,31/10/2024 15:00 Hrs.,Adjudicado,28 -  Departamento de Compras y Patrimonio- MTU,322 - Ministerio de Turismo y Deportes,2026-10-10T18:28:49.955182
28-0014-LPR25,EX-2025-48758117-   -APN-DCPYS#MTYD,CONTRATACION DE SERVICIO DE AMBULANCIAS PARA LOS JUEGOS DEPORTIVOS NACIONALES - EDICION 2025,Licitación Privada,21/07/2025 15:00 Hrs.,Adjudicado,28 -  Departamento de Compras y Patrimonio- MTU,322 - Ministerio de Turismo y Deportes,2026-10-10T18:28:49.955182
28-0014-LPU23,EX-2023-55484859-   -APN-DCPYS#MTYD,SERV. DE ALOJAMIENTO Y ALIMENTACION JUEGOS NACIONALES EVITA - MTYD,Licitación Pública,18/07/2023 11:00 Hrs.,Adjudicado,28 -  Departamento de Compras y Patrimonio- MTU,322 - Ministerio de Turismo y Deportes,2026-10-10T18:28:49.955182
28-0014-LPU24,EX-2024-62576401-   -APN-DCPYS#MTYD,Servicio de hotelería para la Unidad Turística Chapadmalal (Provincia de Buenos Aires),Licitación Pública,20/09/2024 11:00 Hrs.,Adjudicado,28 -  Departamento de Compras y Patrimonio- MTU,322 - Ministerio de Turismo y Deportes,2026-10-10T18:28:49.955182
28-0015-CDI23,EX-2023-51081964-   -APN-DCPYS#MTYD,CONVENIO - MINISTERIO DE TURISMO Y DEPORTES (MTyD) y el CONSEJO INTERUNIVERSITARIO NACIONAL (CIN),Contratación Directa,08/08/2023 11:00 Hrs.,Dejado Sin Efecto,28 -  Departamento de Compras y Patrimonio- MTU,322 - Ministerio de Turismo y Deportes,2026-10-10T18:28:49.955182
28-0015-CDI24,EX-2024-105356009-   -APN-DCPYS#MTYD,Adq. de maderas para el servicio de mantenimiento de PISTA NACIONAL DE REMO Y CANOTAJE de SD,Contratación Directa,05/11/2024 11:00 Hrs.,Adjudicado,28 -  Departamento de Compras y Patrimonio- MTU,322 - Ministerio de Turismo y Deportes,2026-10-10T18:28:49.955182
28-0015-LPR25,EX-2025-48769570-   -APN-DCPYS#MTYD,CONTRATACION DE UN SERVICIO DE TRANSPORTE PARA LOS JUEGOS DEPORTIVOS NACIONALES - EDICION 2025,Licitación Privada,26/06/2025 15:00 Hrs.,Adjudicado,28 -  Departamento de Compras y Patrimonio- MTU,322 - Ministerio de Turismo y Deportes,2026-10-10T18:28:49.955182
28-0015-LPU23,EX-2023-64449462-   -APN-DCPYS#MTYD,"SERVICIO DE AMBULANCIAS PARA LOS JUEGOS NACIONALES EVITA 2023, JUVENILES, ADAPTADOS Y URBANO",Licitación Pública,20/07/2023 11:00 Hrs.,Adjudicado,28 -  Departamento de Compras y Patrimonio- MTU,322 - Ministerio de Turismo y Deportes,2026-10-10T18:28:49.955182
28-0015-LPU24,EX-2024-64537690-   -APN-DCPYS#MTYD,SERV. DE ALOJAMIENTO Y ALIMENTACION PARA LA  ETAPA FINAL DE LOS JUEGOS DEPORTIVOS NACIONALES EVITA,Licitación Pública,21/08/2024 15:00 Hrs.,Adjudicado,28 -  Departamento de Compras y Patrimonio- MTU,322 - Ministerio de Turismo y Deportes,2026-10-10T18:28:49.955182
28-0015-LPU25,EX-2025-112829649-   -APN-CCYCTYD#JGM,Servicio de emergencias medicas y ambulancias para los predios de la Subsecretaria de Deportes,Licitación Pública,27/11/2025 15:00 Hrs.,Adjudicado,28 -  Departamento de Compras y Patrimonio- MTU,322 - Ministerio de Turismo y Deportes,2026-10-10T18:28:49.955182
28-0016-CDI24,EX-2024-105863929-   -APN-DCPYS#MTYD,"Adquisición de materiales e insumos para los predios CENARD, CERENA Y PISTA DE REMO",Contratación Directa,06/11/2024 11:00 Hrs.,Adjudicado,28 -  Departamento de Compras y Patrimonio- MTU,322 - Ministerio de Turismo y Deportes,2026-10-10T18:28:49.955182
28-0016-LPR23,EX-2023-112224667-   -APN-DCPYS#MTYD,CONTRATACION DE SERVICIO DE INTERNET SEDE SUIPACHA Y RIVADAVIA - MTYD,Licitación Privada,24/11/2023 11:00 Hrs.,Adjudicado,28 -  Departamento de Compras y Patrimonio- MTU,322 - Ministerio de Turismo y Deportes,2026-10-10T18:28:49.955182
28-0016-LPR24,EX-2024-111799519-   -APN-DCPYS#MTYD,"“Adquisición de materiales e insumos eléctricos y de iluminación para la Subsecretaria de Deportes""",Licitación Privada,15/11/2024 15:00 Hrs.,Adjudicado,28 -  Departamento de Compras y Patrimonio- MTU,322 - Ministerio de Turismo y Deportes,2026-10-10T18:28:49.955182
28-0016-LPU23,EX-2023-69275493-   -APN-DCPYS#MTYD,Servicio de adecuación al sector de sanitarios y vestuarios del Polideportivo UTCH,Licitación Pública,14/09/2023 11:00 Hrs.,Dejado Sin Efecto,28 -  Departamento de Compras y Patrimonio- MTU,322 - Ministerio de Turismo y Deportes,2026-10-10T18:28:49.955182
28-0016-LPU24,EX-2024-66309797-   -APN-DCPYS#MTYD,"SERVICIO DE DISEÑO, DESARROLLO, PRODUCCION, INSTALACION, ARMADO/DESARME Y OPERACION STAND FIT 2024",Licitación Pública,13/08/2024 15:00 Hrs.,Adjudicado,28 -  Departamento de Compras y Patrimonio- MTU,322 - Ministerio de Turismo y Deportes,2026-10-10T18:28:49.955182
28-0016-LPU25,EX-2025-114148973-   -APN-CCYCTYD#JGM,Serv. de reparación y mantenimiento integral de la cancha de hockey sobre agua del CENARD - SSD,Licitación Pública,20/11/2025 15:00 Hrs.,Dejado Sin Efecto,28 -  Departamento de Compras y Patrimonio- MTU,322 - Ministerio de Turismo y Deportes,2026-10-10T18:28:49.955182
28-0017-CDI23,EX-2023-51623796-   -APN-DCPYS#MTYD,Convenio entre el MTYD y la UNAHUR para Diplomatura en Deporte Social,Contratación Directa,28/08/2023 11:00 Hrs.,Adjudicado,28 -  Departamento de Compras y Patrimonio- MTU,322 - Ministerio de Turismo y Deportes,2026-10-10T18:28:49.955182
28-0017-CDI24,EX-2024-105868913-   -APN-DCPYS#MTYD,Adquisición de materiales del rubro SANITARIOS Y GAS para los predios CENARD CERENA Y PISTA DE REMO,Contratación Directa,30/10/2024 11:00 Hrs.,Adjudicado,28 -  Departamento de Compras y Patrimonio- MTU,322 - Ministerio de Turismo y Deportes,2026-10-10T18:28:49.955182
28-0017-LPR24,EX-2024-115017021-   -APN-DCPYS#MTYD,Servicio de provisión e instalación de cortinas enrollables para la SSGATAyD,Licitación Privada,27/11/2024 15:00 Hrs.,Dejado Sin Efecto,28 -  Departamento de Compras y Patrimonio- MTU,322 - Ministerio de Turismo y Deportes,2026-10-10T18:28:49.955182
28-0017-LPR25,EX-2025-51823402-   -APN-DCPYS#MTYD,Adquisición de credenciales y vinilos para los Juegos Deportivos Nacionales - Edición 2025,Licitación Privada,18/07/2025 12:00 Hrs.,Adjudicado,28 -  Departamento de Compras y Patrimonio- MTU,322 - Ministerio de Turismo y Deportes,2026-10-10T18:28:49.955182
28-0017-LPU23,EX-2023-69579441-   -APN-DCPYS#MTYD,"SERVICIO DE PRODUCCION GENERAL DE LOS JUEGOS EVITA URBANOS, JUVENILES Y ADAPTADOS - EDICION 2023",Licitación Pública,20/07/2023 11:00 Hrs.,Adjudicado,28 -  Departamento de Compras y Patrimonio- MTU,322 - Ministerio de Turismo y Deportes,2026-10-10T18:28:49.955182
28-0017-LPU24,EX-2024-102934359-   -APN-DCPYS#MTYD,SERVICIO DE ALIMENTACION A BRINDARSE EN EL CENTRO NACIONAL DE ALTO RENDIMIENTO DEPORTIVO (CENARD),Licitación Pública,06/01/2025 15:00 Hrs.,Adjudicado,28 -  Departamento de Compras y Patrimonio- MTU,322 - Ministerio de Turismo y Deportes,2026-10-10T18:28:49.955182
28-0018-CDI23,EX-2023-52324164-   -APN-DCPYS#MTYD,SERVICIO DE PROVISION DE DIARIOS Y REVISTAS PARA LA DIRECCION GENERAL DE COMUNICACION INSTITUCIONAL,Contratación Directa,30/06/2023 11:00 Hrs.,Dejado Sin Efecto,28 -  Departamento de Compras y Patrimonio- MTU,322 - Ministerio de Turismo y Deportes,2026-10-10T18:28:49.955182
28-0018-CDI24,EX-2024-111623836-   -APN-DCPYS#MTYD,"Renovación de Licencias de Microsoft para la Secretaria de Turismo, Ambiente y Deportes",Contratación Directa,25/10/2024 11:00 Hrs.,Dejado Sin Efecto,28 -  Departamento de Compras y Patrimonio- MTU,322 - Ministerio de Turismo y Deportes,2026-10-10T18:28:49.955182
28-0018-LPR24,EX-2024-117073257-   -APN-DCPYS#MTYD,Adquisición de productos químicos para las piletas de los predios CENARD y CERENA (SSD),Licitación Privada,05/02/2025 15:00 Hrs.,Adjudicado,28 -  Departamento de Compras y Patrimonio- MTU,322 - Ministerio de Turismo y Deportes,2026-10-10T18:28:49.955182
28-0018-LPU22,EX-2022-77578990-   -APN-DCPYS#MTYD,SERVICIO DE HOTELERIA PARA LOS HOTELES NROS 1; 2; 3; 6 Y 7 Y BUNGALOWS DE LA UNIDAD TURISTICA EMBALS,Licitación Pública,14/02/2023 11:00 Hrs.,Dejado Sin Efecto,28 -  Departamento de Compras y Patrimonio- MTU,322 - Ministerio de Turismo y Deportes,2026-10-10T18:28:49.955182
28-0018-LPU23,EX-2023-71096573-   -APN-DCPYS#MTYD,"Adquisición de Maquinarias y Herramientas para la Unidad Turística Embalse, Provincia de Córdoba",Licitación Pública,31/07/2023 11:00 Hrs.,Adjudicado,28 -  Departamento de Compras y Patrimonio- MTU,322 - Ministerio de Turismo y Deportes,2026-10-10T18:28:49.955182
28-0018-LPU24,EX-2024-105943247-   -APN-DCPYS#MTYD,Servicio de vigilancia y seguridad para los predios de la Subsecretaria de Deportes,Licitación Pública,09/12/2024 15:00 Hrs.,Adjudicado,28 -  Departamento de Compras y Patrimonio- MTU,322 - Ministerio de Turismo y Deportes,2026-10-10T18:28:49.955182
28-0019-CDI23,EX-2023-55434035-   -APN-DCPYS#MTYD,"Adquisición y reemplazo de motocompresores de cámaras frogoríficas Lab. Control Doping, Sec. Dep.",Contratación Directa,10/08/2023 11:00 Hrs.,Dejado Sin Efecto,28 -  Departamento de Compras y Patrimonio- MTU,322 - Ministerio de Turismo y Deportes,2026-10-10T18:28:49.955182
28-0019-CDI24,EX-2024-114263217-   -APN-DCPYS#MTYD,"SERVICIO DE SEGUIMIENTO DE MEDIOS PARA LA SECRETARIA DE TURISMO, AMBIENTE Y DEPORTES",Contratación Directa,14/11/2024 15:00 Hrs.,Adjudicado,28 -  Departamento de Compras y Patrimonio- MTU,322 - Ministerio de Turismo y Deportes,2026-10-10T18:28:49.955182
28-0019-LPU22,EX-2022-87067385-   -APN-DCPYS#MTYD,“ADQ. DE EQUIPAMIENTO Y MOBILIARIO  P/ LOS HOTELES DE UTCH ( PCIA DE BS.AS) Y UTE ( PCIA DE CORBOBA),Licitación Pública,28/07/2023 11:00 Hrs.,Adjudicado,28 -  Departamento de Compras y Patrimonio- MTU,322 - Ministerio de Turismo y Deportes,2026-10-10T18:28:49.955182
28-0019-LPU23,EX-2023-88168291-   -APN-DCPYS#MTYD,Servicio de alojamiento y alimentación para la etapa final de los Juegos Nacionales Evita 2023,Licitación Pública,11/09/2023 11:00 Hrs.,Adjudicado,28 -  Departamento de Compras y Patrimonio- MTU,322 - Ministerio de Turismo y Deportes,2026-10-10T18:28:49.955182
28-0019-LPU24,EX-2024-106514293-   -APN-DCPYS#MTYD,SERVICIO DE ALOJAMIENTO Y ALIMENTACION A BRINDARSE EN EL CENTRO RECREATIVO NACIONAL (CERENA),Licitación Pública,20/12/2024 15:00 Hrs.,Dejado Sin Efecto,28 -  Departamento de Compras y Patrimonio- MTU,322 - Ministerio de Turismo y Deportes,2026-10-10T18:28:49.955182
28-0020-CDI24,EX-2024-115434953-   -APN-DCPYS#MTYD,"Adquisición de insumos de cerrajería para los predios “CENARD, CERENA Y PISTA NACIONAL DE REMO""(SSD)",Contratación Directa,17/03/2025 11:00 Hrs.,Dejado Sin Efecto,28 -  Departamento de Compras y Patrimonio- MTU,322 - Ministerio de Turismo y Deportes,2026-10-10T18:28:49.955182
28-0020-LPR25,EX-2025-63688289-   -APN-DCPYS#MTYD,Contratación de seguros de accidentes personales para los JDNE 2025 de la Subsecretaría de Deportes,Licitación Privada,05/08/2025 12:00 Hrs.,Adjudicado,28 -  Departamento de Compras y Patrimonio- MTU,322 - Ministerio de Turismo y Deportes,2026-10-10T18:28:49.955182
28-0020-LPU23,EX-2023-90004893-   -APN-DCPYS#MTYD,Servicio de trabajos de mejora en la superficie deportiva en el CENARD,Licitación Pública,28/09/2023 11:00 Hrs.,Dejado Sin Efecto,28 -  Departamento de Compras y Patrimonio- MTU,322 - Ministerio de Turismo y Deportes,2026-10-10T18:28:49.955182
28-0020-LPU24,EX-2024-114243915-   -APN-DCPYS#MTYD,"Adq de materiales e indumentaria para Clubes de Barrio, otras entidades y Prog de esc. deportivas",Licitación Pública,25/11/2024 12:00 Hrs.,Adjudicado,28 -  Departamento de Compras y Patrimonio- MTU,322 - Ministerio de Turismo y Deportes,2026-10-10T18:28:49.955182
28-0021-CDI23,EX-2023-71449762-   -APN-DCPYS#MTYD,CONVENIO ENTRE YPF GAS S.A. Y EL MINISTERIO DE TURISMO Y DEPORTES DE LA NACION,Contratación Directa,22/11/2023 11:00 Hrs.,En Apertura,28 -  Departamento de Compras y Patrimonio- MTU,322 - Ministerio de Turismo y Deportes,2026-10-10T18:28:49.955182
28-0021-CDI24,EX-2024-115835489-   -APN-DCPYS#MTYD,"SERVICIO DE MANT, CONTROL, RECARGA, ADQ. Y PUESTA DISPOSICIÓN FINAL DE EXTINTORES DE LA SUB.DEPORTES",Contratación Directa,19/11/2024 11:00 Hrs.,Adjudicado,28 -  Departamento de Compras y Patrimonio- MTU,322 - Ministerio de Turismo y Deportes,2026-10-10T18:28:49.955182
28-0021-LPU22,EX-2022-94162778-   -APN-DCPYS#MTYD,Contratación Servicio Mensual De Emergencias Médicas Y Ambulancia para SSIDYCN,Licitación Pública,06/01/2023 11:00 Hrs.,Adjudicado,28 -  Departamento de Compras y Patrimonio- MTU,322 - Ministerio de Turismo y Deportes,2026-10-10T18:28:49.955182
28-0021-LPU23,EX-2023-100634345-   -APN-DCPYS#MTYD,CONTRATACION DE UN SERVICIO DE ALIMENTACIÓN PARA EL CENARD,Licitación Pública,13/11/2023 11:00 Hrs.,Dejado Sin Efecto,28 -  Departamento de Compras y Patrimonio- MTU,322 - Ministerio de Turismo y Deportes,2026-10-10T18:28:49.955182
28-0021-LPU24,EX-2024-114256231-   -APN-DCPYS#MTYD,SERVICIO DE LIMPIEZA DE ESPEJO DE AGUA en la Pista Nacional de Remo y Canotaje,Licitación Pública,26/12/2024 15:00 Hrs.,Dejado Sin Efecto,28 -  Departamento de Compras y Patrimonio- MTU,322 - Ministerio de Turismo y Deportes,2026-10-10T18:28:49.955182
28-0022-CDI24,EX-2024-116074795-   -APN-DCPYS#MTYD,SERVICIO DE MANTENIMIENTO PREVENTIVO Y CORRECTIVO DE CROMATOGRAFOS GASEOSOS Y LIQUIDOS,Contratación Directa,13/12/2024 11:00 Hrs.,Dejado Sin Efecto,28 -  Departamento de Compras y Patrimonio- MTU,322 - Ministerio de Turismo y Deportes,2026-10-10T18:28:49.955182
28-0022-LPR25,EX-2025-83341061-   -APN-DCPYS#MTYD,Servicio de Guarda y Administración de archivos para la SUBSECRETARÍA DE TURISMO,Licitación Privada,10/09/2025 15:00 Hrs.,Adjudicado,28 -  Departamento de Compras y Patrimonio- MTU,322 - Ministerio de Turismo y Deportes,2026-10-10T18:28:49.955182
28-0022-LPU23,EX-2023-100776607-   -APN-DCPYS#MTYD,SERVICIO DE ALIMENTACIÓN Y ALOJAMIENTO A BRINDARSE EN EL CENTRO RECREATIVO NACIONAL (CERENA),Licitación Pública,24/11/2023 11:00 Hrs.,Dejado Sin Efecto,28 -  Departamento de Compras y Patrimonio- MTU,322 - Ministerio de Turismo y Deportes,2026-10-10T18:28:49.955182
28-0022-LPU24,EX-2024-134677855-   -APN-DCPYS#MTYD,Servicio de Parquizado y Mantenimiento de Áreas Verdes en CERENA y la PISTA NACIONAL DE REMO,Licitación Pública,05/02/2025 15:00 Hrs.,Adjudicado,28 -  Departamento de Compras y Patrimonio- MTU,322 - Ministerio de Turismo y Deportes,2026-10-10T18:28:49.955182
28-0023-CDI24,EX-2024-116566361-   -APN-DCPYS#MTYD,"Adquisición de  un generador de hidrógeno para Laboratorio de Control Doping de la Subs, de Deportes",Contratación Directa,21/11/2024 11:00 Hrs.,Adjudicado,28 -  Departamento de Compras y Patrimonio- MTU,322 - Ministerio de Turismo y Deportes,2026-10-10T18:28:49.955182
28-0024-CDI23,EX-2023-96776545-   -APN-DCPYS#MTYD,"SERVICIO DE RECOLECCION, TRANSPORTE, TRATAMIENTO Y DIPOSICION FINAL DE RESIDUOS PATOGENICOS",Contratación Directa,27/10/2023 11:00 Hrs.,Adjudicado,28 -  Departamento de Compras y Patrimonio- MTU,322 - Ministerio de Turismo y Deportes,2026-10-10T18:28:49.955182
28-0024-CDI24,EX-2024-118406342-   -APN-DCPYS#MTYD,"ADQUISICIÓN DE INSUMOS PARA LOS PREDIOS CENARD, CERENA Y PISTA NACIONAL DE REMO Y CANOTAJE",Contratación Directa,19/11/2024 12:00 Hrs.,Dejado Sin Efecto,28 -  Departamento de Compras y Patrimonio- MTU,322 - Ministerio de Turismo y Deportes,2026-10-10T18:28:49.955182
28-0024-LPU22,EX-2022-118282079-   -APN-DCPYS#MTYD,CONTRATACIÓN DE SERVICIOS DE HOTELERÍA PARA LA UNIDAD TURISTICA CHAPADMALAL PROV. DE BUENOS AIRES,Licitación Pública,12/06/2023 11:00 Hrs.,Disponible Para Adjudicar,28 -  Departamento de Compras y Patrimonio- MTU,322 - Ministerio de Turismo y Deportes,2026-10-10T18:28:49.955182
28-0024-LPU23,EX-2023-110014762-   -APN-DCPYS#MTYD,Restauración y Puesta en valor del Hotel 4 de la Unidad Turística Embalse (Provincia de Córdoba),Licitación Pública,15/11/2023 11:00 Hrs.,Fracasado,28 -  Departamento de Compras y Patrimonio- MTU,322 - Ministerio de Turismo y Deportes,2026-10-10T18:28:49.955182
28-0025-CDI23,EX-2023-108479128-   -APN-DCPYS#MTYD,CONV INTERAD ENTRE EL CONSEJO INTERUNIVERSITARIO NACIONAL-CIN Y EL MINISTERIO DE TURISMO Y DEPORTES,Contratación Directa,29/09/2023 11:00 Hrs.,Adjudicado,28 -  Departamento de Compras y Patrimonio- MTU,322 - Ministerio de Turismo y Deportes,2026-10-10T18:28:49.955182
28-0025-CDI24,EX-2024-119890628-   -APN-DCPYS#MTYD,"Servicio de Mantenimiento de Ascensores, Evaluación y Diagnóstico para la SUBSECRETARÍA DE DEPORTES",Contratación Directa,27/12/2024 12:00 Hrs.,Dejado Sin Efecto,28 -  Departamento de Compras y Patrimonio- MTU,322 - Ministerio de Turismo y Deportes,2026-10-10T18:28:49.955182
28-0025-LPR25,EX-2025-100595692-   -APN-DCPYS#MTYD,Serv de mant preventivo semi integral de equipos de aire acondicionado en predios SSD,Licitación Privada,17/10/2025 15:00 Hrs.,Adjudicado,28 -  Departamento de Compras y Patrimonio- MTU,322 - Ministerio de Turismo y Deportes,2026-10-10T18:28:49.955182
28-0025-LPU23,EX-2023-110400753-   -APN-DCPYS#MTYD,"SERVICIO DE MANTENIMIENTO, REPARACIÓN GENERAL Y PINTADO DE LA PILETA 2 EN PREDIO CENADDE.",Licitación Pública,26/10/2023 11:00 Hrs.,Adjudicado,28 -  Departamento de Compras y Patrimonio- MTU,322 - Ministerio de Turismo y Deportes,2026-10-10T18:28:49.955182
28-0026-CDI24,EX-2024-120084016-   -APN-DCPYS#MTYD,Servicio de adecuación de redes de protección para cancha de hockey - CENARD,Contratación Directa,21/11/2024 12:00 Hrs.,Dejado Sin Efecto,28 -  Departamento de Compras y Patrimonio- MTU,322 - Ministerio de Turismo y Deportes,2026-10-10T18:28:49.955182
28-0026-LPR25,EX-2025-105642719-   -APN-DCPYS#MTYD,Servicio de proyecto ejecutivo para la actualización de tableros eléctricos en el predio CENARD-SSD,Licitación Privada,28/10/2025 15:00 Hrs.,Dejado Sin Efecto,28 -  Departamento de Compras y Patrimonio- MTU,322 - Ministerio de Turismo y Deportes,2026-10-10T18:28:49.955182
28-0026-LPU22,EX-2022-120932623-   -APN-DCPYS#MTYD,Contratación de un servicio de Limpieza Integral para el MINISTERIO DE TURISMO Y DEPORTES,Licitación Pública,08/02/2023 11:00 Hrs.,Adjudicado,28 -  Departamento de Compras y Patrimonio- MTU,322 - Ministerio de Turismo y Deportes,2026-10-10T18:28:49.955182
28-0026-LPU23,EX-2023-114635600-   -APN-DCPYS#MTYD,Mantenimiento correctivo integral del hotel 3 de la Unidad Turística Embalse (Provincia de  Córdoba),Licitación Pública,01/12/2023 11:00 Hrs.,Dejado Sin Efecto,28 -  Departamento de Compras y Patrimonio- MTU,322 - Ministerio de Turismo y Deportes,2026-10-10T18:28:49.955182
28-0027-CDI23,EX-2023-120696320-   -APN-DCPYS#MTYD,ANÁLISIS QUÍMICO BACTERIOLÓGICO DEL AGUA DE LAS PILETAS DE NATATORIO EN CENARD,Contratación Directa,23/11/2023 11:00 Hrs.,Dejado Sin Efecto,28 -  Departamento de Compras y Patrimonio- MTU,322 - Ministerio de Turismo y Deportes,2026-10-10T18:28:49.955182
28-0027-CDI24,EX-2024-120124063-   -APN-DCPYS#MTYD,Adquisición de Artículos Acondicionamiento Térmico - Ventiladores y Equipos de Aire Portátiles SST,Contratación Directa,06/12/2024 15:00 Hrs.,Adjudicado,28 -  Departamento de Compras y Patrimonio- MTU,322 - Ministerio de Turismo y Deportes,2026-10-10T18:28:49.955182
28-0027-LPU22,EX-2022-138761635-   -APN-DCPYS#MTYD,PROVISIÓN E INSTALACIÓN DE CALEFACTORES Y TERMOTANQUES PARA LA UNIDAD TURISTICA CHAPADMALAL,Licitación Pública,13/02/2023 11:00 Hrs.,Adjudicado,28 -  Departamento de Compras y Patrimonio- MTU,322 - Ministerio de Turismo y Deportes,2026-10-10T18:28:49.955182
28-0028-CDI24,EX-2024-120140586-   -APN-DCPYS#MTYD,Provisión de repuestos y reparación de cámaras de frio para el Laboratorio de Control Doping- SSD,Contratación Directa,14/03/2025 15:00 Hrs.,Adjudicado,28 -  Departamento de Compras y Patrimonio- MTU,322 - Ministerio de Turismo y Deportes,2026-10-10T18:28:49.955182
28-0028-LPR22,EX-2022-103346939-   -APN-SSGA#MTYD,SERV. DE LIMPIEZA PARA CENTRO DE INF. TUR. DEL MTYD EN AEROPUERTO DE EZEIZA,Licitación Privada,09/02/2023 11:00 Hrs.,Dejado Sin Efecto,28 -  Departamento de Compras y Patrimonio- MTU,322 - Ministerio de Turismo y Deportes,2026-10-10T18:28:49.955182
28-0028-LPU22,EX-2022-138809794-   -APN-DCPYS#MTYD,SERVICIO DE VIGILANCIA Y SEGURIDAD PARA LOS PREDIOS DEPORTIVOS DEL MINISTERIO DE TURISMO Y DEPORTES,Licitación Pública,02/05/2023 12:00 Hrs.,Adjudicado,28 -  Departamento de Compras y Patrimonio- MTU,322 - Ministerio de Turismo y Deportes,2026-10-10T18:28:49.955182
28-0029-CDI24,EX-2024-120145799-   -APN-DCPYS#MTYD,Mantenimiento preventivo y correctivo de espectrómetro y generador de nitrógeno - SSD,Contratación Directa,04/02/2025 15:00 Hrs.,Dejado Sin Efecto,28 -  Departamento de Compras y Patrimonio- MTU,322 - Ministerio de Turismo y Deportes,2026-10-10T18:28:49.955182
28-0029-LPR22,EX-2022-105339290-   -APN-DCPYS#MTYD,Adqusición de repuestos para el mantenimiento del equipamiento marca Agilent Technologies SD - MTyD,Licitación Privada,16/03/2023 11:00 Hrs.,Adjudicado,28 -  Departamento de Compras y Patrimonio- MTU,322 - Ministerio de Turismo y Deportes,2026-10-10T18:28:49.955182
28-0030-CDI24,EX-2024-120629724-   -APN-DCPYS#MTYD,Servicio de calibración de equipos de medición del Laboratorio de Control Doping para la SSD,Contratación Directa,06/12/2024 12:00 Hrs.,Adjudicado,28 -  Departamento de Compras y Patrimonio- MTU,322 - Ministerio de Turismo y Deportes,2026-10-10T18:28:49.955182
28-0030-LPR22,EX-2022-106765159-   -APN-DCPYS#MTYD,PROVISION ELEMENTOS PARA EL LABORATORIO DE CONTROL DOPING DE LA SECRETARIA DE DEPORTES DEL MTYD,Licitación Privada,09/05/2023 11:00 Hrs.,Disponible Para Adjudicar,28 -  Departamento de Compras y Patrimonio- MTU,322 - Ministerio de Turismo y Deportes,2026-10-10T18:28:49.955182
28-0030-LPU22,EX-2022-140272048-   -APN-DCPYS#MTYD,SERVICIO DE REALIZACION AUDIOVISUAL PARA GENERACION DE MATERIAL INSTITUCIONAL,Licitación Pública,02/05/2023 11:00 Hrs.,Adjudicado,28 -  Departamento de Compras y Patrimonio- MTU,322 - Ministerio de Turismo y Deportes,2026-10-10T18:28:49.955182
28-0031-CDI24,EX-2024-121202815-   -APN-DCPYS#MTYD,Servicio de mantenimiento preventivo y correctivo de equipos de laboratorio de doping de la SSD,Contratación Directa,19/12/2024 12:00 Hrs.,Adjudicado,28 -  Departamento de Compras y Patrimonio- MTU,322 - Ministerio de Turismo y Deportes,2026-10-10T18:28:49.955182
28-0032-CDI24,EX-2024-121951285-   -APN-DCPYS#MTYD,Servicio de mantenimiento preventivo y correctivo de Equipo UPS para el Laboratorio de Doping SSD,Contratación Directa,11/12/2024 12:00 Hrs.,Adjudicado,28 -  Departamento de Compras y Patrimonio- MTU,322 - Ministerio de Turismo y Deportes,2026-10-10T18:28:49.955182
28-0032-LPR22,EX-2022-138610146-   -APN-DCPYS#MTYD,ADQUISICIÓN DE MADERAS PARA LA REPARACIÓN Y MANTENIMIENTO DE EDIFICIOS DE UTCH Y UTE,Licitación Privada,28/04/2023 11:00 Hrs.,Adjudicado,28 -  Departamento de Compras y Patrimonio- MTU,322 - Ministerio de Turismo y Deportes,2026-10-10T18:28:49.955182
28-0033-CDI24,EX-2024-122425005-   -APN-DCPYS#MTYD,"ADQ., INST., MONTAJE Y P/ EN MARCHA DE BOMBA CENTRÍFUGA PARA PILETA OLIMPICA - CENARD",Contratación Directa,09/12/2024 12:00 Hrs.,Dejado Sin Efecto,28 -  Departamento de Compras y Patrimonio- MTU,322 - Ministerio de Turismo y Deportes,2026-10-10T18:28:49.955182
28-0034-CDI22,EX-2022-93428797-   -APN-DCPYS#MTYD,CONVENIO ENTRE EL MTYD Y LA FACULTAD DE CIENCIAS ECONOM. DE LA UNIVERSIDAD NACIONAL DE BUENOS AIRES,Contratación Directa,05/06/2023 11:00 Hrs.,Adjudicado,28 -  Departamento de Compras y Patrimonio- MTU,322 - Ministerio de Turismo y Deportes,2026-10-10T18:28:49.955182
28-0034-CDI24,EX-2024-122724942-   -APN-DCPYS#MTYD,Adquisición de elementos de promoción para la Subsecretaria de Turismo,Contratación Directa,05/12/2024 11:00 Hrs.,Adjudicado,28 -  Departamento de Compras y Patrimonio- MTU,322 - Ministerio de Turismo y Deportes,2026-10-10T18:28:49.955182
28-0034-LPR22,EX-2022-139725005-   -APN-DCPYS#MTYD,Servicio de desratización y desinfección para los predios de la Secretaria de Deportes - MTyD,Licitación Privada,03/05/2023 11:00 Hrs.,Adjudicado,28 -  Departamento de Compras y Patrimonio- MTU,322 - Ministerio de Turismo y Deportes,2026-10-10T18:28:49.955182
28-0036-CDI24,EX-2024-129612937-   -APN-DCPYS#MTYD,Adquisición de materiales e insumos de corralón y construcción para los predios de la SSD,Contratación Directa,03/07/2025 15:00 Hrs.,Adjudicado,28 -  Departamento de Compras y Patrimonio- MTU,322 - Ministerio de Turismo y Deportes,2026-10-10T18:28:49.955182
28-0037-CDI24,EX-2024-134670114-   -APN-DCPYS#MTYD,PROVISION DE INSUMOS PARA EL LABORATORIO DE CONTROL DOPING PARA LA SUBSECRETARIA DE DEPORTES,Contratación Directa,30/01/2025 15:00 Hrs.,Adjudicado,28 -  Departamento de Compras y Patrimonio- MTU,322 - Ministerio de Turismo y Deportes,2026-10-10T18:28:49.955182
28-0038-CDI22,EX-2022-106814902-   -APN-DCPYS#MTYD,PROVISION DE VALVULA ELECTRONICA DE CONTROL DE PRESION PARA LABORATORIO SEC DEP MTYD,Contratación Directa,05/04/2023 08:00 Hrs.,Adjudicado con doc. contractuales autorizados,28 -  Departamento de Compras y Patrimonio- MTU,322 - Ministerio de Turismo y Deportes,2026-10-10T18:28:49.955182
28-0038-CDI24,EX-2024-134679677-   -APN-DCPYS#MTYD,PROV. DE RESPUESTOS PARA EL MANTENIMIENTO DE EQUIPOS DEL LABORATORIO DOPING SUBSECRETARIA DEPORTES,Contratación Directa,30/01/2025 15:00 Hrs.,Adjudicado,28 -  Departamento de Compras y Patrimonio- MTU,322 - Ministerio de Turismo y Deportes,2026-10-10T18:28:49.955182
28-0040-CDI22,EX-2022-109089925-   -APN-DCPYS#MTYD,"CONVENIO INTERADMINISTRATIVO ENTRE LA GNA Y EL MTYD EN LA UTE, PCIA DE CORDOBA",Contratación Directa,10/02/2023 10:00 Hrs.,Adjudicado,28 -  Departamento de Compras y Patrimonio- MTU,322 - Ministerio de Turismo y Deportes,2026-10-10T18:28:49.955182
28-0042-CDI22,EX-2022-138893110-   -APN-DCPYS#MTYD,CONVENIO ENTRE LA UNIVERSIDAD NACIONAL DE JUJUY Y EL MINISTERIO DE TURISMO Y DEPORTES,Contratación Directa,05/06/2023 11:00 Hrs.,Dejado Sin Efecto,28 -  Departamento de Compras y Patrimonio- MTU,322 - Ministerio de Turismo y Deportes,2026-10-10T18:28:49.955182
28-0043-CDI22,EX-2022-139431464-   -APN-DCPYS#MTYD,CONVENIO ENTRE EL MINISTERIO DE TURISMO Y DEPORTES Y LA UNIVERSIDAD NACIONAL DE COMAHUE,Contratación Directa,12/06/2023 11:00 Hrs.,Adjudicado,28 -  Departamento de Compras y Patrimonio- MTU,322 - Ministerio de Turismo y Deportes,2026-10-10T18:28:49.955182
28-0044-CDI22,EX-2022-139563412-   -APN-DCPYS#MTYD,CONVENIO ENTRE EL MINISTERIO DE TURISMO Y DEPORTES Y LA UNIVERSIDAD NACIONAL DE GRAL. SAN MARTIN,Contratación Directa,05/04/2023 11:00 Hrs.,Adjudicado,28 -  Departamento de Compras y Patrimonio- MTU,322 - Ministerio de Turismo y Deportes,2026-10-10T18:28:49.955182
143-0001-CDI23,EX-2023-23362940-   -APN-DGA#ANPIDTYI,Adquisición resmas A4 para la Agencia I+D+i,Contratación Directa,27/03/2023 12:00 Hrs.,Adjudicado,"143/000 - AGENCIA NACIONAL DE PROMOCIÓN DE LA INVESTIGACIÓN, EL DESARROLLO TECNOLÓGICO Y LA INNOVACIÓN","173 - AGENCIA NACIONAL DE PROMOCIÓN DE LA INVESTIGACIÓN, EL DESARROLLO TECNOLÓGICO Y LA INNOVACIÓN",2026-10-10T18:29:29.386961
143-0001-CDI24,EX-2024-55055882-   -APN-DGA#ANPIDTYI,Contratación directa por exclusividad con La Ley S.A.E e I. Biblioteca Digital,Contratación Directa,05/06/2024 12:00 Hrs.,Adjudicado,"143/000 - AGENCIA NACIONAL DE PROMOCIÓN DE LA INVESTIGACIÓN, EL DESARROLLO TECNOLÓGICO Y LA INNOVACIÓN","173 - AGENCIA NACIONAL DE PROMOCIÓN DE LA INVESTIGACIÓN, EL DESARROLLO TECNOLÓGICO Y LA INNOVACIÓN",2026-10-10T18:29:29.386961
143-0001-CDI25,EX-2025-07125822-   -APN-DGA#ANPIDTYI,"CONTRATACIÓN POR EXCLUSIVIDAD CON LA EMPRESA LA LEY S.A.E. e I., INFORMACIÓN LEGAL.-",Contratación Directa,05/02/2025 12:00 Hrs.,Adjudicado,"143/000 - AGENCIA NACIONAL DE PROMOCIÓN DE LA INVESTIGACIÓN, EL DESARROLLO TECNOLÓGICO Y LA INNOVACIÓN","173 - AGENCIA NACIONAL DE PROMOCIÓN DE LA INVESTIGACIÓN, EL DESARROLLO TECNOLÓGICO Y LA INNOVACIÓN",2026-10-10T18:29:29.386961
143-0001-LPR23,EX-2023-16778460-   -APN-DGA#ANPIDTYI,Alquiler de UN (1) vehículo sin chofer para la Agencia I+D+i,Licitación Privada,15/03/2023 12:00 Hrs.,Adjudicado,"143/000 - AGENCIA NACIONAL DE PROMOCIÓN DE LA INVESTIGACIÓN, EL DESARROLLO TECNOLÓGICO Y LA INNOVACIÓN","173 - AGENCIA NACIONAL DE PROMOCIÓN DE LA INVESTIGACIÓN, EL DESARROLLO TECNOLÓGICO Y LA INNOVACIÓN",2026-10-10T18:29:29.386961
143-0001-LPR24,EX-2024-43847305-   -APN-DGA#ANPIDTYI,Contratación del Servicio de Medicina Laboral,Licitación Privada,31/05/2024 12:00 Hrs.,Dejado Sin Efecto,"143/000 - AGENCIA NACIONAL DE PROMOCIÓN DE LA INVESTIGACIÓN, EL DESARROLLO TECNOLÓGICO Y LA INNOVACIÓN","173 - AGENCIA NACIONAL DE PROMOCIÓN DE LA INVESTIGACIÓN, EL DESARROLLO TECNOLÓGICO Y LA INNOVACIÓN",2026-10-10T18:29:29.386961
143-0001-LPR25,EX-2025-20357351-   -APN-DGA#ANPIDTYI,PROVISIÓN E INSTALACIÓN DE CARDIODESFIBRILADORES EXTERNOS AUTOMÁTICOS (DEA),Licitación Privada,10/04/2025 10:00 Hrs.,Adjudicado,"143/000 - AGENCIA NACIONAL DE PROMOCIÓN DE LA INVESTIGACIÓN, EL DESARROLLO TECNOLÓGICO Y LA INNOVACIÓN","173 - AGENCIA NACIONAL DE PROMOCIÓN DE LA INVESTIGACIÓN, EL DESARROLLO TECNOLÓGICO Y LA INNOVACIÓN",2026-10-10T18:29:29.386961
143-0001-LPR26,EX-2026-07388871-   -APN-DGA#ANPIDTYI,Servicio de Área Protegida por emergencias médicas,Licitación Privada,20/02/2026 10:00 Hrs.,Adjudicado,"143/000 - AGENCIA NACIONAL DE PROMOCIÓN DE LA INVESTIGACIÓN, EL DESARROLLO TECNOLÓGICO Y LA INNOVACIÓN","173 - AGENCIA NACIONAL DE PROMOCIÓN DE LA INVESTIGACIÓN, EL DESARROLLO TECNOLÓGICO Y LA INNOVACIÓN",2026-10-10T18:29:29.386961
143-0001-LPU23,EX-2023-17294107-   -APN-DGA#ANPIDTYI,Adquisición de UN (1) vehículo oficial para la Agencia I+D+i,Licitación Pública,19/05/2023 12:00 Hrs.,Dejado Sin Efecto,"143/000 - AGENCIA NACIONAL DE PROMOCIÓN DE LA INVESTIGACIÓN, EL DESARROLLO TECNOLÓGICO Y LA INNOVACIÓN","173 - AGENCIA NACIONAL DE PROMOCIÓN DE LA INVESTIGACIÓN, EL DESARROLLO TECNOLÓGICO Y LA INNOVACIÓN",2026-10-10T18:29:29.386961
143-0001-LPU24,EX-2024-136485581-   -APN-DGA#ANPIDTYI,"SERVICIO INTEGRAL DE MUDANZA, GUARDA, CUSTODIA Y ADMINISTRACIÓN DE ARCHIVOS",Licitación Pública,21/04/2025 10:00 Hrs.,Adjudicado,"143/000 - AGENCIA NACIONAL DE PROMOCIÓN DE LA INVESTIGACIÓN, EL DESARROLLO TECNOLÓGICO Y LA INNOVACIÓN","173 - AGENCIA NACIONAL DE PROMOCIÓN DE LA INVESTIGACIÓN, EL DESARROLLO TECNOLÓGICO Y LA INNOVACIÓN",2026-10-10T18:29:29.386961
143-0001-LPU25,EX-2025-116482643-   -APN-DGFEYL#ANPIDTYI,CONTRATACIÓN DE SERVICIO DE COBERTURA DE SALUD - PROFOCAID - PRÉSTAMO BCIE 2161,Licitación Pública,17/12/2025 12:00 Hrs.,Desierto,"143/000 - AGENCIA NACIONAL DE PROMOCIÓN DE LA INVESTIGACIÓN, EL DESARROLLO TECNOLÓGICO Y LA INNOVACIÓN","173 - AGENCIA NACIONAL DE PROMOCIÓN DE LA INVESTIGACIÓN, EL DESARROLLO TECNOLÓGICO Y LA INNOVACIÓN",2026-10-10T18:29:29.386961
143-0001-LPU26,EX-2026-04844110-   -APN-DGFEYL#ANPIDTYI,CONTRACION DE SERVICIO DE COBERTURA DE SALUD - PROFOCAID - SEGUNDO LLAMADO - PRESTAMO BCIE 2161,Licitación Pública,11/02/2026 15:00 Hrs.,Disponible Para Adjudicar,"143/000 - AGENCIA NACIONAL DE PROMOCIÓN DE LA INVESTIGACIÓN, EL DESARROLLO TECNOLÓGICO Y LA INNOVACIÓN","173 - AGENCIA NACIONAL DE PROMOCIÓN DE LA INVESTIGACIÓN, EL DESARROLLO TECNOLÓGICO Y LA INNOVACIÓN",2026-10-10T18:29:29.386961
143-0002-CDI23,EX-2023-48834765-   -APN-DGA#ANPIDTYI,"CONTRATACION DIRECTA POR EXCLUSIVIDAD CON LA LEY S.A.E. e I., BIBLIOTECA DIGITAL",Contratación Directa,11/05/2023 12:00 Hrs.,Adjudicado,"143/000 - AGENCIA NACIONAL DE PROMOCIÓN DE LA INVESTIGACIÓN, EL DESARROLLO TECNOLÓGICO Y LA INNOVACIÓN","173 - AGENCIA NACIONAL DE PROMOCIÓN DE LA INVESTIGACIÓN, EL DESARROLLO TECNOLÓGICO Y LA INNOVACIÓN",2026-10-10T18:29:29.386961
143-0002-LPR23,EX-2023-53125767-   -APN-DGA#ANPIDTYI,Adquisición de mobiliario,Licitación Privada,13/06/2023 12:00 Hrs.,Adjudicado,"143/000 - AGENCIA NACIONAL DE PROMOCIÓN DE LA INVESTIGACIÓN, EL DESARROLLO TECNOLÓGICO Y LA INNOVACIÓN","173 - AGENCIA NACIONAL DE PROMOCIÓN DE LA INVESTIGACIÓN, EL DESARROLLO TECNOLÓGICO Y LA INNOVACIÓN",2026-10-10T18:29:29.386961
143-0002-LPR24,EX-2024-46957567-   -APN-DGA#ANPIDTYI,"SEVICIO DE SOPORTE, MANTENIMIENTO Y LIQUIDACIÓN DE HABERES",Licitación Privada,19/06/2024 12:00 Hrs.,Adjudicado,"143/000 - AGENCIA NACIONAL DE PROMOCIÓN DE LA INVESTIGACIÓN, EL DESARROLLO TECNOLÓGICO Y LA INNOVACIÓN","173 - AGENCIA NACIONAL DE PROMOCIÓN DE LA INVESTIGACIÓN, EL DESARROLLO TECNOLÓGICO Y LA INNOVACIÓN",2026-10-10T18:29:29.386961
143-0002-LPR25,EX-2025-35089521-   -APN-DGA#ANPIDTYI,SEGURO PARA EQUIPOS TECNOLÓGICOS,Licitación Privada,05/05/2025 11:00 Hrs.,Adjudicado,"143/000 - AGENCIA NACIONAL DE PROMOCIÓN DE LA INVESTIGACIÓN, EL DESARROLLO TECNOLÓGICO Y LA INNOVACIÓN","173 - AGENCIA NACIONAL DE PROMOCIÓN DE LA INVESTIGACIÓN, EL DESARROLLO TECNOLÓGICO Y LA INNOVACIÓN",2026-10-10T18:29:29.386961
143-0002-LPR26,EX-2026-07512378-   -APN-DGA#ANPIDTYI,Servicio de Apoyo Técnico Sectorial,Licitación Privada,09/02/2026 15:00 Hrs.,Dejado Sin Efecto,"143/000 - AGENCIA NACIONAL DE PROMOCIÓN DE LA INVESTIGACIÓN, EL DESARROLLO TECNOLÓGICO Y LA INNOVACIÓN","173 - AGENCIA NACIONAL DE PROMOCIÓN DE LA INVESTIGACIÓN, EL DESARROLLO TECNOLÓGICO Y LA INNOVACIÓN",2026-10-10T18:29:29.386961
143-0002-LPU23,EX-2023-118104499-   -APN-DGA#ANPIDTYI,Adquisición de mobiliario para la Agencia I+D+i,Licitación Pública,23/11/2023 12:00 Hrs.,Dejado Sin Efecto,"143/000 - AGENCIA NACIONAL DE PROMOCIÓN DE LA INVESTIGACIÓN, EL DESARROLLO TECNOLÓGICO Y LA INNOVACIÓN","173 - AGENCIA NACIONAL DE PROMOCIÓN DE LA INVESTIGACIÓN, EL DESARROLLO TECNOLÓGICO Y LA INNOVACIÓN",2026-10-10T18:29:29.386961
143-0002-LPU26,EX-2026-42570700-   -APN-DGA#ANPIDTYI,"Contratación de un ""servicio de apoyo para la mejora de sistemas de información""",Licitación Pública,16/06/2026 15:00 Hrs.,Dejado Sin Efecto,"143/000 - AGENCIA NACIONAL DE PROMOCIÓN DE LA INVESTIGACIÓN, EL DESARROLLO TECNOLÓGICO Y LA INNOVACIÓN","173 - AGENCIA NACIONAL DE PROMOCIÓN DE LA INVESTIGACIÓN, EL DESARROLLO TECNOLÓGICO Y LA INNOVACIÓN",2026-10-10T18:29:29.386961
143-0003-CDI23,EX-2023-55494342-   -APN-DGA#ANPIDTYI,"Seguro de UN (1) kit de Eq. para Videoconferencia de la AGENCIA I+D+i, con Nacion Seguros.-",Contratación Directa,29/05/2023 12:00 Hrs.,Adjudicado,"143/000 - AGENCIA NACIONAL DE PROMOCIÓN DE LA INVESTIGACIÓN, EL DESARROLLO TECNOLÓGICO Y LA INNOVACIÓN","173 - AGENCIA NACIONAL DE PROMOCIÓN DE LA INVESTIGACIÓN, EL DESARROLLO TECNOLÓGICO Y LA INNOVACIÓN",2026-10-10T18:29:29.386961
143-0003-LPR23,EX-2023-73706556-   -APN-DGA#ANPIDTYI,Servicio de eventos integrales,Licitación Privada,08/08/2023 13:00 Hrs.,Adjudicado,"143/000 - AGENCIA NACIONAL DE PROMOCIÓN DE LA INVESTIGACIÓN, EL DESARROLLO TECNOLÓGICO Y LA INNOVACIÓN","173 - AGENCIA NACIONAL DE PROMOCIÓN DE LA INVESTIGACIÓN, EL DESARROLLO TECNOLÓGICO Y LA INNOVACIÓN",2026-10-10T18:29:29.386961
143-0003-LPR24,EX-2024-111694231-   -APN-DGA#ANPIDTYI,Contratación del Servicio de Medicina Laboral,Licitación Privada,05/05/2025 10:00 Hrs.,Adjudicado,"143/000 - AGENCIA NACIONAL DE PROMOCIÓN DE LA INVESTIGACIÓN, EL DESARROLLO TECNOLÓGICO Y LA INNOVACIÓN","173 - AGENCIA NACIONAL DE PROMOCIÓN DE LA INVESTIGACIÓN, EL DESARROLLO TECNOLÓGICO Y LA INNOVACIÓN",2026-10-10T18:29:29.386961
143-0003-LPR25,EX-2025-36497474-   -APN-DGA#ANPIDTYI,"Servicio de Mantenimiento, Soporte del Sistema SARHA y Liquidación de haberes",Licitación Privada,05/05/2025 09:00 Hrs.,Adjudicado,"143/000 - AGENCIA NACIONAL DE PROMOCIÓN DE LA INVESTIGACIÓN, EL DESARROLLO TECNOLÓGICO Y LA INNOVACIÓN","173 - AGENCIA NACIONAL DE PROMOCIÓN DE LA INVESTIGACIÓN, EL DESARROLLO TECNOLÓGICO Y LA INNOVACIÓN",2026-10-10T18:29:29.386961
143-0003-LPR26,EX-2026-07512378-   -APN-DGA#ANPIDTYI,Servicio de Apoyo Técnico y Sectorial - Segundo Llamado,Licitación Privada,04/03/2026 15:30 Hrs.,Dejado Sin Efecto,"143/000 - AGENCIA NACIONAL DE PROMOCIÓN DE LA INVESTIGACIÓN, EL DESARROLLO TECNOLÓGICO Y LA INNOVACIÓN","173 - AGENCIA NACIONAL DE PROMOCIÓN DE LA INVESTIGACIÓN, EL DESARROLLO TECNOLÓGICO Y LA INNOVACIÓN",2026-10-10T18:29:29.386961
143-0004-CDI23,EX-2023-67803392-   -APN-DGA#ANPIDTYI,ADQUISICION DE INSUMOS DE CAFETERIA.-,Contratación Directa,27/07/2023 12:00 Hrs.,Adjudicado,"143/000 - AGENCIA NACIONAL DE PROMOCIÓN DE LA INVESTIGACIÓN, EL DESARROLLO TECNOLÓGICO Y LA INNOVACIÓN","173 - AGENCIA NACIONAL DE PROMOCIÓN DE LA INVESTIGACIÓN, EL DESARROLLO TECNOLÓGICO Y LA INNOVACIÓN",2026-10-10T18:29:29.386961
143-0004-LPR23,EX-2023-87409176-   -APN-DGA#ANPIDTYI,Servicio de liquidación de haberes para la Agencia I+D+i,Licitación Privada,04/09/2023 12:00 Hrs.,Adjudicado,"143/000 - AGENCIA NACIONAL DE PROMOCIÓN DE LA INVESTIGACIÓN, EL DESARROLLO TECNOLÓGICO Y LA INNOVACIÓN","173 - AGENCIA NACIONAL DE PROMOCIÓN DE LA INVESTIGACIÓN, EL DESARROLLO TECNOLÓGICO Y LA INNOVACIÓN",2026-10-10T18:29:29.386961
143-0004-LPR25,EX-2025-40473427-   -APN-DGA#ANPIDTYI,Servicio de traslados,Licitación Privada,28/01/2026 10:00 Hrs.,Dejado Sin Efecto,"143/000 - AGENCIA NACIONAL DE PROMOCIÓN DE LA INVESTIGACIÓN, EL DESARROLLO TECNOLÓGICO Y LA INNOVACIÓN","173 - AGENCIA NACIONAL DE PROMOCIÓN DE LA INVESTIGACIÓN, EL DESARROLLO TECNOLÓGICO Y LA INNOVACIÓN",2026-10-10T18:29:29.386961
143-0004-LPR26,EX-2026-20158059-   -APN-CCYC#ANPIDTYI,Servicio de gestión de viajes,Licitación Privada,07/05/2026 10:00 Hrs.,Dejado Sin Efecto,"143/000 - AGENCIA NACIONAL DE PROMOCIÓN DE LA INVESTIGACIÓN, EL DESARROLLO TECNOLÓGICO Y LA INNOVACIÓN","173 - AGENCIA NACIONAL DE PROMOCIÓN DE LA INVESTIGACIÓN, EL DESARROLLO TECNOLÓGICO Y LA INNOVACIÓN",2026-10-10T18:29:29.386961
143-0005-CDI23,EX-2023-94966733-   -APN-DGA#ANPIDTYI,Certificación seguridad informática,Contratación Directa,11/09/2023 12:00 Hrs.,Dejado Sin Efecto,"143/000 - AGENCIA NACIONAL DE PROMOCIÓN DE LA INVESTIGACIÓN, EL DESARROLLO TECNOLÓGICO Y LA INNOVACIÓN","173 - AGENCIA NACIONAL DE PROMOCIÓN DE LA INVESTIGACIÓN, EL DESARROLLO TECNOLÓGICO Y LA INNOVACIÓN",2026-10-10T18:29:29.386961
143-0005-LPR25,EX-2025-45292932-   -APN-DGA#ANPIDTYI,Servicio de Licencias de Software e Inteligencia Empresarial,Licitación Privada,17/06/2025 10:00 Hrs.,Adjudicado,"143/000 - AGENCIA NACIONAL DE PROMOCIÓN DE LA INVESTIGACIÓN, EL DESARROLLO TECNOLÓGICO Y LA INNOVACIÓN","173 - AGENCIA NACIONAL DE PROMOCIÓN DE LA INVESTIGACIÓN, EL DESARROLLO TECNOLÓGICO Y LA INNOVACIÓN",2026-10-10T18:29:29.386961
143-0005-LPR26,EX-2026-29160078-   -APN-CCYC#ANPIDTYI,"Servicio integral de mudanza, guarda, custodia y administración de archivos",Licitación Privada,17/04/2026 10:00 Hrs.,Adjudicado,"143/000 - AGENCIA NACIONAL DE PROMOCIÓN DE LA INVESTIGACIÓN, EL DESARROLLO TECNOLÓGICO Y LA INNOVACIÓN","173 - AGENCIA NACIONAL DE PROMOCIÓN DE LA INVESTIGACIÓN, EL DESARROLLO TECNOLÓGICO Y LA INNOVACIÓN",2026-10-10T18:29:29.386961
143-0006-CDI23,EX-2023-97716588-   -APN-DGA#ANPIDTYI,"CONTRATACION DIRECTA POR EXCLUSIVIDAD CON LA EMPRESA LA LEY S.A.E. e I., INFORMACION LEGAL.-",Contratación Directa,06/09/2023 12:00 Hrs.,Adjudicado,"143/000 - AGENCIA NACIONAL DE PROMOCIÓN DE LA INVESTIGACIÓN, EL DESARROLLO TECNOLÓGICO Y LA INNOVACIÓN","173 - AGENCIA NACIONAL DE PROMOCIÓN DE LA INVESTIGACIÓN, EL DESARROLLO TECNOLÓGICO Y LA INNOVACIÓN",2026-10-10T18:29:29.386961
143-0006-LPR25,EX-2025-89710487-   -APN-DGA#ANPIDTYI,Contratación del Seguro Colectivo de Vida Obligatorio,Licitación Privada,19/09/2025 10:00 Hrs.,Adjudicado,"143/000 - AGENCIA NACIONAL DE PROMOCIÓN DE LA INVESTIGACIÓN, EL DESARROLLO TECNOLÓGICO Y LA INNOVACIÓN","173 - AGENCIA NACIONAL DE PROMOCIÓN DE LA INVESTIGACIÓN, EL DESARROLLO TECNOLÓGICO Y LA INNOVACIÓN",2026-10-10T18:29:29.386961
143-0006-LPR26,EX-2026-34125290-   -APN-CCYC#ANPIDTYI,Servicio de Correo Postal,Licitación Privada,07/05/2026 11:00 Hrs.,Dejado Sin Efecto,"143/000 - AGENCIA NACIONAL DE PROMOCIÓN DE LA INVESTIGACIÓN, EL DESARROLLO TECNOLÓGICO Y LA INNOVACIÓN","173 - AGENCIA NACIONAL DE PROMOCIÓN DE LA INVESTIGACIÓN, EL DESARROLLO TECNOLÓGICO Y LA INNOVACIÓN",2026-10-10T18:29:29.386961
143-0007-CDI23,EX-2023-100112525-   -APN-DGA#ANPIDTYI,"C. DIRECTA INTERAD. CON LA UNIV. TEC. NAC. PROV. DE CORDOBA, POR EL S. COMPLEMEN. DE CIBERSEGURIDAD",Contratación Directa,02/10/2023 12:00 Hrs.,Adjudicado,"143/000 - AGENCIA NACIONAL DE PROMOCIÓN DE LA INVESTIGACIÓN, EL DESARROLLO TECNOLÓGICO Y LA INNOVACIÓN","173 - AGENCIA NACIONAL DE PROMOCIÓN DE LA INVESTIGACIÓN, EL DESARROLLO TECNOLÓGICO Y LA INNOVACIÓN",2026-10-10T18:29:29.386961
143-0007-LPR25,EX-2025-117455214-   -APN-DGA#ANPIDTYI,"Servicio de Mantenimiento, Soporte del Sistema SARHA y Liquidación de haberes",Licitación Privada,06/11/2025 10:00 Hrs.,Adjudicado,"143/000 - AGENCIA NACIONAL DE PROMOCIÓN DE LA INVESTIGACIÓN, EL DESARROLLO TECNOLÓGICO Y LA INNOVACIÓN","173 - AGENCIA NACIONAL DE PROMOCIÓN DE LA INVESTIGACIÓN, EL DESARROLLO TECNOLÓGICO Y LA INNOVACIÓN",2026-10-10T18:29:29.386961
143-0007-LPR26,EX-2026-43109514-   -APN-CCYC#ANPIDTYI,Contratación de Seguro para Equipamiento Informático,Licitación Privada,15/05/2026 10:00 Hrs.,Adjudicado,"143/000 - AGENCIA NACIONAL DE PROMOCIÓN DE LA INVESTIGACIÓN, EL DESARROLLO TECNOLÓGICO Y LA INNOVACIÓN","173 - AGENCIA NACIONAL DE PROMOCIÓN DE LA INVESTIGACIÓN, EL DESARROLLO TECNOLÓGICO Y LA INNOVACIÓN",2026-10-10T18:29:29.386961
143-0008-CDI23,EX-2023-111109987-   -APN-DGA#ANPIDTYI,"Contratación de un Seguro de Computadoras Portátiles de la AGENCIA I+D+i, con Nacion Seguros.-",Contratación Directa,06/10/2023 12:00 Hrs.,Adjudicado,"143/000 - AGENCIA NACIONAL DE PROMOCIÓN DE LA INVESTIGACIÓN, EL DESARROLLO TECNOLÓGICO Y LA INNOVACIÓN","173 - AGENCIA NACIONAL DE PROMOCIÓN DE LA INVESTIGACIÓN, EL DESARROLLO TECNOLÓGICO Y LA INNOVACIÓN",2026-10-10T18:29:29.386961
143-0008-LPR26,EX-2026-45308969-   -APN-CCYC#ANPIDTYI,Contratación del Servicio de Licencias de uso de plataformas de análisis de datos y de IA,Licitación Privada,29/05/2026 10:00 Hrs.,Adjudicado,"143/000 - AGENCIA NACIONAL DE PROMOCIÓN DE LA INVESTIGACIÓN, EL DESARROLLO TECNOLÓGICO Y LA INNOVACIÓN","173 - AGENCIA NACIONAL DE PROMOCIÓN DE LA INVESTIGACIÓN, EL DESARROLLO TECNOLÓGICO Y LA INNOVACIÓN",2026-10-10T18:29:29.386961
143-0009-CDI23,EX-2023-112301038-   -APN-DGA#ANPIDTYI,Convenio con la Universidad Nacional de Quilmes para la Formación de Agentes de Promoción - FAP II,Contratación Directa,26/10/2023 12:00 Hrs.,Adjudicado,"143/000 - AGENCIA NACIONAL DE PROMOCIÓN DE LA INVESTIGACIÓN, EL DESARROLLO TECNOLÓGICO Y LA INNOVACIÓN","173 - AGENCIA NACIONAL DE PROMOCIÓN DE LA INVESTIGACIÓN, EL DESARROLLO TECNOLÓGICO Y LA INNOVACIÓN",2026-10-10T18:29:29.386961
143-0009-LPR26,EX-2026-48428032-   -APN-CCYC#ANPIDTYI,Adquisición de licencias de software de diseño para CPI,Licitación Privada,03/06/2026 10:00 Hrs.,Dejado Sin Efecto,"143/000 - AGENCIA NACIONAL DE PROMOCIÓN DE LA INVESTIGACIÓN, EL DESARROLLO TECNOLÓGICO Y LA INNOVACIÓN","173 - AGENCIA NACIONAL DE PROMOCIÓN DE LA INVESTIGACIÓN, EL DESARROLLO TECNOLÓGICO Y LA INNOVACIÓN",2026-10-10T18:29:29.386961
143-0010-CDI23,EX-2023-132275159-   -APN-DGA#ANPIDTYI,"Contratación de un Seguro de Celulares de la AGENCIA I+D+i, con Nacion Seguros.-",Contratación Directa,14/11/2023 12:00 Hrs.,Adjudicado,"143/000 - AGENCIA NACIONAL DE PROMOCIÓN DE LA INVESTIGACIÓN, EL DESARROLLO TECNOLÓGICO Y LA INNOVACIÓN","173 - AGENCIA NACIONAL DE PROMOCIÓN DE LA INVESTIGACIÓN, EL DESARROLLO TECNOLÓGICO Y LA INNOVACIÓN",2026-10-10T18:29:29.386961
143-0010-LPR26,EX-2026-34125290-   -APN-CCYC#ANPIDTYI,Servicio de Correo Postal - Segundo llamado,Licitación Privada,12/06/2026 15:00 Hrs.,Desierto,"143/000 - AGENCIA NACIONAL DE PROMOCIÓN DE LA INVESTIGACIÓN, EL DESARROLLO TECNOLÓGICO Y LA INNOVACIÓN","173 - AGENCIA NACIONAL DE PROMOCIÓN DE LA INVESTIGACIÓN, EL DESARROLLO TECNOLÓGICO Y LA INNOVACIÓN",2026-10-10T18:29:29.386961
143-0011-LPR26,EX-2026-48428032-   -APN-CCYC#ANPIDTYI,Adquisición de licencias de software de diseño para CPI Unidad Operativa,Licitación Privada,06/08/2026 10:00 Hrs.,Dejado Sin Efecto,"143/000 - AGENCIA NACIONAL DE PROMOCIÓN DE LA INVESTIGACIÓN, EL DESARROLLO TECNOLÓGICO Y LA INNOVACIÓN","173 - AGENCIA NACIONAL DE PROMOCIÓN DE LA INVESTIGACIÓN, EL DESARROLLO TECNOLÓGICO Y LA INNOVACIÓN",2026-10-10T18:29:29.386961
143-0013-CDI22,EX-2022-136825549-   -APN-DGA#ANPIDTYI,"Contratación de un Seguro de Celulares de la AGENCIA I+D+i, con Nacion Seguros.-",Contratación Directa,03/01/2023 12:00 Hrs.,Adjudicado,"143/000 - AGENCIA NACIONAL DE PROMOCIÓN DE LA INVESTIGACIÓN, EL DESARROLLO TECNOLÓGICO Y LA INNOVACIÓN","173 - AGENCIA NACIONAL DE PROMOCIÓN DE LA INVESTIGACIÓN, EL DESARROLLO TECNOLÓGICO Y LA INNOVACIÓN",2026-10-10T18:29:29.386961
392-0001-CDI23,EX-2023-16253665-   -APN-DCCYS#AABE,CONTRATACION BAÑOS QUIMICOS,Contratación Directa,05/05/2023 12:00 Hrs.,Dejado Sin Efecto,392/000 - Dirección General de Administración - AABE,205 - Agencia de Administración de Bienes del Estado,2026-10-10T18:29:42.593082
392-0001-CDI24,EX-2024-02494876-   -APN-DCCYS#AABE,SISTEMA DE INFORMACIÓN LEGAL ONLINE “LA LEY NEXT”,Contratación Directa,07/02/2024 12:00 Hrs.,Adjudicado,392/000 - Dirección General de Administración - AABE,205 - Agencia de Administración de Bienes del Estado,2026-10-10T18:29:42.593082
392-0001-CDI25,EX-2025-07838646-   -APN-DCCYS#AABE,SISTEMA DE INFORMACIÓN LEGAL ONLINE “LA LEY NEXT”,Contratación Directa,24/02/2025 12:00 Hrs.,Dejado Sin Efecto,392/000 - Dirección General de Administración - AABE,205 - Agencia de Administración de Bienes del Estado,2026-10-10T18:29:42.593082
392-0001-CDI26,EX-2026-30678930-   -APN-DCCYS#AABE,CONCESIÓN DE USO Y EXPLOTACIÓN COMERCIAL -Inmueble Whelam N° 81-Pdo. Gral. Rodriguez.-BS.AS.-EDENOR,Contratación Directa,27/05/2026 12:00 Hrs.,Desierto,392/000 - Dirección General de Administración - AABE,205 - Agencia de Administración de Bienes del Estado,2026-10-10T18:29:42.593082
392-0001-CPU23,EX-2023-04091364-   -APN-DCCYS#AABE,Concesión de Uso - Explotación comercial de inmuebles FRENTE HIPÓDROMO DE PALERMO,Concurso Público,05/05/2023 12:00 Hrs.,Adjudicado,392/000 - Dirección General de Administración - AABE,205 - Agencia de Administración de Bienes del Estado,2026-10-10T18:29:42.593082
392-0001-CPU26,EX-2026-14642471-   -APN-DCCYS#AABE,"Conc. de Uso y Explotación Comercial, Inmueble ubicado en BASE NAVAL PUERTO BELGRANO",Concurso Público,04/05/2026 12:00 Hrs.,Dejado Sin Efecto,392/000 - Dirección General de Administración - AABE,205 - Agencia de Administración de Bienes del Estado,2026-10-10T18:29:42.593082
392-0001-LPR23,EX-2023-21393616-   -APN-DCCYS#AABE,Serv. de soporte tec. y mant.de HP Care CTR 24*7*6 y Mant. Unidad de Almacenamiento Masivo(storge),Licitación Privada,24/07/2023 12:00 Hrs.,Dejado Sin Efecto,392/000 - Dirección General de Administración - AABE,205 - Agencia de Administración de Bienes del Estado,2026-10-10T18:29:42.593082
392-0001-LPR25,EX-2025-01576198-   -APN-DCCYS#AABE,Reparación y puesta a punto de vehículos.,Licitación Privada,26/03/2025 12:00 Hrs.,Adjudicado,392/000 - Dirección General de Administración - AABE,205 - Agencia de Administración de Bienes del Estado,2026-10-10T18:29:42.593082
392-0001-LPR26,EX-2026-24038041-   -APN-DCCYS#AABE,Reparación de vehículo para AABE,Licitación Privada,12/06/2026 12:00 Hrs.,Adjudicado,392/000 - Dirección General de Administración - AABE,205 - Agencia de Administración de Bienes del Estado,2026-10-10T18:29:42.593082
392-0001-LPU24,EX-2024-09486398-   -APN-DCCYS#AABE,"Servicio de Locación, Mantenimiento y Gestión Integral de Impresiones Digitales para la AABE",Licitación Pública,24/05/2024 12:00 Hrs.,Fracasado,392/000 - Dirección General de Administración - AABE,205 - Agencia de Administración de Bienes del Estado,2026-10-10T18:29:42.593082
392-0001-LPU25,EX-2025-14310145-   -APN-DCCYS#AABE,Concesión de uso y explotación comercial de 2 espacios del TEATRO NACIONAL CERVANTES,Licitación Pública,05/09/2025 12:00 Hrs.,Dejado Sin Efecto,392/000 - Dirección General de Administración - AABE,205 - Agencia de Administración de Bienes del Estado,2026-10-10T18:29:42.593082
392-0001-LPU26,EX-2026-02512762-   -APN-DCCYS#AABE,Servicio custodia para resguardo de inms.del Estado Nacional bajo jurisdicción de AABE en CABA y PBA,Licitación Pública,11/05/2026 12:00 Hrs.,Pendiente Análisis,392/000 - Dirección General de Administración - AABE,205 - Agencia de Administración de Bienes del Estado,2026-10-10T18:29:42.593082
392-0001-SPU23,EX-2023-91616070-   -APN-DCCYS#AABE,"Venta de vehículo MARCA: CHEVROLET - MERIVA, DOMINIO: KBO-015, AÑO 2011",Subasta Pública,27/11/2023 12:00 Hrs.,Dejado Sin Efecto,392/000 - Dirección General de Administración - AABE,205 - Agencia de Administración de Bienes del Estado,2026-10-10T18:29:42.593082
392-0001-SPU24,EX-2024-14361094-   -APN-DCCYS#AABE,"Venta de Vehículo: Marca: JEEP, MODELO: GRAND CHEROKEE LAREDO - DOMINIO: CRP 898, AÑO: 1999",Subasta Pública,11/03/2024 12:00 Hrs.,Adjudicado,392/000 - Dirección General de Administración - AABE,205 - Agencia de Administración de Bienes del Estado,2026-10-10T18:29:42.593082
392-0001-SPU25,EX-2024-110863890-   -APN-DCCYS#AABE,Venta Inmueble sito en Avenida Salvador María del Carril Nº 3.744/46 - C.A.B.A.,Subasta Pública,28/04/2025 12:00 Hrs.,Dejado Sin Efecto,392/000 - Dirección General de Administración - AABE,205 - Agencia de Administración de Bienes del Estado,2026-10-10T18:29:42.593082
392-0001-SPU26,EX-2026-01466578-   -APN-DCCYS#AABE,"Venta de vehículo AUDI, MODELO: A4, AÑO: 2008- KGG 067",Subasta Pública,28/05/2026 12:00 Hrs.,En Evaluacion,392/000 - Dirección General de Administración - AABE,205 - Agencia de Administración de Bienes del Estado,2026-10-10T18:29:42.593082
392-0002-CDI23,EX-2023-16807102-   -APN-DCCYS#AABE,Adquisición de artículos de librería destinados al personal de AABE.,Contratación Directa,21/04/2023 12:00 Hrs.,Adjudicado,392/000 - Dirección General de Administración - AABE,205 - Agencia de Administración de Bienes del Estado,2026-10-10T18:29:42.593082
392-0002-CDI24,EX-2024-03315695-   -APN-DCCYS#AABE,Contratación de DOS (2) seguros para UN (1) Vehículo Aéreo no tripulado.,Contratación Directa,09/02/2024 12:00 Hrs.,Dejado Sin Efecto,392/000 - Dirección General de Administración - AABE,205 - Agencia de Administración de Bienes del Estado,2026-10-10T18:29:42.593082
392-0002-CDI25,EX-2025-20678068-   -APN-DCCYS#AABE,SISTEMA DE INFORMACIÓN LEGAL ONLINE “LA LEY NEXT”,Contratación Directa,07/03/2025 12:00 Hrs.,Adjudicado,392/000 - Dirección General de Administración - AABE,205 - Agencia de Administración de Bienes del Estado,2026-10-10T18:29:42.593082
392-0002-CDI26,EX-2026-31794132-   -APN-DCCYS#AABE,SISTEMA DE INFORMACIÓN LEGAL ONLINE “LA LEY NEXT”,Contratación Directa,20/04/2026 12:00 Hrs.,Adjudicado,392/000 - Dirección General de Administración - AABE,205 - Agencia de Administración de Bienes del Estado,2026-10-10T18:29:42.593082
392-0002-CPU23,EX-2023-83826988-   -APN-DCCYS#AABE,Concesión de uso y explotación comercial  ESTACION DE SERV. COMBUST.  LÍQUID. Y GAS NATURAL COMP,Concurso Público,12/10/2023 12:00 Hrs.,Adjudicado,392/000 - Dirección General de Administración - AABE,205 - Agencia de Administración de Bienes del Estado,2026-10-10T18:29:42.593082
392-0002-CPU26,EX-2026-38493577-   -APN-DCCYS#AABE,Concesión de Uso para explotación comercial  Autopista  Ricchieri Km. 29 - Pcia.- Bs. As.,Concurso Público,12/06/2026 12:00 Hrs.,Disponible Para Adjudicar,392/000 - Dirección General de Administración - AABE,205 - Agencia de Administración de Bienes del Estado,2026-10-10T18:29:42.593082
392-0002-LPR23,EX-2023-51880522-   -APN-DCCYS#AABE,Adquisición de monitores para la AGENCIA DE ADMINISTRACIÓN DE BIENES DEL ESTADO.,Licitación Privada,13/09/2023 12:00 Hrs.,Fracasado,392/000 - Dirección General de Administración - AABE,205 - Agencia de Administración de Bienes del Estado,2026-10-10T18:29:42.593082
392-0002-LPR24,EX-2024-18333588-   -APN-DCCYS#AABE,Servicio de alquiler de módulos de oficina para la AABE.,Licitación Privada,22/04/2024 12:00 Hrs.,Dejado Sin Efecto,392/000 - Dirección General de Administración - AABE,205 - Agencia de Administración de Bienes del Estado,2026-10-10T18:29:42.593082
392-0002-LPR26,EX-2026-24043209-   -APN-DCCYS#AABE,Servicio de provisión de neumáticos y servicio de gomería para AABE.,Licitación Privada,29/05/2026 12:00 Hrs.,Adjudicado,392/000 - Dirección General de Administración - AABE,205 - Agencia de Administración de Bienes del Estado,2026-10-10T18:29:42.593082
392-0002-LPU25,EX-2025-28650632-   -APN-DCCYS#AABE,Servicio Integral de Limpieza para la AGENCIA DE ADMINISTRACIÓN DE BIENES DEL ESTADO.,Licitación Pública,10/07/2025 12:00 Hrs.,Dejado Sin Efecto,392/000 - Dirección General de Administración - AABE,205 - Agencia de Administración de Bienes del Estado,2026-10-10T18:29:42.593082
392-0002-LPU26,EX-2025-109145636-   -APN-DCCYS#AABE,"Concesión de Uso para explotación comercial- Locales Av. Las Heras, CABA",Licitación Pública,12/06/2026 12:00 Hrs.,Adjudicado con doc. contractuales generados,392/000 - Dirección General de Administración - AABE,205 - Agencia de Administración de Bienes del Estado,2026-10-10T18:29:42.593082
392-0002-SPU24,EX-2024-14383359-   -APN-DCCYS#AABE,Venta de vehículo MARCA: FORD MODELO FOCUS EDGE 5P 1.8 LN AÑO: 2005 DOMINIO: EXM849,Subasta Pública,04/04/2024 12:00 Hrs.,Adjudicado,392/000 - Dirección General de Administración - AABE,205 - Agencia de Administración de Bienes del Estado,2026-10-10T18:29:42.593082
392-0002-SPU25,EX-2024-121924892-   -APN-DCCYS#AABE,"Venta inmueble, Avenida Belgrano N° 2232/34, CABA.",Subasta Pública,11/06/2025 12:00 Hrs.,Dejado Sin Efecto,392/000 - Dirección General de Administración - AABE,205 - Agencia de Administración de Bienes del Estado,2026-10-10T18:29:42.593082
392-0002-SPU26,EX-2026-01501239-   -APN-DCCYS#AABE,"VOLKSWAGEN SHARAN 1.8 T COMFORTLINE, 2008,KGG 065",Subasta Pública,12/05/2026 12:00 Hrs.,Fracasado,392/000 - Dirección General de Administración - AABE,205 - Agencia de Administración de Bienes del Estado,2026-10-10T18:29:42.593082
392-0003-CDI23,EX-2023-18560180-   -APN-DCCYS#AABE,Contratación de un seguro automotor para la flota de AABE.,Contratación Directa,14/03/2023 10:00 Hrs.,Adjudicado,392/000 - Dirección General de Administración - AABE,205 - Agencia de Administración de Bienes del Estado,2026-10-10T18:29:42.593082
392-0003-CDI24,EX-2024-12024576-   -APN-DCCYS#AABE,Adquisición y renovación de Licencias de Software Microsoft para la AABE,Contratación Directa,26/03/2024 12:00 Hrs.,Fracasado,392/000 - Dirección General de Administración - AABE,205 - Agencia de Administración de Bienes del Estado,2026-10-10T18:29:42.593082
392-0003-CDI25,EX-2025-31744858-   -APN-DCCYS#AABE,"Servicio de Información de Antecedentes Comerciales, Judiciales, Patrimoniales y Financieros P/ AABE",Contratación Directa,15/07/2025 12:00 Hrs.,Adjudicado,392/000 - Dirección General de Administración - AABE,205 - Agencia de Administración de Bienes del Estado,2026-10-10T18:29:42.593082
392-0003-CDI26,EX-2026-35253082-   -APN-DCCYS#AABE,CONCESIÓN DE USO Y EXPLOTACIÓN COMERCIAL -Inmueble Pedro Whelam S/N Gral. Rodriguez.-BS.AS.-EDENOR,Contratación Directa,28/05/2026 12:00 Hrs.,Adjudicado con doc. contractuales generados,392/000 - Dirección General de Administración - AABE,205 - Agencia de Administración de Bienes del Estado,2026-10-10T18:29:42.593082
392-0003-CPU25,EX-2025-42892520-   -APN-DCCYS#AABE,Concesión de uso para explotación comercial Centro Logístico- PLAYA FERROVIARIA CAMPANA,Concurso Público,09/06/2025 12:00 Hrs.,Adjudicado con doc. contractuales generados,392/000 - Dirección General de Administración - AABE,205 - Agencia de Administración de Bienes del Estado,2026-10-10T18:29:42.593082
392-0003-CPU26,EX-2026-39565571-   -APN-DCCYS#AABE,Concesión de Uso para explotación comercial de Centro de Logística-Cuadro de Estación Benito Juarez,Concurso Público,03/08/2026 12:00 Hrs.,Fracasado,392/000 - Dirección General de Administración - AABE,205 - Agencia de Administración de Bienes del Estado,2026-10-10T18:29:42.593082
392-0003-LPR23,EX-2023-83780600-   -APN-DCCYS#AABE,Adquisición de Insumos de Impresión para la Agencia de Administración de Bienes del Estado,Licitación Privada,20/10/2023 12:00 Hrs.,Dejado Sin Efecto,392/000 - Dirección General de Administración - AABE,205 - Agencia de Administración de Bienes del Estado,2026-10-10T18:29:42.593082
392-0003-LPR25,EX-2025-17738020-   -APN-DCCYS#AABE,Contratación de seguro automotor para vehículos de la flota automotor de AABE.,Licitación Privada,15/05/2025 12:00 Hrs.,Adjudicado,392/000 - Dirección General de Administración - AABE,205 - Agencia de Administración de Bienes del Estado,2026-10-10T18:29:42.593082
392-0003-LPR26,EX-2026-26918598-   -APN-DCCYS#AABE,Servicio de medicina laboral y control de ausentismo para la AABE.,Licitación Privada,01/07/2026 12:00 Hrs.,Adjudicado,392/000 - Dirección General de Administración - AABE,205 - Agencia de Administración de Bienes del Estado,2026-10-10T18:29:42.593082
392-0003-LPU24,EX-2024-31541451-   -APN-DCCYS#AABE,Concesión de Uso y Explotación Comercial como Estacionamiento de inmueble - Humberto Primo 1630/36,Licitación Pública,12/06/2024 12:00 Hrs.,Disponible Para Adjudicar,392/000 - Dirección General de Administración - AABE,205 - Agencia de Administración de Bienes del Estado,2026-10-10T18:29:42.593082
392-0003-LPU25,EX-2025-30758232-   -APN-DCCYS#AABE,"Servicio de Seguridad Privada para los pisos Nros. 1, 2 y 3 del edificio utilizado por la AABE.",Licitación Pública,02/07/2025 12:00 Hrs.,Adjudicado,392/000 - Dirección General de Administración - AABE,205 - Agencia de Administración de Bienes del Estado,2026-10-10T18:29:42.593082
392-0003-LPU26,EX-2026-25876601-   -APN-DCCYS#AABE,Concesión de Uso para explotación comercial- Locales calle San Martin N° 652/658 Prov. SAN LUIS,Licitación Pública,19/08/2026 12:00 Hrs.,En Apertura,392/000 - Dirección General de Administración - AABE,205 - Agencia de Administración de Bienes del Estado,2026-10-10T18:29:42.593082
392-0003-SPU24,EX-2024-14412449-   -APN-DCCYS#AABE,Venta vehículo  MARCA: CHEVROLET MODELO: ASTRA GL2.0 AÑO: 2005 DOMINIO: EXL386,Subasta Pública,16/04/2024 12:00 Hrs.,Adjudicado,392/000 - Dirección General de Administración - AABE,205 - Agencia de Administración de Bienes del Estado,2026-10-10T18:29:42.593082
392-0003-SPU25,EX-2025-04994353-   -APN-DCCYS#AABE,"Venta en bloque- Inmueble sito en Av. Rivadavia N° 1665/1675/79, CABA.",Subasta Pública,18/03/2025 12:00 Hrs.,Dejado Sin Efecto,392/000 - Dirección General de Administración - AABE,205 - Agencia de Administración de Bienes del Estado,2026-10-10T18:29:42.593082
392-0003-SPU26,EX-2026-01533863-   -APN-DCCYS#AABE,LOTE Nº8 SGP CINCO VEHÍCULOS,Subasta Pública,09/06/2026 12:00 Hrs.,Adjudicado,392/000 - Dirección General de Administración - AABE,205 - Agencia de Administración de Bienes del Estado,2026-10-10T18:29:42.593082
392-0004-CDI23,EX-2023-22807106-   -APN-DCCYS#AABE,"Servicio de soporte técnico y mantenimiento de un Sistema de Circuito Cerrado de TV, para la AABE",Contratación Directa,12/06/2023 12:00 Hrs.,Adjudicado,392/000 - Dirección General de Administración - AABE,205 - Agencia de Administración de Bienes del Estado,2026-10-10T18:29:42.593082
392-0004-CDI25,EX-2025-42295835-   -APN-DCCYS#AABE,Contratación de seguros de accidentes personales de trabajo para AABE,Contratación Directa,18/06/2025 12:00 Hrs.,Adjudicado,392/000 - Dirección General de Administración - AABE,205 - Agencia de Administración de Bienes del Estado,2026-10-10T18:29:42.593082
392-0004-CDI26,EX-2026-35708060-   -APN-DCCYS#AABE,CONCESIÓN DE USO Y EXPLOTACIÓN COMERCIAL – Inmueble Av Presidente Juan Domingo Perón Nº 440 - EDENOR,Contratación Directa,29/05/2026 12:00 Hrs.,Adjudicado con doc. contractuales generados,392/000 - Dirección General de Administración - AABE,205 - Agencia de Administración de Bienes del Estado,2026-10-10T18:29:42.593082
392-0004-CPU23,EX-2023-110366475-   -APN-DCCYS#AABE,Concesión de Uso y Explotación Comercial - ARCOS Av. Casares - Líneas FF.CC San Martín y Mitre,Concurso Público,08/01/2024 12:00 Hrs.,Dejado Sin Efecto,392/000 - Dirección General de Administración - AABE,205 - Agencia de Administración de Bienes del Estado,2026-10-10T18:29:42.593082
392-0004-CPU25,EX-2025-102249335-   -APN-DCCYS#AABE,Concesión de Uso para explotación comercial de un COMPLEJO LOGÍSTICO FERROAUTOMOTOR,Concurso Público,10/11/2025 12:00 Hrs.,Adjudicado,392/000 - Dirección General de Administración - AABE,205 - Agencia de Administración de Bienes del Estado,2026-10-10T18:29:42.593082
392-0004-LPR24,EX-2024-28868611-   -APN-DCCYS#AABE,"servicio de desinfección, desinsectación y desratización para inmuebles bajo custodia de la AABE",Licitación Privada,19/07/2024 12:00 Hrs.,Dejado Sin Efecto,392/000 - Dirección General de Administración - AABE,205 - Agencia de Administración de Bienes del Estado,2026-10-10T18:29:42.593082
392-0004-LPR25,EX-2025-27403604-   -APN-DCCYS#AABE,"Servicio de administración,provisión y carga de combustibles, lubricantes, filtros, servicios p/AABE",Licitación Privada,26/05/2025 12:00 Hrs.,Adjudicado,392/000 - Dirección General de Administración - AABE,205 - Agencia de Administración de Bienes del Estado,2026-10-10T18:29:42.593082
392-0004-LPR26,EX-2026-27613870-   -APN-DCCYS#AABE,Servicio de Recarga y Mantenimiento para Extintores de AABE.,Licitación Privada,19/06/2026 12:00 Hrs.,Adjudicado,392/000 - Dirección General de Administración - AABE,205 - Agencia de Administración de Bienes del Estado,2026-10-10T18:29:42.593082
392-0004-LPU22,EX-2022-33566600-   -APN-DCCYS#AABE,Concesion de Uso Explotación Comercial de Espacios Paseo de la Infanta - Palermo - Comuna 14 - CABA,Licitación Pública,23/03/2023 12:00 Hrs.,Adjudicado,392/000 - Dirección General de Administración - AABE,205 - Agencia de Administración de Bienes del Estado,2026-10-10T18:29:42.593082
392-0004-LPU24,EX-2024-33205632-   -APN-DCCYS#AABE,Concesión de Uso y Explotación Comercial con destino exclusivo para Estacionamiento Uruguay 147.,Licitación Pública,24/06/2024 12:00 Hrs.,Adjudicado,392/000 - Dirección General de Administración - AABE,205 - Agencia de Administración de Bienes del Estado,2026-10-10T18:29:42.593082
392-0004-LPU25,EX-2024-141118257-   -APN-DCCYS#AABE,Concesión de Uso para explotación comercial gastronómica- CENTRO CULTURAL BORGES,Licitación Pública,02/07/2025 12:00 Hrs.,Adjudicado,392/000 - Dirección General de Administración - AABE,205 - Agencia de Administración de Bienes del Estado,2026-10-10T18:29:42.593082
392-0004-LPU26,EX-2026-26851872-   -APN-DCCYS#AABE,"Concesión de Uso para la explotación comercial gastronómica, Av. del Libertador N° 1.902, CABA",Licitación Pública,22/06/2026 12:00 Hrs.,Disponible Para Adjudicar,392/000 - Dirección General de Administración - AABE,205 - Agencia de Administración de Bienes del Estado,2026-10-10T18:29:42.593082
392-0004-SPU24,EX-2024-14416526-   -APN-DCCYS#AABE,"Venta de Vehículo MARCA: FORD- MODELO: FOCUS EDGE 5P 1.8 L.N- DOMINIO: EXK 630- AÑO: 2005,",Subasta Pública,08/07/2024 12:00 Hrs.,Dejado Sin Efecto,392/000 - Dirección General de Administración - AABE,205 - Agencia de Administración de Bienes del Estado,2026-10-10T18:29:42.593082
392-0004-SPU25,EX-2025-05584693-   -APN-DCCYS#AABE,"Venta   inmuebles ubicados en calle Juncal Nº 724 entre calles Basavilbaso y Esmeralda,CABA.",Subasta Pública,20/05/2025 12:00 Hrs.,Dejado Sin Efecto,392/000 - Dirección General de Administración - AABE,205 - Agencia de Administración de Bienes del Estado,2026-10-10T18:29:42.593082
392-0004-SPU26,EX-2026-01596247-   -APN-DCCYS#AABE,"Venta vehículo MARCA: CHEVROLET, MODELO: AVEO 1.4 LS, AÑO: 2013, DOMINIO: OOL 091",Subasta Pública,02/06/2026 12:00 Hrs.,Adjudicado,392/000 - Dirección General de Administración - AABE,205 - Agencia de Administración de Bienes del Estado,2026-10-10T18:29:42.593082
392-0005-CDI23,EX-2023-28961396-   -APN-DCCYS#AABE,Adquisición de Combustibles y Lubricantes mediante sistema de YPF en Ruta.,Contratación Directa,31/03/2023 10:00 Hrs.,Adjudicado,392/000 - Dirección General de Administración - AABE,205 - Agencia de Administración de Bienes del Estado,2026-10-10T18:29:42.593082
392-0005-CDI25,EX-2025-56350637-   -APN-DCCYS#AABE,Servicios de Hosting Virtual y Enlace a la REFEFO AMBA para AABE,Contratación Directa,10/06/2025 12:00 Hrs.,Adjudicado,392/000 - Dirección General de Administración - AABE,205 - Agencia de Administración de Bienes del Estado,2026-10-10T18:29:42.593082
392-0005-CPU23,EX-2023-130628739-   -APN-DCCYS#AABE,"Conces. de Uso Dos (2) Sectores de Inmueble, Costa Río Paraná  - Campana - Pcia- Bs. As",Concurso Público,22/01/2024 12:00 Hrs.,Adjudicado,392/000 - Dirección General de Administración - AABE,205 - Agencia de Administración de Bienes del Estado,2026-10-10T18:29:42.593082
392-0005-CPU25,EX-2025-125168502-   -APN-DCCYS#AABE,"Concesión de Uso para explotación comercial - Jerónimo Salguero Nº 3.651, esq. Autopista A. Illia",Concurso Público,22/12/2025 12:00 Hrs.,Adjudicado con doc. contractuales generados,392/000 - Dirección General de Administración - AABE,205 - Agencia de Administración de Bienes del Estado,2026-10-10T18:29:42.593082
392-0005-LPR23,EX-2022-125859756-   -APN-DCCYS#AABE,"Provisión de neumáticos y servicio de gomería, alineacion, balanceo p/flota automotor de AABE.",Licitación Privada,23/10/2023 12:00 Hrs.,Dejado Sin Efecto,392/000 - Dirección General de Administración - AABE,205 - Agencia de Administración de Bienes del Estado,2026-10-10T18:29:42.593082
392-0005-LPR24,EX-2024-97428240-   -APN-DCCYS#AABE,Suministro de agua potable y provisión de dispensers de pie frio/calor para AABE.,Licitación Privada,14/10/2024 12:00 Hrs.,Adjudicado,392/000 - Dirección General de Administración - AABE,205 - Agencia de Administración de Bienes del Estado,2026-10-10T18:29:42.593082
392-0005-LPR25,EX-2025-31803874-   -APN-DCCYS#AABE,"Servicio de Emisión, Gestión y Administración de Reservas y Pajales Aéreos y Terrestres para la AABE",Licitación Privada,06/06/2025 12:00 Hrs.,Adjudicado,392/000 - Dirección General de Administración - AABE,205 - Agencia de Administración de Bienes del Estado,2026-10-10T18:29:42.593082
392-0005-LPR26,EX-2026-43182850-   -APN-DCCYS#AABE,Servicio de control de plagas en los predios que están bajo custodia y resguardo de la AABE.,Licitación Privada,29/06/2026 12:00 Hrs.,Adjudicado,392/000 - Dirección General de Administración - AABE,205 - Agencia de Administración de Bienes del Estado,2026-10-10T18:29:42.593082
392-0005-LPU22,EX-2022-49256474-   -APN-DCCYS#AABE,Concesión de Uso Columnas Publicitarias - Av. Dorrego Nº 4010 y Av. B. Roldán Nº 4151- CABA -,Licitación Pública,11/05/2023 12:00 Hrs.,Dejado Sin Efecto,392/000 - Dirección General de Administración - AABE,205 - Agencia de Administración de Bienes del Estado,2026-10-10T18:29:42.593082
392-0005-LPU23,EX-2023-53746469-   -APN-DCCYS#AABE,"Concesión de Uso y Explotación Comercial Estacionamiento en la calle Uruguay 147/163, C.A.B.A.",Licitación Pública,04/09/2023 12:00 Hrs.,Dejado Sin Efecto,392/000 - Dirección General de Administración - AABE,205 - Agencia de Administración de Bienes del Estado,2026-10-10T18:29:42.593082
392-0005-LPU24,EX-2024-35478569-   -APN-DCCYS#AABE,Conc. de Uso y Explotación Comercial  servicio de confitería y restaurante - Lafinur N° 2988 - CABA,Licitación Pública,28/06/2024 12:00 Hrs.,Adjudicado con doc. contractuales autorizados,392/000 - Dirección General de Administración - AABE,205 - Agencia de Administración de Bienes del Estado,2026-10-10T18:29:42.593082
392-0005-LPU26,EX-2026-45109205-   -APN-DCCYS#AABE,Servicio Integral de Limpieza para la AGENCIA DE ADMINISTRACIÓN DE BIENES DEL ESTADO.,Licitación Pública,07/09/2026 12:00 Hrs.,En Apertura,392/000 - Dirección General de Administración - AABE,205 - Agencia de Administración de Bienes del Estado,2026-10-10T18:29:42.593082
392-0005-SPU24,EX-2024-14459352-   -APN-DCCYS#AABE,Venta de vehículo MARCA: CHEVROLET ASTRA EXO-039,Subasta Pública,11/04/2024 12:00 Hrs.,Dejado Sin Efecto,392/000 - Dirección General de Administración - AABE,205 - Agencia de Administración de Bienes del Estado,2026-10-10T18:29:42.593082
392-0005-SPU25,EX-2025-16355606-   -APN-DCCYS#AABE,"Venta Inmueble ALLAYME Nº 865, CIUDAD DE GUAYMALLÉN, PROVINCIA DE MENDOZA",Subasta Pública,03/06/2025 12:00 Hrs.,Dejado Sin Efecto,392/000 - Dirección General de Administración - AABE,205 - Agencia de Administración de Bienes del Estado,2026-10-10T18:29:42.593082
392-0005-SPU26,EX-2026-01989424-   -APN-DCCYS#AABE,"Venta vehiculo MARCA: PEUGEOT, MODELO: 408, AÑO: 2015, DOMINIO: OXC 264.",Subasta Pública,13/07/2026 12:00 Hrs.,Desierto,392/000 - Dirección General de Administración - AABE,205 - Agencia de Administración de Bienes del Estado,2026-10-10T18:29:42.593082
392-0006-CDI23,EX-2023-30226118-   -APN-DCCYS#AABE,Adquisición de 50 (cincuenta) kits de seguridad y emergencia para equipar los vehículos de la flota,Contratación Directa,30/06/2023 12:00 Hrs.,Adjudicado,392/000 - Dirección General de Administración - AABE,205 - Agencia de Administración de Bienes del Estado,2026-10-10T18:29:42.593082
392-0006-CDI26,EX-2026-53068192-   -APN-DCCYS#AABE,CONCESIÓN DE USO Y EXPLOTACIÓN COMERCIAL -Inmueble Whelam N° 81-Pdo. Gral. Rodriguez.-BS.AS.-EDENOR,Contratación Directa,10/06/2026 12:00 Hrs.,Adjudicado con doc. contractuales generados,392/000 - Dirección General de Administración - AABE,205 - Agencia de Administración de Bienes del Estado,2026-10-10T18:29:42.593082
392-0006-CPU25,EX-2025-133869912-   -APN-DCCYS#AABE,Conc. de Uso para explotación comercial inmueble ubicado VILLA MARTELLI,Concurso Público,09/02/2026 12:00 Hrs.,Pendiente Acto Administrativo de Preselección,392/000 - Dirección General de Administración - AABE,205 - Agencia de Administración de Bienes del Estado,2026-10-10T18:29:42.593082
392-0006-LPR24,EX-2024-100933378-   -APN-DCCYS#AABE,Servicio de control de plagas para los inmuebles que se encuentran bajo custodia de la AABE.,Licitación Privada,14/02/2025 12:00 Hrs.,Dejado Sin Efecto,392/000 - Dirección General de Administración - AABE,205 - Agencia de Administración de Bienes del Estado,2026-10-10T18:29:42.593082
392-0006-LPR25,EX-2025-39036130-   -APN-DCCYS#AABE,Servicio de Correo para la DIRECCIÓN DE ATENCIÓN AL CIUDADANO Y GESTIÓN DOCUMENTAL de la AABE.,Licitación Privada,15/07/2025 12:00 Hrs.,Adjudicado,392/000 - Dirección General de Administración - AABE,205 - Agencia de Administración de Bienes del Estado,2026-10-10T18:29:42.593082
392-0006-LPR26,EX-2026-43651455-   -APN-DCCYS#AABE,"Servicio de logística con personal de carga y descarga, remolque de vehículos y volquetes para AABE.",Licitación Privada,13/07/2026 12:00 Hrs.,Pendiente Adjudicaci?n,392/000 - Dirección General de Administración - AABE,205 - Agencia de Administración de Bienes del Estado,2026-10-10T18:29:42.593082
392-0006-LPU23,EX-2023-54306160-   -APN-DCCYS#AABE,"Concesión de Uso y Explotación Comercial Estacionamiento, en la calle Humberto Primo N° 1630/36.",Licitación Pública,04/08/2023 12:00 Hrs.,Dejado Sin Efecto,392/000 - Dirección General de Administración - AABE,205 - Agencia de Administración de Bienes del Estado,2026-10-10T18:29:42.593082
392-0006-LPU24,EX-2024-36255757-   -APN-DCCYS#AABE,Concesión de Uso para explotación comercial gastronómica MUSEO NACIONAL DE ARTE DECORATIVO - CABA -,Licitación Pública,24/07/2024 12:00 Hrs.,Adjudicado,392/000 - Dirección General de Administración - AABE,205 - Agencia de Administración de Bienes del Estado,2026-10-10T18:29:42.593082
392-0006-LPU25,EX-2025-78366306-   -APN-DCCYS#AABE,"servicios de organización, gestión y realización de subastas electrónicas y de intermediación",Licitación Pública,15/09/2026 12:00 Hrs.,En Apertura,392/000 - Dirección General de Administración - AABE,205 - Agencia de Administración de Bienes del Estado,2026-10-10T18:29:42.593082
392-0006-SPU24,EX-2024-14460210-   -APN-DCCYS#AABE,Venta de vehículo MARCA: TOYOTA COROLLA EWI-537,Subasta Pública,15/04/2024 12:00 Hrs.,Dejado Sin Efecto,392/000 - Dirección General de Administración - AABE,205 - Agencia de Administración de Bienes del Estado,2026-10-10T18:29:42.593082
392-0006-SPU26,EX-2026-01995685-   -APN-DCCYS#AABE,"Venta vehiculo MARCA: RENAULT, MODELO: KANGOO SPORTWAY 1.9 D, AÑO: 2007, DOMINIO: GEG 629.",Subasta Pública,06/07/2026 12:00 Hrs.,Desierto,392/000 - Dirección General de Administración - AABE,205 - Agencia de Administración de Bienes del Estado,2026-10-10T18:29:42.593082
392-0007-CDI23,EX-2023-44613216-   -APN-DCCYS#AABE,Servicio de Mantenimiento del Sistema de Alarma Contra Incendio del Centro de Procesamiento de Datos,Contratación Directa,10/07/2023 12:00 Hrs.,Adjudicado,392/000 - Dirección General de Administración - AABE,205 - Agencia de Administración de Bienes del Estado,2026-10-10T18:29:42.593082
392-0007-CDI24,EX-2024-26069731-   -APN-DCCYS#AABE,Adquisición de artículos de librería para AABE,Contratación Directa,30/04/2024 10:00 Hrs.,Dejado Sin Efecto,392/000 - Dirección General de Administración - AABE,205 - Agencia de Administración de Bienes del Estado,2026-10-10T18:29:42.593082
392-0007-CDI25,EX-2025-64451863-   -APN-DCCYS#AABE,"Servicio de alquiler de autos sin chofer, para el personal de la AABE.",Contratación Directa,17/11/2025 12:00 Hrs.,Adjudicado,392/000 - Dirección General de Administración - AABE,205 - Agencia de Administración de Bienes del Estado,2026-10-10T18:29:42.593082
392-0007-LPR22,EX-2022-125859756-   -APN-DCCYS#AABE,"Provisión de neumáticos y servicio de gomería, alineacion, balanceo p/flota automotor de AABE.",Licitación Privada,12/06/2023 12:00 Hrs.,Dejado Sin Efecto,392/000 - Dirección General de Administración - AABE,205 - Agencia de Administración de Bienes del Estado,2026-10-10T18:29:42.593082
392-0007-LPR25,EX-2025-52678073-   -APN-DCCYS#AABE,Renovación de Licencias de software Antivirus y EDR ESET para la AABE.,Licitación Privada,17/07/2025 12:00 Hrs.,Adjudicado,392/000 - Dirección General de Administración - AABE,205 - Agencia de Administración de Bienes del Estado,2026-10-10T18:29:42.593082
392-0007-LPR26,EX-2026-45324944-   -APN-DCCYS#AABE,Servicio de mantenimiento integral para los Desfibriladores Externos Automáticos para AABE.,Licitación Privada,31/07/2026 12:00 Hrs.,Pendiente Adjudicaci?n,392/000 - Dirección General de Administración - AABE,205 - Agencia de Administración de Bienes del Estado,2026-10-10T18:29:42.593082
392-0007-LPU22,EX-2022-94014778-   -APN-DCCYS#AABE,CONTRATACIÓN DE SERVICIO DE SEGURIDAD PRIVADA PARA LA AABE,Licitación Pública,14/04/2023 10:00 Hrs.,Adjudicado,392/000 - Dirección General de Administración - AABE,205 - Agencia de Administración de Bienes del Estado,2026-10-10T18:29:42.593082
392-0007-LPU24,EX-2024-38489270-   -APN-DCCYS#AABE,Adquisición de una solución integral de licencias de software Antivirus y EDR para la AABE.,Licitación Pública,15/08/2024 12:00 Hrs.,Dejado Sin Efecto,392/000 - Dirección General de Administración - AABE,205 - Agencia de Administración de Bienes del Estado,2026-10-10T18:29:42.593082
392-0007-LPU25,EX-2025-109145636-   -APN-DCCYS#AABE,"Concesión de Uso para explotación comercial- Locales Av. Las Heras, CABA",Licitación Pública,09/02/2026 12:00 Hrs.,Dejado Sin Efecto,392/000 - Dirección General de Administración - AABE,205 - Agencia de Administración de Bienes del Estado,2026-10-10T18:29:42.593082
392-0007-SPU24,EX-2024-14495153-   -APN-DCCYS#AABE,Venta del Vehículo MARCA: FORD- MODELO: FOCUS EDGE 5P 1.8 LN- PATENTE: EXU 771- AÑO: 2005,Subasta Pública,19/04/2024 12:00 Hrs.,Dejado Sin Efecto,392/000 - Dirección General de Administración - AABE,205 - Agencia de Administración de Bienes del Estado,2026-10-10T18:29:42.593082
392-0007-SPU25,EX-2025-19260182-   -APN-DCCYS#AABE,Venta en LOTE de TRECE (13) vehiculos,Subasta Pública,23/05/2025 12:00 Hrs.,Adjudicado,392/000 - Dirección General de Administración - AABE,205 - Agencia de Administración de Bienes del Estado,2026-10-10T18:29:42.593082
392-0007-SPU26,EX-2026-02007913-   -APN-DCCYS#AABE,"Venta Vehículo MARCA: PEUGEOT, MODELO: 408, AÑO: 2015, DOMINIO: OQZ 209",Subasta Pública,08/06/2026 12:00 Hrs.,Desierto,392/000 - Dirección General de Administración - AABE,205 - Agencia de Administración de Bienes del Estado,2026-10-10T18:29:42.593082
392-0008-CDI23,EX-2023-51434686-   -APN-DCCYS#AABE,Contratación del Servicio de Alquiler de Baños Químicos.,Contratación Directa,31/07/2023 12:00 Hrs.,Adjudicado,392/000 - Dirección General de Administración - AABE,205 - Agencia de Administración de Bienes del Estado,2026-10-10T18:29:42.593082
392-0008-CDI24,EX-2024-12024576-   -APN-DCCYS#AABE,Adquisición y renovación de Licencias de Software Microsoft para la AABE.,Contratación Directa,29/04/2024 13:00 Hrs.,Adjudicado,392/000 - Dirección General de Administración - AABE,205 - Agencia de Administración de Bienes del Estado,2026-10-10T18:29:42.593082
392-0008-LPR22,EX-2022-135088278-   -APN-DCCYS#AABE,Servicio de impresión de Manuales de Estándares de Espacios de Trabajo del ESTADO NACIONAL para AABE,Licitación Privada,10/02/2023 10:00 Hrs.,Adjudicado,392/000 - Dirección General de Administración - AABE,205 - Agencia de Administración de Bienes del Estado,2026-10-10T18:29:42.593082
392-0008-LPR24,EX-2024-123649932-   -APN-DCCYS#AABE,Contratación de Seguro Automotor para 20 vehículos de la flota de AABE y/o en custodia de la misma.,Licitación Privada,03/01/2025 12:00 Hrs.,Adjudicado,392/000 - Dirección General de Administración - AABE,205 - Agencia de Administración de Bienes del Estado,2026-10-10T18:29:42.593082
392-0008-LPR25,EX-2025-65047756-   -APN-DCCYS#AABE,Adquisición de un Servidor Rackeable x86 Para la Agencia de Administración de Bienes del Estado.,Licitación Privada,06/10/2025 12:00 Hrs.,Adjudicado,392/000 - Dirección General de Administración - AABE,205 - Agencia de Administración de Bienes del Estado,2026-10-10T18:29:42.593082
392-0008-LPR26,EX-2026-47315691-   -APN-DCCYS#AABE,"Adquisición de UN (1) Drone DJI Air 3S FLY MORE KIT + RC 2, para AABE",Licitación Privada,03/07/2026 12:00 Hrs.,Adjudicado,392/000 - Dirección General de Administración - AABE,205 - Agencia de Administración de Bienes del Estado,2026-10-10T18:29:42.593082
392-0008-LPU22,EX-2022-108247713-   -APN-DCCYS#AABE,Servicio integral de limpieza destinado a edificio  utilizado por la  AABE,Licitación Pública,10/03/2023 10:00 Hrs.,Adjudicado,392/000 - Dirección General de Administración - AABE,205 - Agencia de Administración de Bienes del Estado,2026-10-10T18:29:42.593082
392-0008-LPU23,EX-2023-81138906-   -APN-DCCYS#AABE,"Conc. de Uso Explotación Comercial  servicio de confitería y restaurante - Lafinur N° 2988 - CABA ""MUSEO EVITA""",Licitación Pública,01/12/2023 12:00 Hrs.,Dejado Sin Efecto,392/000 - Dirección General de Administración - AABE,205 - Agencia de Administración de Bienes del Estado,2026-10-10T18:29:42.593082
392-0008-LPU24,EX-2024-38719226-   -APN-DCCYS#AABE,Soporte Técnico y Mantenimiento de Servidores para la AGENCIA DE ADMINISTRACION DE BIENES DEL ESTADO,Licitación Pública,15/08/2024 12:00 Hrs.,Adjudicado,392/000 - Dirección General de Administración - AABE,205 - Agencia de Administración de Bienes del Estado,2026-10-10T18:29:42.593082
392-0008-LPU25,EX-2025-14310145-   -APN-DCCYS#AABE,Concesión de uso y explotación comercial de 2 espacios del TEATRO NACIONAL CERVANTES,Licitación Pública,11/02/2026 12:00 Hrs.,Fracasado,392/000 - Dirección General de Administración - AABE,205 - Agencia de Administración de Bienes del Estado,2026-10-10T18:29:42.593082
392-0008-SPU24,EX-2024-14940119-   -APN-DCCYS#AABE,Venta de vehículo MARCA CHEVROLET ASTRA GL 2.0 DOMINIO EYL155 - Km 118.234,Subasta Pública,19/03/2024 12:00 Hrs.,Dejado Sin Efecto,392/000 - Dirección General de Administración - AABE,205 - Agencia de Administración de Bienes del Estado,2026-10-10T18:29:42.593082
392-0008-SPU25,EX-2025-19261762-   -APN-DCCYS#AABE,Venta en LOTE de CUATRO (4) vehiculos,Subasta Pública,18/06/2025 12:00 Hrs.,Adjudicado,392/000 - Dirección General de Administración - AABE,205 - Agencia de Administración de Bienes del Estado,2026-10-10T18:29:42.593082
392-0009-CDI23,EX-2023-60711094-   -APN-DCCYS#AABE,Contratación de seguro de robo de valores en caja y en tránsito.,Contratación Directa,28/06/2023 13:00 Hrs.,Dejado Sin Efecto,392/000 - Dirección General de Administración - AABE,205 - Agencia de Administración de Bienes del Estado,2026-10-10T18:29:42.593082
392-0009-CDI24,EX-2024-36604601-   -APN-DCCYS#AABE,Provisión de un servicio de control de plagas para el inmueble sede de la AABE.,Contratación Directa,28/08/2024 12:00 Hrs.,Adjudicado,392/000 - Dirección General de Administración - AABE,205 - Agencia de Administración de Bienes del Estado,2026-10-10T18:29:42.593082
392-0009-LPR24,EX-2024-138858341-   -APN-DCCYS#AABE,Servicio de Full Internet de 600Mbps para uso de la AABE.,Licitación Privada,05/03/2025 12:00 Hrs.,Adjudicado,392/000 - Dirección General de Administración - AABE,205 - Agencia de Administración de Bienes del Estado,2026-10-10T18:29:42.593082
392-0009-LPR25,EX-2025-68339358-   -APN-DCCYS#AABE,Adquisición de Licencias AutoCAD para uso de la AABE.,Licitación Privada,24/09/2025 12:00 Hrs.,Adjudicado,392/000 - Dirección General de Administración - AABE,205 - Agencia de Administración de Bienes del Estado,2026-10-10T18:29:42.593082
392-0009-LPR26,EX-2026-48765071-   -APN-DCCYS#AABE,Adquisición de Insumos Informáticos para el uso de la AGENCIA DE ADMINISTRACIÓN DE BIENES DEL ESTADO,Licitación Privada,15/07/2026 12:00 Hrs.,Pendiente Adjudicaci?n,392/000 - Dirección General de Administración - AABE,205 - Agencia de Administración de Bienes del Estado,2026-10-10T18:29:42.593082
392-0009-LPU22,EX-2022-119552515-   -APN-DCCYS#AABE,Contratacion de servicios de seguridad privada para predios AABE,Licitación Pública,27/03/2023 12:00 Hrs.,Adjudicado,392/000 - Dirección General de Administración - AABE,205 - Agencia de Administración de Bienes del Estado,2026-10-10T18:29:42.593082
392-0009-LPU23,EX-2023-82676714-   -APN-DCCYS#AABE,Servicio de custodia para el resguardo de los inmuebles propiedad del ESTADO NACIONAL.,Licitación Pública,21/11/2023 12:00 Hrs.,Adjudicado,392/000 - Dirección General de Administración - AABE,205 - Agencia de Administración de Bienes del Estado,2026-10-10T18:29:42.593082
392-0009-LPU24,EX-2024-42509337-   -APN-DCCYS#AABE,Solución Integral de Seguridad de Frontera para AABE.,Licitación Pública,27/12/2024 12:00 Hrs.,Adjudicado,392/000 - Dirección General de Administración - AABE,205 - Agencia de Administración de Bienes del Estado,2026-10-10T18:29:42.593082
392-0009-SPU24,EX-2024-14941254-   -APN-DCCYS#AABE,Venta de vehículo MARCA TOYOTA COROLLA 1.6 XLI DOMINIO EYT271 - Km: 221.110,Subasta Pública,16/04/2024 12:00 Hrs.,Adjudicado,392/000 - Dirección General de Administración - AABE,205 - Agencia de Administración de Bienes del Estado,2026-10-10T18:29:42.593082
392-0009-SPU25,EX-2025-19263583-   -APN-DCCYS#AABE,Venta de LOTE de CINCO (5) vehiculos,Subasta Pública,23/06/2025 12:00 Hrs.,Adjudicado,392/000 - Dirección General de Administración - AABE,205 - Agencia de Administración de Bienes del Estado,2026-10-10T18:29:42.593082
392-0009-SPU26,EX-2026-02075981-   -APN-DCCYS#AABE,"Venta del Vehículo MARCA: MERCEDES BENZ, MODELO: SPRINTER, AÑO: 2015, DOMINIO: PAL 109",Subasta Pública,18/06/2026 12:00 Hrs.,Disponible Para Adjudicar,392/000 - Dirección General de Administración - AABE,205 - Agencia de Administración de Bienes del Estado,2026-10-10T18:29:42.593082
392-0010-CDI23,EX-2023-69811688-   -APN-DCCYS#AABE,Venta al Minist. Desarrollo de la Comunidad - Inmueble Loc. Los Hornos- Loc. La Plata - Pcia. Bs As.,Contratación Directa,23/06/2023 12:00 Hrs.,Adjudicado con doc. contractuales generados,392/000 - Dirección General de Administración - AABE,205 - Agencia de Administración de Bienes del Estado,2026-10-10T18:29:42.593082
392-0010-CDI24,EX-2024-38124492-   -APN-DCCYS#AABE,Servicio de mantenimiento de equipos de aire acondicionado de la AABE.,Contratación Directa,27/05/2024 12:00 Hrs.,Adjudicado,392/000 - Dirección General de Administración - AABE,205 - Agencia de Administración de Bienes del Estado,2026-10-10T18:29:42.593082
392-0010-LPR25,EX-2025-71442368-   -APN-DCCYS#AABE,Servicio de control de plagas para la  Agencia de Administración de Bienes del Estado,Licitación Privada,26/09/2025 12:00 Hrs.,Adjudicado,392/000 - Dirección General de Administración - AABE,205 - Agencia de Administración de Bienes del Estado,2026-10-10T18:29:42.593082
392-0010-LPR26,EX-2026-54115056-   -APN-DCCYS#AABE,"Servicio de Mantenimiento integral, preventivo, correctivo y de emergencia para la Flota Automotor.",Licitación Privada,21/08/2026 12:00 Hrs.,Disponible Para Adjudicar,392/000 - Dirección General de Administración - AABE,205 - Agencia de Administración de Bienes del Estado,2026-10-10T18:29:42.593082
392-0010-LPU22,EX-2022-120896142-   -APN-DCCYS#AABE,Servicio de limpieza destinado a los inmuebles y predios bajo custodia de la AABE en CABA  y AMBA.,Licitación Pública,10/05/2023 10:00 Hrs.,Adjudicado,392/000 - Dirección General de Administración - AABE,205 - Agencia de Administración de Bienes del Estado,2026-10-10T18:29:42.593082
392-0010-LPU23,EX-2023-91295221-   -APN-DCCYS#AABE,Adquisición de computadoras portátiles para uso del personal de la AABE.,Licitación Pública,23/10/2023 12:00 Hrs.,Dejado Sin Efecto,392/000 - Dirección General de Administración - AABE,205 - Agencia de Administración de Bienes del Estado,2026-10-10T18:29:42.593082
392-0010-LPU24,EX-2024-52518846-   -APN-DCCYS#AABE,Servicio de custodia y resguardo de inmuebles Bajo jurisdicción del AABE,Licitación Pública,12/08/2024 12:00 Hrs.,Adjudicado,392/000 - Dirección General de Administración - AABE,205 - Agencia de Administración de Bienes del Estado,2026-10-10T18:29:42.593082
392-0010-SPU24,EX-2024-14942739-   -APN-DCCYS#AABE,Venta del Vehículo MARCA: TOYOTA  COROLLA 1.6 XLI - SEDAN 4 P. - DOMINIO: EZB79 - AÑO: 2005,Subasta Pública,12/04/2024 12:00 Hrs.,Adjudicado,392/000 - Dirección General de Administración - AABE,205 - Agencia de Administración de Bienes del Estado,2026-10-10T18:29:42.593082
392-0010-SPU25,EX-2025-24424566-   -APN-DCCYS#AABE,Venta inmueble Soldado de la Independencia Nº 615 - C.A.B.A.,Subasta Pública,25/04/2025 12:00 Hrs.,Adjudicado,392/000 - Dirección General de Administración - AABE,205 - Agencia de Administración de Bienes del Estado,2026-10-10T18:29:42.593082
392-0010-SPU26,EX-2026-02082559-   -APN-DCCYS#AABE,"Venta del Vehículo MARCA: RENAULT, MODELO: KANGOO SPORTWAY 1.9 D, AÑO: 2007, DOMINIO: GEB 688",Subasta Pública,03/06/2026 12:00 Hrs.,Desierto,392/000 - Dirección General de Administración - AABE,205 - Agencia de Administración de Bienes del Estado,2026-10-10T18:29:42.593082
392-0011-CDI23,EX-2023-70045816-   -APN-DCCYS#AABE,Contratación del Servicio Adicional de Seguridad por parte de la Gendarmería Nacional,Contratación Directa,26/06/2023 12:00 Hrs.,Adjudicado,392/000 - Dirección General de Administración - AABE,205 - Agencia de Administración de Bienes del Estado,2026-10-10T18:29:42.593082
392-0011-CDI25,EX-2025-132816046-   -APN-DCCYS#AABE,"Concesión de Uso de un inmueble que se encuentra ubicado en la Avenida Cantilo 5700, CABA",Contratación Directa,04/12/2025 16:00 Hrs.,Adjudicado,392/000 - Dirección General de Administración - AABE,205 - Agencia de Administración de Bienes del Estado,2026-10-10T18:29:42.593082
392-0011-LPR25,EX-2025-81983943-   -APN-DCCYS#AABE,Sev.soporte téc. y mant. sistema de alarma c/incendio del Centro de Procesamiento de datos de AABE,Licitación Privada,31/10/2025 12:00 Hrs.,Adjudicado,392/000 - Dirección General de Administración - AABE,205 - Agencia de Administración de Bienes del Estado,2026-10-10T18:29:42.593082
392-0011-LPU23,EX-2023-91316568-   -APN-DCCYS#AABE,"Concesión de Uso y Explotación Comercial Gastronómica - ""CCK""",Licitación Pública,10/11/2023 12:00 Hrs.,Dejado Sin Efecto,392/000 - Dirección General de Administración - AABE,205 - Agencia de Administración de Bienes del Estado,2026-10-10T18:29:42.593082
392-0011-SPU24,EX-2024-14959970-   -APN-DCCYS#AABE,Venta de vehículo MARCA RENAULT SYMBOL CONFORT 1.6 16V DOMINIO KDM031 Km 77.750,Subasta Pública,18/03/2024 12:00 Hrs.,Adjudicado,392/000 - Dirección General de Administración - AABE,205 - Agencia de Administración de Bienes del Estado,2026-10-10T18:29:42.593082
392-0011-SPU25,EX-2024-129953608-   -APN-DCCYS#AABE,"Venta inmueble Argerich Nº 5855,59,61,63,65,67,69,71- uf 29 y 1/7 de la UC I, Caba.",Subasta Pública,08/07/2025 12:00 Hrs.,Dejado Sin Efecto,392/000 - Dirección General de Administración - AABE,205 - Agencia de Administración de Bienes del Estado,2026-10-10T18:29:42.593082
392-0011-SPU26,EX-2026-03799151-   -APN-DCCYS#AABE,"Venta de vehículo. Marca: Renault, Modelo: FLUENCE PH2 1.6 DYNAMIQUE PACK , 2017, AB 990 IV",Subasta Pública,16/06/2026 12:00 Hrs.,Desierto,392/000 - Dirección General de Administración - AABE,205 - Agencia de Administración de Bienes del Estado,2026-10-10T18:29:42.593082
392-0012-CDI23,EX-2023-70838540-   -APN-DCCYS#AABE,Adquisición de CINCO (5) DEA (Desfibrilador Externo Automático) para dotar las instalaciones de AABE,Contratación Directa,09/08/2023 12:00 Hrs.,Adjudicado,392/000 - Dirección General de Administración - AABE,205 - Agencia de Administración de Bienes del Estado,2026-10-10T18:29:42.593082
392-0012-CDI24,EX-2024-40956466-   -APN-DCCYS#AABE,Contratación para el servicio de suministro de combustible y lubricantes para AABE.,Contratación Directa,29/04/2024 12:00 Hrs.,Adjudicado,392/000 - Dirección General de Administración - AABE,205 - Agencia de Administración de Bienes del Estado,2026-10-10T18:29:42.593082
392-0012-LPR25,EX-2025-89414461-   -APN-DCCYS#AABE,Adquisición UNA (1) UPS 10KVA / 10000W 230 V - Online Doble Conversión para AABE.,Licitación Privada,20/10/2025 12:00 Hrs.,Adjudicado,392/000 - Dirección General de Administración - AABE,205 - Agencia de Administración de Bienes del Estado,2026-10-10T18:29:42.593082
392-0012-LPR26,EX-2026-62818130-   -APN-DCCYS#AABE,Servicio de Enlace Full Internet de 600 Mbps para uso de la AGENCIA.,Licitación Privada,28/09/2026 12:00 Hrs.,En Apertura,392/000 - Dirección General de Administración - AABE,205 - Agencia de Administración de Bienes del Estado,2026-10-10T18:29:42.593082
392-0012-LPU24,EX-2024-66952083-   -APN-DCCYS#AABE,Concesión de Uso y Explotación Comercial con destino exclusivo para Estacionamiento Moreno y B Oroño,Licitación Pública,29/11/2024 12:00 Hrs.,Adjudicado,392/000 - Dirección General de Administración - AABE,205 - Agencia de Administración de Bienes del Estado,2026-10-10T18:29:42.593082
392-0012-SPU24,EX-2024-14986011-   -APN-DCCYS#AABE,"Venta del Vehículo Marca RENAULT, MEGANE II 1.6 16V CONFORT, PATENTE: IXD 970, AÑO: 2010",Subasta Pública,17/04/2024 12:00 Hrs.,Adjudicado,392/000 - Dirección General de Administración - AABE,205 - Agencia de Administración de Bienes del Estado,2026-10-10T18:29:42.593082
392-0012-SPU26,EX-2026-03801784-   -APN-DCCYS#AABE,"Venta de vehículo. Marca: Renault, Modelo: 19 R, Año: 1996, Dominio: ARJ 821",Subasta Pública,22/06/2026 12:00 Hrs.,Desierto,392/000 - Dirección General de Administración - AABE,205 - Agencia de Administración de Bienes del Estado,2026-10-10T18:29:42.593082
392-0013-CDI23,EX-2023-72818603-   -APN-DCCYS#AABE,Convenio entre AABE y UNTREF por la contratación de un servicio de colaboración.,Contratación Directa,05/07/2023 12:00 Hrs.,Adjudicado,392/000 - Dirección General de Administración - AABE,205 - Agencia de Administración de Bienes del Estado,2026-10-10T18:29:42.593082
392-0013-CDI24,EX-2024-42577559-   -APN-DCCYS#AABE,Contratación del Servicio de Hosting de Servidores y Enlace a Internet.,Contratación Directa,17/05/2024 12:00 Hrs.,Dejado Sin Efecto,392/000 - Dirección General de Administración - AABE,205 - Agencia de Administración de Bienes del Estado,2026-10-10T18:29:42.593082
392-0013-LPR25,EX-2025-91028651-   -APN-DCCYS#AABE,Servicio de soporte técnico y mantenimiento de un sistema de circuito cerrado de TV para la AABE.,Licitación Privada,16/12/2025 12:00 Hrs.,Adjudicado,392/000 - Dirección General de Administración - AABE,205 - Agencia de Administración de Bienes del Estado,2026-10-10T18:29:42.593082
392-0013-SPU24,EX-2024-15487362-   -APN-DCCYS#AABE,Venta de vehículo PEUGEOT MODELO: 408 ALLURE + TIPTRONIC 2.0 N - SEDAN 4 PUERTAS - 2011,Subasta Pública,21/03/2024 12:00 Hrs.,Dejado Sin Efecto,392/000 - Dirección General de Administración - AABE,205 - Agencia de Administración de Bienes del Estado,2026-10-10T18:29:42.593082
392-0013-SPU25,EX-2025-28153300-   -APN-DCCYS#AABE,Av. Congreso N° 4.778/4.800 - P.B. 1 - C.A.B.A.,Subasta Pública,10/07/2025 12:00 Hrs.,Dejado Sin Efecto,392/000 - Dirección General de Administración - AABE,205 - Agencia de Administración de Bienes del Estado,2026-10-10T18:29:42.593082
392-0013-SPU26,EX-2026-03816824-   -APN-DCCYS#AABE,"Venta Inmueble calle Islas Malvinas, esq. Buenos Aires, Departamento Confluencia - Pcia. de Neuquén",Subasta Pública,02/03/2026 12:00 Hrs.,Adjudicado,392/000 - Dirección General de Administración - AABE,205 - Agencia de Administración de Bienes del Estado,2026-10-10T18:29:42.593082
392-0014-CDI23,EX-2023-74375454-   -APN-DCCYS#AABE,Convenio entre AABE y UNTREF -servicio de asesoramiento y consultoría,Contratación Directa,06/07/2023 12:00 Hrs.,Adjudicado,392/000 - Dirección General de Administración - AABE,205 - Agencia de Administración de Bienes del Estado,2026-10-10T18:29:42.593082
392-0014-CDI24,EX-2024-42841895-   -APN-DCCYS#AABE,Contratación de un seguro Automotor para la flota de AABE,Contratación Directa,24/05/2024 12:00 Hrs.,Dejado Sin Efecto,392/000 - Dirección General de Administración - AABE,205 - Agencia de Administración de Bienes del Estado,2026-10-10T18:29:42.593082
392-0014-LPR26,EX-2026-65059322-   -APN-DCCYS#AABE,"Adquisición de CIENTO CINCUENTA (150) Monitores de 24”, para AABE.",Licitación Privada,18/08/2026 12:00 Hrs.,Pendiente Adjudicaci?n,392/000 - Dirección General de Administración - AABE,205 - Agencia de Administración de Bienes del Estado,2026-10-10T18:29:42.593082
392-0014-LPU23,EX-2023-119848286-   -APN-DCCYS#AABE,"Concesión de Uso de Espacios Publicitarios, destinada a la explotación comercial.",Licitación Pública,12/01/2024 12:00 Hrs.,Dejado Sin Efecto,392/000 - Dirección General de Administración - AABE,205 - Agencia de Administración de Bienes del Estado,2026-10-10T18:29:42.593082
392-0014-SPU24,EX-2024-15728294-   -APN-DCCYS#AABE,"Venta de Vehículo Marca: VOLKSWAGEN AMAROK 2.0 L TDI 4x4 ST5, Año: 2010",Subasta Pública,26/03/2024 12:00 Hrs.,Adjudicado,392/000 - Dirección General de Administración - AABE,205 - Agencia de Administración de Bienes del Estado,2026-10-10T18:29:42.593082
392-0014-SPU26,EX-2026-04570657-   -APN-DCCYS#AABE,"VENTA DE INMUEBLE SITO EN CALLE 116, ESQUINA CALLE 41, LOCALIDAD Y PARTIDO DE LA PLATA, PROVINCIA DE",Subasta Pública,03/03/2026 12:00 Hrs.,Desierto,392/000 - Dirección General de Administración - AABE,205 - Agencia de Administración de Bienes del Estado,2026-10-10T18:29:42.593082
392-0015-CDI23,EX-2023-74470220-   -APN-DCCYS#AABE,Convenio entre AABE y UNTREF para el Servicio de Asistencia Técnica y Capacitación.,Contratación Directa,07/07/2023 12:00 Hrs.,Dejado Sin Efecto,392/000 - Dirección General de Administración - AABE,205 - Agencia de Administración de Bienes del Estado,2026-10-10T18:29:42.593082
392-0015-CDI24,EX-2024-42860456-   -APN-DCCYS#AABE,Contratación de seguro de robo y de responsabilidad civil para AABE,Contratación Directa,21/05/2024 12:00 Hrs.,Dejado Sin Efecto,392/000 - Dirección General de Administración - AABE,205 - Agencia de Administración de Bienes del Estado,2026-10-10T18:29:42.593082
392-0015-LPR25,EX-2025-121960011-   -APN-DCCYS#AABE,"Adquisición de VEINTE (20) dispositivos criptográficos para Firma Digital (TOKEN), para AABE.",Licitación Privada,13/02/2026 12:00 Hrs.,Adjudicado,392/000 - Dirección General de Administración - AABE,205 - Agencia de Administración de Bienes del Estado,2026-10-10T18:29:42.593082
392-0015-SPU24,EX-2024-15732558-   -APN-DCCYS#AABE,"Venta de Vehículo Marca: CHEVROLET ASTRA GL 2.0, Año: 2005",Subasta Pública,18/04/2024 12:00 Hrs.,Dejado Sin Efecto,392/000 - Dirección General de Administración - AABE,205 - Agencia de Administración de Bienes del Estado,2026-10-10T18:29:42.593082
392-0015-SPU26,EX-2026-05234282-   -APN-DCCYS#AABE,"Venta inmueble sito en Avenida Colón Nº 532/534/536, 2° Piso, Unidad de PH 9, Localidad de CÓRDOBA",Subasta Pública,10/04/2026 12:00 Hrs.,En Evaluacion,392/000 - Dirección General de Administración - AABE,205 - Agencia de Administración de Bienes del Estado,2026-10-10T18:29:42.593082
392-0016-CDI23,EX-2023-76201509-   -APN-DCCYS#AABE,Contratación de un seguro de accidentes personales con asistencia médico farmacéutica para AABE.,Contratación Directa,21/07/2023 12:00 Hrs.,Adjudicado,392/000 - Dirección General de Administración - AABE,205 - Agencia de Administración de Bienes del Estado,2026-10-10T18:29:42.593082
392-0016-CDI24,EX-2024-52053491-   -APN-DCCYS#AABE,Adquisición de dos termotanques eléctricos para la Agencia de Administración de Bienes del Estado.,Contratación Directa,10/06/2024 12:00 Hrs.,Dejado Sin Efecto,392/000 - Dirección General de Administración - AABE,205 - Agencia de Administración de Bienes del Estado,2026-10-10T18:29:42.593082
392-0016-LPR25,EX-2025-131810444-   -APN-DCCYS#AABE,Adquisición de TREINTA (30) Notebooks para el uso de la AABE.,Licitación Privada,27/02/2026 12:00 Hrs.,Adjudicado,392/000 - Dirección General de Administración - AABE,205 - Agencia de Administración de Bienes del Estado,2026-10-10T18:29:42.593082
392-0016-LPU24,EX-2024-99183281-   -APN-DCCYS#AABE,Concesión de Uso y Explotación Comercial  Cuatro (4) espacios para COLUMNAS PUBLICITARIAS  - CABA -,Licitación Pública,08/11/2024 12:00 Hrs.,Adjudicado,392/000 - Dirección General de Administración - AABE,205 - Agencia de Administración de Bienes del Estado,2026-10-10T18:29:42.593082
392-0016-SPU24,EX-2024-15739984-   -APN-DCCYS#AABE,Venta del Vehículo  Marca: RENAULT CLIO -  Dominio: EZK 320 - Año 2005,Subasta Pública,05/04/2024 12:00 Hrs.,Dejado Sin Efecto,392/000 - Dirección General de Administración - AABE,205 - Agencia de Administración de Bienes del Estado,2026-10-10T18:29:42.593082
392-0016-SPU26,EX-2026-06641014-   -APN-DCCYS#AABE,"Venta Inmueble sito en Juan de Dios Correas N° 7130 y San Pedro Nolasco Nº 7.051, Pcia. de CÓRDOBA",Subasta Pública,30/03/2026 12:00 Hrs.,Dejado Sin Efecto,392/000 - Dirección General de Administración - AABE,205 - Agencia de Administración de Bienes del Estado,2026-10-10T18:29:42.593082
392-0017-CDI23,EX-2023-78303167-   -APN-DCCYS#AABE,Adquisición de materiales eléctricos para la AGENCIA DE ADMINISTRACIÓN DE BIENES DEL ESTADO.,Contratación Directa,08/09/2023 12:00 Hrs.,Adjudicado,392/000 - Dirección General de Administración - AABE,205 - Agencia de Administración de Bienes del Estado,2026-10-10T18:29:42.593082
392-0017-CDI24,EX-2024-54308945-   -APN-DCCYS#AABE,Contratación de seguro de robo de valores en caja y en tránsito.,Contratación Directa,03/07/2024 12:00 Hrs.,Dejado Sin Efecto,392/000 - Dirección General de Administración - AABE,205 - Agencia de Administración de Bienes del Estado,2026-10-10T18:29:42.593082
392-0017-LPU24,EX-2024-110306180-   -APN-DCCYS#AABE,Concesión de Uso y Explotación Comercial Estacionamiento  - Humberto Primo  Nº 1.630/36 - C.A.B.A. -,Licitación Pública,20/12/2024 12:00 Hrs.,Desierto,392/000 - Dirección General de Administración - AABE,205 - Agencia de Administración de Bienes del Estado,2026-10-10T18:29:42.593082
392-0017-SPU24,EX-2024-15939233-   -APN-DCCYS#AABE,Venta de vehículo MARCA: RENAULTMODELO: MEGANE II 1.6 16V CONFORT SEDAN 4 PUERTAS- DOMINIO: IXT-971,Subasta Pública,25/03/2024 12:00 Hrs.,Adjudicado,392/000 - Dirección General de Administración - AABE,205 - Agencia de Administración de Bienes del Estado,2026-10-10T18:29:42.593082
392-0017-SPU26,EX-2026-09177543-   -APN-DCCYS#AABE,"Venta en Bloque Inmuebles calle Miguel de Azcuénaga S/Nº - Parcelas 2, 3 y 4 - Pcia. Santa Fe",Subasta Pública,15/05/2026 12:00 Hrs.,Desierto,392/000 - Dirección General de Administración - AABE,205 - Agencia de Administración de Bienes del Estado,2026-10-10T18:29:42.593082
392-0018-CDI24,EX-2024-62436207-   -APN-DCCYS#AABE,Adquisición de Carteles Publicitarios para la AABE,Contratación Directa,30/08/2024 12:00 Hrs.,Adjudicado con doc. contractuales generados,392/000 - Dirección General de Administración - AABE,205 - Agencia de Administración de Bienes del Estado,2026-10-10T18:29:42.593082
392-0018-LPU24,EX-2024-112488864-   -APN-DCCYS#AABE,Conc de uso y explot comercial gastronómica CUATRO (4) espacios- Av. Corrientes la Av. Leandro N Ale,Licitación Pública,09/12/2024 12:00 Hrs.,Adjudicado,392/000 - Dirección General de Administración - AABE,205 - Agencia de Administración de Bienes del Estado,2026-10-10T18:29:42.593082
392-0018-SPU24,EX-2024-15952016-   -APN-DCCYS#AABE,Venta de vehículo MARCA FORD MODELO FOCUS EDGE 5P 1.8 LN - SEDAN AÑO 2005 DOMINIO EYI431 Km 177.044,Subasta Pública,22/03/2024 12:00 Hrs.,Adjudicado,392/000 - Dirección General de Administración - AABE,205 - Agencia de Administración de Bienes del Estado,2026-10-10T18:29:42.593082
392-0018-SPU25,EX-2025-41684565-   -APN-DCCYS#AABE,"Venta de vehículo MARCA: RENAULT, MODELO: KANGOO EXP CONFORT 1.9 AA, DOMINIO: GAK220, AÑO: 2007.",Subasta Pública,26/09/2025 12:00 Hrs.,Adjudicado,392/000 - Dirección General de Administración - AABE,205 - Agencia de Administración de Bienes del Estado,2026-10-10T18:29:42.593082
392-0018-SPU26,EX-2026-09434094-   -APN-DCCYS#AABE,Venta en Bloque Inmueble calle Miguel de Azcuénaga esq. Dorrego- Parcelas 11 y 14- Pcia. Santa Fe,Subasta Pública,28/05/2026 12:00 Hrs.,Desierto,392/000 - Dirección General de Administración - AABE,205 - Agencia de Administración de Bienes del Estado,2026-10-10T18:29:42.593082
392-0019-CDI24,EX-2024-63018862-   -APN-DCCYS#AABE,Contratación de un seguro de accidentes personales con asistencia médico farmacéutica para AABE.,Contratación Directa,08/07/2024 12:00 Hrs.,Dejado Sin Efecto,392/000 - Dirección General de Administración - AABE,205 - Agencia de Administración de Bienes del Estado,2026-10-10T18:29:42.593082
392-0019-SPU22,EX-2021-83048747-   -APN-DCCYS#AABE,"Ruta Provincial Nº 51 S/N, Localidad de La Banda, Departamento Banda, PCIA SGO DEL ESTERO.",Subasta Pública,18/04/2023 12:00 Hrs.,Adjudicado,392/000 - Dirección General de Administración - AABE,205 - Agencia de Administración de Bienes del Estado,2026-10-10T18:29:42.593082
392-0019-SPU24,EX-2024-15963069-   -APN-DCCYS#AABE,Venta de vehículo MARCA RENAULT MODELO MEGANE II 1.6 DOMINIO IZH431 AÑO 2010 Km 149.115,Subasta Pública,08/04/2024 12:00 Hrs.,Adjudicado,392/000 - Dirección General de Administración - AABE,205 - Agencia de Administración de Bienes del Estado,2026-10-10T18:29:42.593082
392-0019-SPU26,EX-2026-09847227-   -APN-DCCYS#AABE,Venta en bloque Inmuebles sitos en  Pasaje Roca S/N° - Parcelas 5 y 7 - Pcia. Santa Fe,Subasta Pública,22/05/2026 12:00 Hrs.,Desierto,392/000 - Dirección General de Administración - AABE,205 - Agencia de Administración de Bienes del Estado,2026-10-10T18:29:42.593082
392-0020-CDI23,EX-2023-81668739-   -APN-DCCYS#AABE,Adquisición de artículos de librería destinados al personal de la AGENCIA,Contratación Directa,18/08/2023 12:00 Hrs.,Adjudicado,392/000 - Dirección General de Administración - AABE,205 - Agencia de Administración de Bienes del Estado,2026-10-10T18:29:42.593082
392-0020-LPU24,EX-2024-126769323-   -APN-DCCYS#AABE,Servicio de custodia para resguardo de inms. prop. del Estado Nacional y bajo jurisdicción de AABE,Licitación Pública,07/02/2025 12:00 Hrs.,Adjudicado,392/000 - Dirección General de Administración - AABE,205 - Agencia de Administración de Bienes del Estado,2026-10-10T18:29:42.593082
392-0020-SPU24,EX-2024-15964433-   -APN-DCCYS#AABE,"Venta del Vehículo MARCA: FORD, MODELO: ECOSPORT 2.0 L XLS, DOMINIO: JJO 404, AÑO: 2010",Subasta Pública,04/04/2024 12:00 Hrs.,Adjudicado,392/000 - Dirección General de Administración - AABE,205 - Agencia de Administración de Bienes del Estado,2026-10-10T18:29:42.593082
392-0021-CDI23,EX-2023-82974368-   -APN-DCCYS#AABE,Venta de CUATRO (4) lingotes de oro al BANCO CIUDAD DE BUENOS AIRES.,Contratación Directa,18/08/2023 12:00 Hrs.,Adjudicado,392/000 - Dirección General de Administración - AABE,205 - Agencia de Administración de Bienes del Estado,2026-10-10T18:29:42.593082
392-0021-CDI24,EX-2024-72325682-   -APN-DCCYS#AABE,Adquisición de materiales sanitarios y de ferretería para la AABE.,Contratación Directa,29/11/2024 12:00 Hrs.,Disponible Para Adjudicar,392/000 - Dirección General de Administración - AABE,205 - Agencia de Administración de Bienes del Estado,2026-10-10T18:29:42.593082
392-0021-SPU22,EX-2022-18705591-   -APN-DCCYS#AABE,Venta Vehículo MARCA: PEUGEOT- MODELO: PARTNER DOMINIO: MCK-939 AÑO: 2013,Subasta Pública,18/09/2023 12:00 Hrs.,Dejado Sin Efecto,392/000 - Dirección General de Administración - AABE,205 - Agencia de Administración de Bienes del Estado,2026-10-10T18:29:42.593082
392-0021-SPU24,EX-2024-15972600-   -APN-DCCYS#AABE,Venta del Vehículo Marca VOLKSWAGEN GOL 1.6 -  DOMINIO FQT 675 - AÑO 2006,Subasta Pública,27/03/2024 12:00 Hrs.,Dejado Sin Efecto,392/000 - Dirección General de Administración - AABE,205 - Agencia de Administración de Bienes del Estado,2026-10-10T18:29:42.593082
392-0021-SPU25,EX-2025-42268964-   -APN-DCCYS#AABE,VENTA EN LOTE DE 5 VEHICULOS,Subasta Pública,20/08/2025 12:00 Hrs.,Adjudicado,392/000 - Dirección General de Administración - AABE,205 - Agencia de Administración de Bienes del Estado,2026-10-10T18:29:42.593082
392-0021-SPU26,EX-2026-10322050-   -APN-DCCYS#AABE,"Venta inmueble sito en Pasaje Roca S/N°,  parcela 15- Prov. SANTA FE",Subasta Pública,05/06/2026 12:00 Hrs.,Desierto,392/000 - Dirección General de Administración - AABE,205 - Agencia de Administración de Bienes del Estado,2026-10-10T18:29:42.593082
392-0022-CDI23,EX-2023-84396442-   -APN-DCCYS#AABE,Servicio de impresión de ejemplares para la AGENCIA DE ADMINISTRACIÓN DE BIENES DEL ESTADO.,Contratación Directa,22/09/2023 12:00 Hrs.,Adjudicado,392/000 - Dirección General de Administración - AABE,205 - Agencia de Administración de Bienes del Estado,2026-10-10T18:29:42.593082
392-0022-LPU24,EX-2024-138822502-   -APN-DCCYS#AABE,Contratación de un Servicio de Impresión para el alquiler de Planeras,Licitación Pública,31/07/2025 12:00 Hrs.,Disponible Para Adjudicar,392/000 - Dirección General de Administración - AABE,205 - Agencia de Administración de Bienes del Estado,2026-10-10T18:29:42.593082
392-0022-SPU24,EX-2024-15975291-   -APN-DCCYS#AABE,Venta del Vehículo RENAULT KANGOO AUTHENTIQUE - DOMINIO FQD 748 -  AÑO 2005,Subasta Pública,18/04/2024 12:00 Hrs.,Dejado Sin Efecto,392/000 - Dirección General de Administración - AABE,205 - Agencia de Administración de Bienes del Estado,2026-10-10T18:29:42.593082
392-0022-SPU25,EX-2025-42278425-   -APN-DCCYS#AABE,VENTA DE LOTE DE SIETE (7) VEHÍCULOS,Subasta Pública,21/08/2025 12:00 Hrs.,Adjudicado,392/000 - Dirección General de Administración - AABE,205 - Agencia de Administración de Bienes del Estado,2026-10-10T18:29:42.593082
392-0022-SPU26,EX-2026-12069997-   -APN-DCCYS#AABE,"Venta Inmueble sito en Calle sin nombre y Río Paraná de Las Palmas, CAMPANA, Pcia. Buenos Aires",Subasta Pública,06/04/2026 12:00 Hrs.,Dejado Sin Efecto,392/000 - Dirección General de Administración - AABE,205 - Agencia de Administración de Bienes del Estado,2026-10-10T18:29:42.593082
392-0023-CDI23,EX-2023-84463223-   -APN-DCCYS#AABE,Convenio de Colaboración para la Unidad Ejecutora Especial Transitoria “Mercado de Hacienda”.,Contratación Directa,26/07/2023 12:00 Hrs.,Adjudicado,392/000 - Dirección General de Administración - AABE,205 - Agencia de Administración de Bienes del Estado,2026-10-10T18:29:42.593082
392-0023-CDI24,EX-2024-73977396-   -APN-DCCYS#AABE,Contratación de DOS (2) seguros para un  Vehículo Aéreo no tripulado,Contratación Directa,13/08/2024 12:00 Hrs.,Dejado Sin Efecto,392/000 - Dirección General de Administración - AABE,205 - Agencia de Administración de Bienes del Estado,2026-10-10T18:29:42.593082
392-0023-LPU24,EX-2024-141118257-   -APN-DCCYS#AABE,Conc de uso y explot comercial de espacios gastronómicos en el CENTRO CULTURAL BORGES (CCB),Licitación Pública,08/04/2025 12:00 Hrs.,Dejado Sin Efecto,392/000 - Dirección General de Administración - AABE,205 - Agencia de Administración de Bienes del Estado,2026-10-10T18:29:42.593082
392-0023-SPU24,EX-2024-16200849-   -APN-DCCYS#AABE,Venta de vehículo MARCA: RENAULT MODELO: MEGANE TRI 1.6 + ECO - SEDAN 4 PUERTAS AÑO: 2005,Subasta Pública,19/04/2024 12:00 Hrs.,Desierto,392/000 - Dirección General de Administración - AABE,205 - Agencia de Administración de Bienes del Estado,2026-10-10T18:29:42.593082
392-0023-SPU26,EX-2025-123713387-   -APN-DCCYS#AABE,Venta de Inmueble Av. Rivadavia N° 4615/17/19,Subasta Pública,18/05/2026 12:00 Hrs.,Desierto,392/000 - Dirección General de Administración - AABE,205 - Agencia de Administración de Bienes del Estado,2026-10-10T18:29:42.593082
392-0024-CDI23,EX-2023-91892065-   -APN-DCCYS#AABE,Adquisición de aeronave drone con pantalla (RC) y accesorio para AABE,Contratación Directa,24/11/2023 12:00 Hrs.,Dejado Sin Efecto,392/000 - Dirección General de Administración - AABE,205 - Agencia de Administración de Bienes del Estado,2026-10-10T18:29:42.593082
392-0024-CDI24,EX-2024-74627451-   -APN-DCCYS#AABE,Adquisición de materiales eléctricos y de iluminación para la AABE.,Contratación Directa,16/10/2024 12:00 Hrs.,Pendiente Adjudicaci?n,392/000 - Dirección General de Administración - AABE,205 - Agencia de Administración de Bienes del Estado,2026-10-10T18:29:42.593082
392-0024-SPU24,EX-2024-16205292-   -APN-DCCYS#AABE,"Venta del Vehículo MARCA: RENAULT,MODELO: MEGANE EXPRESION TRIC 16V, PATENTE: FSE 103, AÑO: 2006",Subasta Pública,18/06/2024 12:00 Hrs.,Adjudicado,392/000 - Dirección General de Administración - AABE,205 - Agencia de Administración de Bienes del Estado,2026-10-10T18:29:42.593082
392-0024-SPU26,EX-2026-14535607-   -APN-DCCYS#AABE,"Venta inmueble calle Miguel de Azcuénaga S/N°, Parcela 10, Provincia Santa Fe",Subasta Pública,09/06/2026 12:00 Hrs.,Desierto,392/000 - Dirección General de Administración - AABE,205 - Agencia de Administración de Bienes del Estado,2026-10-10T18:29:42.593082
392-0025-CDI22,EX-2022-93832739-   -APN-DCCYS#AABE,Servicio de alquiler de módulos de oficina para la AABE,Contratación Directa,10/02/2023 12:00 Hrs.,Adjudicado,392/000 - Dirección General de Administración - AABE,205 - Agencia de Administración de Bienes del Estado,2026-10-10T18:29:42.593082
392-0025-CDI23,EX-2023-92287335-   -APN-DCCYS#AABE,Adquisición de discos rígidos para AABE,Contratación Directa,27/11/2023 12:00 Hrs.,Adjudicado,392/000 - Dirección General de Administración - AABE,205 - Agencia de Administración de Bienes del Estado,2026-10-10T18:29:42.593082
392-0025-CDI24,EX-2024-75749115-   -APN-DCCYS#AABE,Adquisición de materiales e insumos de pintura para la AABE,Contratación Directa,30/08/2024 12:00 Hrs.,Pendiente Adjudicaci?n,392/000 - Dirección General de Administración - AABE,205 - Agencia de Administración de Bienes del Estado,2026-10-10T18:29:42.593082
392-0025-SPU24,EX-2024-17501064-   -APN-DCCYS#AABE,Venta de Vehículo Marca VOLKSWAGEN- MODELO: GOL 1.6 SEDAN 5 PUERTAS- DOMINIO: FBS-531- AÑO: 2005,Subasta Pública,08/04/2024 12:00 Hrs.,Adjudicado,392/000 - Dirección General de Administración - AABE,205 - Agencia de Administración de Bienes del Estado,2026-10-10T18:29:42.593082
392-0025-SPU26,EX-2026-17363691-   -APN-DCCYS#AABE,Venta en Bloque Inmueble calle Dorrego S/N esq. Pasaje Roca- Parcelas 17 y 18 -Pcia. Santa Fe,Subasta Pública,04/06/2026 12:00 Hrs.,Desierto,392/000 - Dirección General de Administración - AABE,205 - Agencia de Administración de Bienes del Estado,2026-10-10T18:29:42.593082
392-0026-CDI23,EX-2023-111891853-   -APN-DCCYS#AABE,Adquisición de señalética de seguridad y evacuación para AABE,Contratación Directa,14/11/2023 12:00 Hrs.,Dejado Sin Efecto,392/000 - Dirección General de Administración - AABE,205 - Agencia de Administración de Bienes del Estado,2026-10-10T18:29:42.593082
392-0026-CDI24,EX-2024-85730956-   -APN-DCCYS#AABE,"Serv.de reparación y puesta a punto vehículo TOYOTA Mod HILUX 2.8 CD SRV 177 CV 4x4, asignado a AABE",Contratación Directa,05/09/2024 12:00 Hrs.,Dejado Sin Efecto,392/000 - Dirección General de Administración - AABE,205 - Agencia de Administración de Bienes del Estado,2026-10-10T18:29:42.593082
392-0026-SPU24,EX-2024-17502394-   -APN-DCCYS#AABE,Venta de Vehículo CITROEN- MODELO: BERLINGO MULTISPACE 1.9 PACK SEDAN 5 PUERTAS- DOMINIO: IWJ 755,Subasta Pública,26/03/2024 12:00 Hrs.,Adjudicado,392/000 - Dirección General de Administración - AABE,205 - Agencia de Administración de Bienes del Estado,2026-10-10T18:29:42.593082
392-0026-SPU25,EX-2025-49426238-   -APN-DCCYS#AABE,"Venta Motovehiculo Marca ZANELLA, Modelo SAPUCAY, Dominio A047DNY, Año: 2017.",Subasta Pública,14/07/2026 12:00 Hrs.,Desierto,392/000 - Dirección General de Administración - AABE,205 - Agencia de Administración de Bienes del Estado,2026-10-10T18:29:42.593082
392-0026-SPU26,EX-2026-20476346-   -APN-DCCYS#AABE,Venta en Bloque de los Inmuebles ubicados calle Pasaje Roca S/N°- Parcelas 6 y 9- PROV DE SANTA FE,Subasta Pública,08/05/2026 12:00 Hrs.,Desierto,392/000 - Dirección General de Administración - AABE,205 - Agencia de Administración de Bienes del Estado,2026-10-10T18:29:42.593082
392-0027-CDI23,EX-2023-113322134-   -APN-DCCYS#AABE,Adquisición de carpetas institucionales para AGENCIA DE ADMINISTRACIÓN DE BIENES DEL ESTADO,Contratación Directa,17/11/2023 12:00 Hrs.,Dejado Sin Efecto,392/000 - Dirección General de Administración - AABE,205 - Agencia de Administración de Bienes del Estado,2026-10-10T18:29:42.593082
392-0027-SPU24,EX-2024-17503385-   -APN-DCCYS#AABE,Venta de Vehículo RENAULT- MODELO: KANGOO RL 110CV AA PLC IZQ SEDAN 5 PUERTAS- DOMINIO:  FDD 682,Subasta Pública,10/04/2024 12:00 Hrs.,Adjudicado,392/000 - Dirección General de Administración - AABE,205 - Agencia de Administración de Bienes del Estado,2026-10-10T18:29:42.593082
392-0027-SPU26,EX-2026-06641014-   -APN-DCCYS#AABE,"Venta Inmueble  calle Juan de Dios Correas N° 7.130 y San Pedro Nolasco Nº 7.051, Pcia. CORDOBA",Subasta Pública,06/07/2026 12:00 Hrs.,Desierto,392/000 - Dirección General de Administración - AABE,205 - Agencia de Administración de Bienes del Estado,2026-10-10T18:29:42.593082
392-0028-CDI23,EX-2023-114609003-   -APN-DCCYS#AABE,Adquisición de banners roll-up para la AGENCIA DE ADMINISTRACIÓN DE BIENES DEL ESTADO,Contratación Directa,17/11/2023 12:00 Hrs.,Dejado Sin Efecto,392/000 - Dirección General de Administración - AABE,205 - Agencia de Administración de Bienes del Estado,2026-10-10T18:29:42.593082
392-0028-SPU24,EX-2024-17671405-   -APN-DCCYS#AABE,Venta de vehículo MARCA: CITROEN MODELO: C4 5P 2.0 HDI SX SEDAN 5 PTAS- DOMINIO: IWJ-773 AÑO: 2010,Subasta Pública,10/07/2024 12:00 Hrs.,Adjudicado,392/000 - Dirección General de Administración - AABE,205 - Agencia de Administración de Bienes del Estado,2026-10-10T18:29:42.593082
392-0028-SPU25,EX-2025-04994353-   -APN-DCCYS#AABE,"Venta en bloque- Inmueble sito en Av. Rivadavia N° 1665/1675/79, CABA.",Subasta Pública,07/07/2025 12:00 Hrs.,Adjudicado,392/000 - Dirección General de Administración - AABE,205 - Agencia de Administración de Bienes del Estado,2026-10-10T18:29:42.593082
392-0028-SPU26,EX-2025-87730234-   -APN-DCCYS#AABE,"Venta inmueble sito en Av del mar, Av de los Tritones Av Eolo y calle sin nombre, localidad PINAMAR.",Subasta Pública,18/06/2026 12:00 Hrs.,Dejado Sin Efecto,392/000 - Dirección General de Administración - AABE,205 - Agencia de Administración de Bienes del Estado,2026-10-10T18:29:42.593082
392-0029-CDI22,EX-2022-122772563-   -APN-DCCYS#AABE,Contratación de un seguro para DOS (2) Vehículos Aéreos no tripulados.,Contratación Directa,06/02/2023 10:00 Hrs.,Adjudicado,392/000 - Dirección General de Administración - AABE,205 - Agencia de Administración de Bienes del Estado,2026-10-10T18:29:42.593082
392-0029-CDI23,EX-2023-119331721-   -APN-DCCYS#AABE,Contratación de seguro de Responsabilidad Civil e Incendio para DOS (2) Inmuebles.,Contratación Directa,20/10/2023 12:00 Hrs.,Adjudicado,392/000 - Dirección General de Administración - AABE,205 - Agencia de Administración de Bienes del Estado,2026-10-10T18:29:42.593082
392-0029-SPU24,EX-2024-17674278-   -APN-DCCYS#AABE,Venta de vehículo MARCA PEUGEOT MODELO 407 SV SPORT V6 TIPTRONIC DOMINIO HDW585 AÑO 2008 Km 124.862,Subasta Pública,09/04/2024 12:00 Hrs.,Adjudicado,392/000 - Dirección General de Administración - AABE,205 - Agencia de Administración de Bienes del Estado,2026-10-10T18:29:42.593082
392-0030-CDI22,EX-2022-128679646-   -APN-DCCYS#AABE,Contratación de Seguro para vehículos decomisados bajo custodia de AABE.,Contratación Directa,06/02/2023 10:00 Hrs.,Adjudicado,392/000 - Dirección General de Administración - AABE,205 - Agencia de Administración de Bienes del Estado,2026-10-10T18:29:42.593082
392-0030-CDI23,EX-2023-120418190-   -APN-DCCYS#AABE,Contratación de Seguro Automotor para vehículos decomisados bajo custodia de AABE.,Contratación Directa,17/11/2023 12:00 Hrs.,Adjudicado,392/000 - Dirección General de Administración - AABE,205 - Agencia de Administración de Bienes del Estado,2026-10-10T18:29:42.593082
392-0030-SPU24,EX-2024-17717234-   -APN-DCCYS#AABE,"Venta del Vehículo MARCA: VOLKSWAGEN, MODELO: GOL 1.6 SEDAN 5P, DOMINIO: FBS 501, AÑO: 2005",Subasta Pública,12/04/2024 12:00 Hrs.,Adjudicado,392/000 - Dirección General de Administración - AABE,205 - Agencia de Administración de Bienes del Estado,2026-10-10T18:29:42.593082
392-0030-SPU25,EX-2025-05584693-   -APN-DCCYS#AABE,"Venta   inmuebles ubicados en calle Juncal Nº 724 entre calles Basavilbaso y Esmeralda,CABA.",Subasta Pública,28/07/2025 12:00 Hrs.,Dejado Sin Efecto,392/000 - Dirección General de Administración - AABE,205 - Agencia de Administración de Bienes del Estado,2026-10-10T18:29:42.593082
392-0031-CDI22,EX-2022-129868158-   -APN-DCCYS#AABE,Suscripción al servicio del SISTEMA DE INFORMACIÓN LEGAL ONLINE “LA LEY NEXT”.,Contratación Directa,31/01/2023 10:00 Hrs.,Adjudicado,392/000 - Dirección General de Administración - AABE,205 - Agencia de Administración de Bienes del Estado,2026-10-10T18:29:42.593082
392-0031-CDI23,EX-2023-122688443-   -APN-DCCYS#AABE,Contratación de un Seguro de incendios para el inmueble sito en la Av. de los Corrales.,Contratación Directa,27/10/2023 12:00 Hrs.,Adjudicado,392/000 - Dirección General de Administración - AABE,205 - Agencia de Administración de Bienes del Estado,2026-10-10T18:29:42.593082
392-0031-SPU24,EX-2024-17723376-   -APN-DCCYS#AABE,Venta del Vehículo MARCA: PEUGEOT MODELO: 407 SV SPORT V6 TIPTRONIC SEDAN 4 PTAS- DOMINIO: HDM 144,Subasta Pública,11/04/2024 12:00 Hrs.,Fracasado,392/000 - Dirección General de Administración - AABE,205 - Agencia de Administración de Bienes del Estado,2026-10-10T18:29:42.593082
392-0031-SPU25,EX-2025-16355606-   -APN-DCCYS#AABE,"Venta Inmueble ALLAYME Nº 865, CIUDAD DE GUAYMALLÉN, PROVINCIA DE MENDOZA",Subasta Pública,05/08/2025 12:00 Hrs.,Dejado Sin Efecto,392/000 - Dirección General de Administración - AABE,205 - Agencia de Administración de Bienes del Estado,2026-10-10T18:29:42.593082
392-0031-SPU26,EX-2025-105085201-   -APN-DCCYS#AABE,"Venta inmueble sito en la calle Urrutia S/Nº, Localidad y Partido de GENERAL MADARIAGA.",Subasta Pública,25/06/2026 12:00 Hrs.,Dejado Sin Efecto,392/000 - Dirección General de Administración - AABE,205 - Agencia de Administración de Bienes del Estado,2026-10-10T18:29:42.593082
392-0032-CDI23,EX-2023-123587422-   -APN-DCCYS#AABE,Adquisición de extintores y contratación del servicio de recarga y mantenimiento para AABE,Contratación Directa,20/12/2023 12:00 Hrs.,Adjudicado,392/000 - Dirección General de Administración - AABE,205 - Agencia de Administración de Bienes del Estado,2026-10-10T18:29:42.593082
392-0032-SPU25,EX-2025-65128550-   -APN-DCCYS#AABE,Venta   Inmueble Lavalle 605/13/23/27/31/33 esquina Florida 508/12/18/20/24 UF 82 -CABA,Subasta Pública,12/11/2025 12:00 Hrs.,Adjudicado,392/000 - Dirección General de Administración - AABE,205 - Agencia de Administración de Bienes del Estado,2026-10-10T18:29:42.593082
392-0032-SPU26,EX-2025-128016515-   -APN-DCCYS#AABE,"Venta Inmueble calle Juncal N° 847/51,  CIUDAD AUTÓNOMA DE BUENOS AIRES",Subasta Pública,30/06/2026 12:00 Hrs.,Adjudicado,392/000 - Dirección General de Administración - AABE,205 - Agencia de Administración de Bienes del Estado,2026-10-10T18:29:42.593082
392-0033-SPU24,EX-2024-26986431-   -APN-DCCYS#AABE,"Venta de vehículo MARCA: CHEVROLET MODELO: TRACKER FWD LTZ, DOMINIO: POS-040, AÑO 2016",Subasta Pública,10/05/2024 12:00 Hrs.,Adjudicado,392/000 - Dirección General de Administración - AABE,205 - Agencia de Administración de Bienes del Estado,2026-10-10T18:29:42.593082
392-0033-SPU25,EX-2025-65323227-   -APN-DCCYS#AABE,"Venta Inmueble Calle Lavalle N° 605/13/23/27/31/33, esquina Florida 502/08/12/18/20/24 UF 105. CABA",Subasta Pública,11/11/2025 12:00 Hrs.,Desierto,392/000 - Dirección General de Administración - AABE,205 - Agencia de Administración de Bienes del Estado,2026-10-10T18:29:42.593082
392-0034-CDI22,EX-2022-137174987-   -APN-DCCYS#AABE,Contratación de un servicio integral de logística y volquetes,Contratación Directa,24/04/2023 10:00 Hrs.,Adjudicado,392/000 - Dirección General de Administración - AABE,205 - Agencia de Administración de Bienes del Estado,2026-10-10T18:29:42.593082
392-0034-SPU24,EX-2024-27594517-   -APN-DCCYS#AABE,"Venta del Vehículo: FIAT- SIENA 1.4 ATTRACTIVE ACTIVE SEDAN, DOMINIO:JAS-834,AÑO: 2010, KM: 73.036",Subasta Pública,14/06/2024 12:00 Hrs.,Adjudicado,392/000 - Dirección General de Administración - AABE,205 - Agencia de Administración de Bienes del Estado,2026-10-10T18:29:42.593082
392-0034-SPU26,EX-2026-12069997-   -APN-DCCYS#AABE,"Calle sin nombre y Río Paraná de las Palmas, Localidad y Partido de CAMPANA.",Subasta Pública,29/06/2026 12:00 Hrs.,Adjudicado,392/000 - Dirección General de Administración - AABE,205 - Agencia de Administración de Bienes del Estado,2026-10-10T18:29:42.593082
392-0035-CDI22,EX-2022-140340410-   -APN-DCCYS#AABE,Contratación del Servicio Adicional de Seguridad por parte de la Gendarmería Nacional.,Contratación Directa,17/02/2023 10:00 Hrs.,Dejado Sin Efecto,392/000 - Dirección General de Administración - AABE,205 - Agencia de Administración de Bienes del Estado,2026-10-10T18:29:42.593082
392-0035-SPU24,EX-2024-28872125-   -APN-DCCYS#AABE,"Venta de vehículo BMW Modelo: Z4 2.8i, Dominio: MAQ- 462, Año: 2013",Subasta Pública,10/09/2024 12:00 Hrs.,Desierto,392/000 - Dirección General de Administración - AABE,205 - Agencia de Administración de Bienes del Estado,2026-10-10T18:29:42.593082
392-0035-SPU25,EX-2025-67390600-   -APN-DCCYS#AABE,VENTA EN LOTE DE 5 VEHICULOS,Subasta Pública,31/10/2025 12:00 Hrs.,Desierto,392/000 - Dirección General de Administración - AABE,205 - Agencia de Administración de Bienes del Estado,2026-10-10T18:29:42.593082
392-0035-SPU26,EX-2026-48890090-   -APN-DCCYS#AABE,Inmuebles Calle 39 S/Nº entre calles 29 y 30 - Parcelas 13 y 14 -  La Plata - Pcia. Buenos Aires -,Subasta Pública,15/07/2026 12:00 Hrs.,Adjudicado,392/000 - Dirección General de Administración - AABE,205 - Agencia de Administración de Bienes del Estado,2026-10-10T18:29:42.593082
392-0036-CDI24,EX-2024-106492486-   -APN-DCCYS#AABE,"Servicio integral de logística de cargas generales, vehículos y volquetes para AABE.",Contratación Directa,18/02/2025 12:00 Hrs.,Adjudicado,392/000 - Dirección General de Administración - AABE,205 - Agencia de Administración de Bienes del Estado,2026-10-10T18:29:42.593082
392-0036-SPU24,EX-2024-29997235-   -APN-DCCYS#AABE,Venta automovil deportivo cupé marca Toyota modelo 86 GT A/T dominio MTZ557,Subasta Pública,12/12/2024 12:00 Hrs.,Desierto,392/000 - Dirección General de Administración - AABE,205 - Agencia de Administración de Bienes del Estado,2026-10-10T18:29:42.593082
392-0036-SPU25,EX-2025-67423726-   -APN-DCCYS#AABE,Venta en Lote de Cinco (5) Vehículos INTI,Subasta Pública,03/11/2025 12:00 Hrs.,Desierto,392/000 - Dirección General de Administración - AABE,205 - Agencia de Administración de Bienes del Estado,2026-10-10T18:29:42.593082
392-0036-SPU26,EX-2025-84051081-   -APN-DCCYS#AABE,"Venta Inmueble calle Teniente General Eustaquio Frías Nº 247/249,CABA.",Subasta Pública,13/07/2026 12:00 Hrs.,Dejado Sin Efecto,392/000 - Dirección General de Administración - AABE,205 - Agencia de Administración de Bienes del Estado,2026-10-10T18:29:42.593082
392-0037-CDI24,EX-2024-85730956-   -APN-DCCYS#AABE,Servicio de reparación y puesta a punto vehículo TOYOTA Modelo HILUX 2.8 CD SRV 177 CV 4x4 para AABE,Contratación Directa,25/10/2024 12:00 Hrs.,Adjudicado con doc. contractuales autorizados,392/000 - Dirección General de Administración - AABE,205 - Agencia de Administración de Bienes del Estado,2026-10-10T18:29:42.593082
392-0037-SPU25,EX-2025-67427868-   -APN-DCCYS#AABE,Venta en Lote de 5 Vehículos- INTI,Subasta Pública,17/09/2025 12:00 Hrs.,Dejado Sin Efecto,392/000 - Dirección General de Administración - AABE,205 - Agencia de Administración de Bienes del Estado,2026-10-10T18:29:42.593082
392-0038-CDI24,EX-2024-106929340-   -APN-DCCYS#AABE,Adquisición de Discos Duros para el Servidor de la AGENCIA DE ADMINISTRACIÓN DE BIENES DEL ESTADO.,Contratación Directa,25/11/2024 12:00 Hrs.,Adjudicado,392/000 - Dirección General de Administración - AABE,205 - Agencia de Administración de Bienes del Estado,2026-10-10T18:29:42.593082
392-0038-SPU24,EX-2024-14940119-   -APN-DCCYS#AABE,Venta de vehículo MARCA CHEVROLET ASTRA GL 2.0 DOMINIO EYL155 - Km 118.234,Subasta Pública,26/06/2024 12:00 Hrs.,Informe de Preselección Autorizado,392/000 - Dirección General de Administración - AABE,205 - Agencia de Administración de Bienes del Estado,2026-10-10T18:29:42.593082
392-0038-SPU25,EX-2025-67429205-   -APN-DCCYS#AABE,Venta en LOTE de CINCO (5) vehiculos,Subasta Pública,04/11/2025 12:00 Hrs.,Desierto,392/000 - Dirección General de Administración - AABE,205 - Agencia de Administración de Bienes del Estado,2026-10-10T18:29:42.593082
392-0039-CDI24,EX-2024-110548168-   -APN-DCCYS#AABE,"Adquisición de un Servidor Rackeable x86 con 128 Gb de memoria RAM,16 TB de almacenamiento para AABE",Contratación Directa,13/12/2024 12:00 Hrs.,Adjudicado,392/000 - Dirección General de Administración - AABE,205 - Agencia de Administración de Bienes del Estado,2026-10-10T18:29:42.593082
392-0039-SPU24,EX-2024-15487362-   -APN-DCCYS#AABE,Venta de vehículo PEUGEOT MODELO: 408 ALLURE + TIPTRONIC 2.0 N - SEDAN 4 PUERTAS - 2011,Subasta Pública,26/07/2024 12:00 Hrs.,Adjudicado,392/000 - Dirección General de Administración - AABE,205 - Agencia de Administración de Bienes del Estado,2026-10-10T18:29:42.593082
392-0039-SPU25,EX-2025-67435284-   -APN-DCCYS#AABE,Venta en LOTE de CINCO (5) vehiculos LOTE 2,Subasta Pública,05/11/2025 12:00 Hrs.,Desierto,392/000 - Dirección General de Administración - AABE,205 - Agencia de Administración de Bienes del Estado,2026-10-10T18:29:42.593082
392-0040-SPU24,EX-2024-36108176-   -APN-DCCYS#AABE,"Venta de vehículo: VOLKSWAGEN, MODELO: PASSAT V6 FSI 4 MOTION, DOMINIO: KJE-259",Subasta Pública,04/07/2024 12:00 Hrs.,Dejado Sin Efecto,392/000 - Dirección General de Administración - AABE,205 - Agencia de Administración de Bienes del Estado,2026-10-10T18:29:42.593082
392-0040-SPU25,EX-2025-67442037-   -APN-DCCYS#AABE,Venta en LOTE de CINCO (5) vehículos- LOTE N° 1,Subasta Pública,18/09/2025 12:00 Hrs.,Dejado Sin Efecto,392/000 - Dirección General de Administración - AABE,205 - Agencia de Administración de Bienes del Estado,2026-10-10T18:29:42.593082
392-0041-CDI24,EX-2024-114240531-   -APN-DCCYS#AABE,Adquisición de UNA (1) UPS para la AGENCIA DE ADMINISTRACIÓN DE BIENES DEL ESTADO.,Contratación Directa,23/12/2024 12:00 Hrs.,Adjudicado,392/000 - Dirección General de Administración - AABE,205 - Agencia de Administración de Bienes del Estado,2026-10-10T18:29:42.593082
392-0041-SPU24,EX-2024-36210557-   -APN-DCCYS#AABE,Venta automovil Marca Renault Modelo Trafic Tipo Furgón Dominio AUL898,Subasta Pública,09/09/2024 12:00 Hrs.,Dejado Sin Efecto,392/000 - Dirección General de Administración - AABE,205 - Agencia de Administración de Bienes del Estado,2026-10-10T18:29:42.593082
392-0041-SPU25,EX-2025-67712327-   -APN-DCCYS#AABE,Venta de Lote de cinco Vehículos,Subasta Pública,10/11/2025 12:00 Hrs.,Desierto,392/000 - Dirección General de Administración - AABE,205 - Agencia de Administración de Bienes del Estado,2026-10-10T18:29:42.593082
392-0042-CDI24,EX-2024-122329244-   -APN-DCCYS#AABE,Adquisición y colocación de Carteles Publicitarios para el AABE,Contratación Directa,13/01/2025 12:00 Hrs.,Dejado Sin Efecto,392/000 - Dirección General de Administración - AABE,205 - Agencia de Administración de Bienes del Estado,2026-10-10T18:29:42.593082
392-0042-SPU24,EX-2024-15739984-   -APN-DCCYS#AABE,Venta automovil Renault Clio F2 RN 1.6 EXPRESSION Dominio EZK320,Subasta Pública,13/03/2025 12:00 Hrs.,Adjudicado,392/000 - Dirección General de Administración - AABE,205 - Agencia de Administración de Bienes del Estado,2026-10-10T18:29:42.593082
392-0042-SPU25,EX-2025-67972573-   -APN-DCCYS#AABE,Venta en lote de TRES (3) VEHICULOS INTI,Subasta Pública,24/10/2025 12:00 Hrs.,Dejado Sin Efecto,392/000 - Dirección General de Administración - AABE,205 - Agencia de Administración de Bienes del Estado,2026-10-10T18:29:42.593082
392-0043-SPU24,EX-2024-40030752-   -APN-DCCYS#AABE,Venta Vehículo Marca: Ford Eco Sport Titanium - Año 2013 - Dominio: NKQ 774,Subasta Pública,06/08/2024 12:00 Hrs.,Pendiente de Inicio Subasta,392/000 - Dirección General de Administración - AABE,205 - Agencia de Administración de Bienes del Estado,2026-10-10T18:29:42.593082
392-0043-SPU25,EX-2025-70207489-   -APN-DCCYS#AABE,Inmuebles Calle 39 S/Nº entre calles 29 y 30 - Parcelas 13 y 14 -  La Plata - Pcia. Buenos Aires -,Subasta Pública,21/08/2025 12:00 Hrs.,Dejado Sin Efecto,392/000 - Dirección General de Administración - AABE,205 - Agencia de Administración de Bienes del Estado,2026-10-10T18:29:42.593082
392-0044-CDI24,EX-2024-124274474-   -APN-DCCYS#AABE,Servicio de medicina laboral y control de ausentismo para la AABE.,Contratación Directa,16/05/2025 12:00 Hrs.,Adjudicado,392/000 - Dirección General de Administración - AABE,205 - Agencia de Administración de Bienes del Estado,2026-10-10T18:29:42.593082
392-0044-SPU24,EX-2024-40037941-   -APN-DCCYS#AABE,"Venta de vehículo MARCA: VOLKSWAGEN, MODELO: SURAN, RUBRO: AUTO, AÑO: 2011, DOMINIO: KNQ556.",Subasta Pública,23/09/2024 12:00 Hrs.,Adjudicado,392/000 - Dirección General de Administración - AABE,205 - Agencia de Administración de Bienes del Estado,2026-10-10T18:29:42.593082
392-0045-SPU24,EX-2024-40099358-   -APN-DCCYS#AABE,"VENTA DE VEHICULO: MARCA: FORD, MODELO: FOCUS GHIA 2.0 SEDAN 4 PUERTAS, DOMINIO: 2005, KM: 90.000",Subasta Pública,31/07/2024 12:00 Hrs.,Desierto,392/000 - Dirección General de Administración - AABE,205 - Agencia de Administración de Bienes del Estado,2026-10-10T18:29:42.593082
392-0046-SPU24,EX-2024-40246354-   -APN-DCCYS#AABE,"Venta Vehículo Marca: VOLKWAGEN BORA, DOMINIO: JFJ 130- AÑO: 2010",Subasta Pública,30/09/2024 12:00 Hrs.,Adjudicado,392/000 - Dirección General de Administración - AABE,205 - Agencia de Administración de Bienes del Estado,2026-10-10T18:29:42.593082
392-0046-SPU25,EX-2025-73218220-   -APN-DCCYS#AABE,Venta Inmueble Valentín Gómez Nª 2.960/62/64 - CABA -,Subasta Pública,18/09/2025 12:00 Hrs.,Dejado Sin Efecto,392/000 - Dirección General de Administración - AABE,205 - Agencia de Administración de Bienes del Estado,2026-10-10T18:29:42.593082
392-0046-SPU26,EX-2025-105797393-   -APN-DCCYS#AABE,Venta en Bloque Inmuebles sito en Av. Córdoba 948/58,Subasta Pública,22/07/2026 12:00 Hrs.,Desierto,392/000 - Dirección General de Administración - AABE,205 - Agencia de Administración de Bienes del Estado,2026-10-10T18:29:42.593082
392-0047-CDI24,EX-2024-140599217-   -APN-DCCYS#AABE,Concesión de Uso del inmueble que se encuentra ubicado en la calle Lafinur Nº 2.988 -CABA -,Contratación Directa,16/04/2025 12:00 Hrs.,Adjudicado,392/000 - Dirección General de Administración - AABE,205 - Agencia de Administración de Bienes del Estado,2026-10-10T18:29:42.593082
392-0047-SPU25,EX-2025-73326326-   -APN-DCCYS#AABE,Venta LOTE 4 vehículos,Subasta Pública,23/06/2026 12:00 Hrs.,Disponible Para Adjudicar,392/000 - Dirección General de Administración - AABE,205 - Agencia de Administración de Bienes del Estado,2026-10-10T18:29:42.593082
392-0048-SPU25,EX-2025-73512759-   -APN-DCCYS#AABE,Venta en LOTE de CUATRO (4) vehículos INAES - LOTE N° 2,Subasta Pública,24/06/2026 12:00 Hrs.,Fracasado,392/000 - Dirección General de Administración - AABE,205 - Agencia de Administración de Bienes del Estado,2026-10-10T18:29:42.593082
392-0048-SPU26,EX-2026-54113909-   -APN-DCCYS#AABE,Venta Inmueble Avenida Córdoba Nª 5.405/11 - CIUDAD AUTÓNOMA DE BUENOS AIRES -,Subasta Pública,27/08/2026 12:00 Hrs.,En Evaluacion,392/000 - Dirección General de Administración - AABE,205 - Agencia de Administración de Bienes del Estado,2026-10-10T18:29:42.593082
392-0049-SPU24,EX-2024-42297056-   -APN-DCCYS#AABE,"Venta vehículo MARCA: FORD, MODELO: MONDEO, RUBRO: AUTO, AÑO: 2005, DOMINIO: EYZ480.",Subasta Pública,28/11/2024 12:00 Hrs.,Adjudicado,392/000 - Dirección General de Administración - AABE,205 - Agencia de Administración de Bienes del Estado,2026-10-10T18:29:42.593082
392-0049-SPU25,EX-2025-73764637-   -APN-DCCYS#AABE,VENTA EN LOTE DE 5 VEHICULOS,Subasta Pública,11/06/2026 12:00 Hrs.,En Evaluacion,392/000 - Dirección General de Administración - AABE,205 - Agencia de Administración de Bienes del Estado,2026-10-10T18:29:42.593082
392-0049-SPU26,EX-2026-54543801-   -APN-DCCYS#AABE,"Venta  Inmueble  Avenida Presidente Juan Domingo Perón S/N°, entre calle Yapeyú, PERGAMINO.",Subasta Pública,05/08/2026 12:00 Hrs.,Desierto,392/000 - Dirección General de Administración - AABE,205 - Agencia de Administración de Bienes del Estado,2026-10-10T18:29:42.593082
392-0050-SPU24,EX-2024-42409059-   -APN-DCCYS#AABE,"Venta del Vehículo: FORD, MODELO: F-150, DOMINIO: BHI-290, AÑO: 1996, KM: 1888.8",Subasta Pública,29/07/2024 12:00 Hrs.,Adjudicado,392/000 - Dirección General de Administración - AABE,205 - Agencia de Administración de Bienes del Estado,2026-10-10T18:29:42.593082
392-0050-SPU25,EX-2025-74062446-   -APN-DCCYS#AABE,VENTA EN LOTE DE 4 VEHICULOS INAES (LOTE Nº1),Subasta Pública,22/06/2026 12:00 Hrs.,Fracasado,392/000 - Dirección General de Administración - AABE,205 - Agencia de Administración de Bienes del Estado,2026-10-10T18:29:42.593082
392-0052-SPU24,EX-2024-14495153-   -APN-DCCYS#AABE,"Venta del Vehículo: FORD, MODELO: FOCUS EDGE 5P 1.8 LN, DOMINIO: EXU- 771, AÑO: 2005, KM: 163.024",Subasta Pública,26/12/2024 12:00 Hrs.,Adjudicado,392/000 - Dirección General de Administración - AABE,205 - Agencia de Administración de Bienes del Estado,2026-10-10T18:29:42.593082
392-0052-SPU26,EX-2025-105276431-   -APN-DCCYS#AABE,"Venta Inmueble sito en Francisco Acuña de Figueroa N° 981, de la CIUDAD AUTÓNOMA DE BUENOS AIRES.",Subasta Pública,17/09/2026 12:00 Hrs.,Desierto,392/000 - Dirección General de Administración - AABE,205 - Agencia de Administración de Bienes del Estado,2026-10-10T18:29:42.593082
392-0053-SPU24,EX-2024-43790753-   -APN-DCCYS#AABE,Venta Vehículo PEUGEOT PARTNER - DOMINIO MCK 939 - Año: 2013,Subasta Pública,01/09/2026 12:00 Hrs.,Desierto,392/000 - Dirección General de Administración - AABE,205 - Agencia de Administración de Bienes del Estado,2026-10-10T18:29:42.593082
392-0053-SPU26,EX-2026-58277560-   -APN-DCCYS#AABE,"Venta Inmueble sito en Valentín Gómez Nº 2960/62/64, CIUDAD AUTONOMA DE BUENOS AIRES.",Subasta Pública,24/08/2026 12:00 Hrs.,Desierto,392/000 - Dirección General de Administración - AABE,205 - Agencia de Administración de Bienes del Estado,2026-10-10T18:29:42.593082
392-0055-SPU25,EX-2025-84051081-   -APN-DCCYS#AABE,"Venta Inmueble calle Teniente General Eustaquio Frías Nº 247/249,CABA.",Subasta Pública,25/09/2025 12:00 Hrs.,Dejado Sin Efecto,392/000 - Dirección General de Administración - AABE,205 - Agencia de Administración de Bienes del Estado,2026-10-10T18:29:42.593082
392-0056-SPU25,EX-2025-84700588-   -APN-DCCYS#AABE,"FORD VAN, AÑO: 1997, DOMINIO: KOS551 (INAES)",Subasta Pública,23/09/2026 12:00 Hrs.,En Evaluacion,392/000 - Dirección General de Administración - AABE,205 - Agencia de Administración de Bienes del Estado,2026-10-10T18:29:42.593082
392-0057-SPU24,EX-2024-15975291-   -APN-DCCYS#AABE,Venta del Vehículo RENAULT KANGOO AUTHENTIQUE - DOMINIO FQD 748 -  AÑO 2005,Subasta Pública,20/03/2025 12:00 Hrs.,Adjudicado,392/000 - Dirección General de Administración - AABE,205 - Agencia de Administración de Bienes del Estado,2026-10-10T18:29:42.593082
392-0057-SPU25,EX-2025-87050846-   -APN-DCCYS#AABE,Venta lote 5 vehículos,Subasta Pública,06/11/2025 12:00 Hrs.,Adjudicado,392/000 - Dirección General de Administración - AABE,205 - Agencia de Administración de Bienes del Estado,2026-10-10T18:29:42.593082
392-0058-SPU24,EX-2024-45521270-   -APN-DCCYS#AABE,"Venta del Vehículo: VOLKSWAGEN, MODELO: PASSAT, DOMINIO: JGU- 020, AÑO: 2010.",Subasta Pública,28/10/2024 12:00 Hrs.,Desierto,392/000 - Dirección General de Administración - AABE,205 - Agencia de Administración de Bienes del Estado,2026-10-10T18:29:42.593082
392-0058-SPU25,EX-2025-87109454-   -APN-DCCYS#AABE,LOTE 2 CINCO (5) vehículos SGP,Subasta Pública,19/11/2025 12:00 Hrs.,Dejado Sin Efecto,392/000 - Dirección General de Administración - AABE,205 - Agencia de Administración de Bienes del Estado,2026-10-10T18:29:42.593082
392-0059-SPU25,EX-2025-87143840-   -APN-DCCYS#AABE,LOTE 9 CINCO (5) vehículos SGP,Subasta Pública,17/11/2025 12:00 Hrs.,Adjudicado,392/000 - Dirección General de Administración - AABE,205 - Agencia de Administración de Bienes del Estado,2026-10-10T18:29:42.593082
392-0060-SPU25,EX-2025-87730234-   -APN-DCCYS#AABE,"Venta   inmueble sito en la Avenida Del Mar, Avenida De los Tritones, Avenida Eolo PINAMAR.",Subasta Pública,22/09/2025 12:00 Hrs.,Dejado Sin Efecto,392/000 - Dirección General de Administración - AABE,205 - Agencia de Administración de Bienes del Estado,2026-10-10T18:29:42.593082
392-0062-SPU24,EX-2024-15732558-   -APN-DCCYS#AABE,"Venta de Vehículo Marca: CHEVROLET ASTRA GL 2.0, Año: 2005",Subasta Pública,06/01/2025 12:00 Hrs.,Adjudicado,392/000 - Dirección General de Administración - AABE,205 - Agencia de Administración de Bienes del Estado,2026-10-10T18:29:42.593082
392-0062-SPU25,EX-2025-88931158-   -APN-DCCYS#AABE,"Venta Inmueble calle Tucumán N° 539, Capital, Provincia de CÓRDOBA.",Subasta Pública,20/10/2025 12:00 Hrs.,Dejado Sin Efecto,392/000 - Dirección General de Administración - AABE,205 - Agencia de Administración de Bienes del Estado,2026-10-10T18:29:42.593082
392-0064-SPU25,EX-2025-91083958-   -APN-DCCYS#AABE,"Venta Inmueble Av.Cerviño Nº 4.820/50, esq. Avenida Bullrich Nº 345, CABA",Subasta Pública,29/09/2025 12:00 Hrs.,Adjudicado,392/000 - Dirección General de Administración - AABE,205 - Agencia de Administración de Bienes del Estado,2026-10-10T18:29:42.593082
392-0065-SPU25,EX-2025-91491692-   -APN-DCCYS#AABE,Venta en LOTE de CINCO (5) vehiculos,Subasta Pública,16/10/2025 12:00 Hrs.,Dejado Sin Efecto,392/000 - Dirección General de Administración - AABE,205 - Agencia de Administración de Bienes del Estado,2026-10-10T18:29:42.593082
392-0066-SPU24,EX-2024-14459352-   -APN-DCCYS#AABE,"Venta Vehículo Marca: CHEVROLET, Modelo: ASTRA GL 2.0  Dominio: EXO-039, Año: 2005 KM 135.250",Subasta Pública,16/09/2024 12:00 Hrs.,Adjudicado,392/000 - Dirección General de Administración - AABE,205 - Agencia de Administración de Bienes del Estado,2026-10-10T18:29:42.593082
392-0066-SPU25,EX-2025-92085089-   -APN-DCCYS#AABE,Venta Inmueble Av. Salvador María del Carril N° º 3.744/46 de la CIUDAD AUTÓNOMA DE BUENOS AIRES.,Subasta Pública,13/10/2025 12:00 Hrs.,Dejado Sin Efecto,392/000 - Dirección General de Administración - AABE,205 - Agencia de Administración de Bienes del Estado,2026-10-10T18:29:42.593082
392-0067-SPU24,EX-2024-14460210-   -APN-DCCYS#AABE,"Venta de vehículo MARCA: TOYOTA, MODELO: COROLLA, DOMINIO: EWI-537, AÑO: 2005.",Subasta Pública,29/11/2024 12:00 Hrs.,Adjudicado,392/000 - Dirección General de Administración - AABE,205 - Agencia de Administración de Bienes del Estado,2026-10-10T18:29:42.593082
392-0067-SPU25,EX-2025-92678514-   -APN-DCCYS#AABE,"Venta Inmueble Calle 45 S/Nº y Calle 2 S/Nº, LA PLATA,  PROVINCIA DE  BUENOS AIRES",Subasta Pública,06/10/2025 12:00 Hrs.,Dejado Sin Efecto,392/000 - Dirección General de Administración - AABE,205 - Agencia de Administración de Bienes del Estado,2026-10-10T18:29:42.593082
392-0069-SPU25,EX-2025-70207489-   -APN-DCCYS#AABE,Inmuebles Calle 39 S/Nº entre calles 29 y 30 - Parcelas 13 y 14 -  La Plata - Pcia. Buenos Aires -,Subasta Pública,20/11/2025 12:00 Hrs.,Dejado Sin Efecto,392/000 - Dirección General de Administración - AABE,205 - Agencia de Administración de Bienes del Estado,2026-10-10T18:29:42.593082
392-0071-SPU25,EX-2025-05584693-   -APN-DCCYS#AABE,"Venta   inmuebles ubicados en calle Juncal Nº 724 entre calles Basavilbaso y Esmeralda,CABA.",Subasta Pública,07/10/2025 12:00 Hrs.,Adjudicado,392/000 - Dirección General de Administración - AABE,205 - Agencia de Administración de Bienes del Estado,2026-10-10T18:29:42.593082
392-0072-SPU24,EX-2024-53144558-   -APN-DCCYS#AABE,Venta de vehículo MARCA: VOLKSWAGEN MODELO: VOYAGE AÑO: 2011 DOMINIO: KEA858,Subasta Pública,18/10/2024 12:00 Hrs.,Adjudicado,392/000 - Dirección General de Administración - AABE,205 - Agencia de Administración de Bienes del Estado,2026-10-10T18:29:42.593082
392-0072-SPU25,EX-2025-96918890-   -APN-DCCYS#AABE,Venta en LOTE de CINCO (5) vehículos - LOTE 5 SGP,Subasta Pública,12/02/2026 12:00 Hrs.,Dejado Sin Efecto,392/000 - Dirección General de Administración - AABE,205 - Agencia de Administración de Bienes del Estado,2026-10-10T18:29:42.593082
392-0073-SPU25,EX-2025-99420521-   -APN-DCCYS#AABE,Venta en LOTE de TRES (3) vehículos- LOTE N° 9 SENNAF,Subasta Pública,21/05/2026 12:00 Hrs.,Desierto,392/000 - Dirección General de Administración - AABE,205 - Agencia de Administración de Bienes del Estado,2026-10-10T18:29:42.593082
392-0074-SPU25,EX-2025-99420636-   -APN-DCCYS#AABE,Venta en LOTE  de CINCO (5) vechiculos,Subasta Pública,27/04/2026 12:00 Hrs.,Fracasado,392/000 - Dirección General de Administración - AABE,205 - Agencia de Administración de Bienes del Estado,2026-10-10T18:29:42.593082
392-0075-SPU25,EX-2025-99436312-   -APN-DCCYS#AABE,VENTA DE 5 VEHICULOS- LOTE Nº6 -SENNAF,Subasta Pública,20/05/2026 12:00 Hrs.,Desierto,392/000 - Dirección General de Administración - AABE,205 - Agencia de Administración de Bienes del Estado,2026-10-10T18:29:42.593082
392-0075-SPU26,EX-2026-69616120-   -APN-DCCYS#AABE,Venta Inmueble Santos Dumont Nº 2.677 - CIUDAD AUTÓNOMA DE BUENOS AIRES,Subasta Pública,18/09/2026 12:00 Hrs.,En Evaluacion,392/000 - Dirección General de Administración - AABE,205 - Agencia de Administración de Bienes del Estado,2026-10-10T18:29:42.593082
392-0076-SPU25,EX-2025-99445091-   -APN-DCCYS#AABE,VENTA DE 5 VEHICULOS- LOTE Nº8-SENNAF,Subasta Pública,27/04/2026 12:00 Hrs.,Fracasado,392/000 - Dirección General de Administración - AABE,205 - Agencia de Administración de Bienes del Estado,2026-10-10T18:29:42.593082
392-0076-SPU26,EX-2025-84051081-   -APN-DCCYS#AABE,"Venta Inmueble calle Teniente General Eustaquio Frías Nº 247/249,CABA.",Subasta Pública,21/09/2026 12:00 Hrs.,En Evaluacion,392/000 - Dirección General de Administración - AABE,205 - Agencia de Administración de Bienes del Estado,2026-10-10T18:29:42.593082
392-0078-SPU24,EX-2024-56417999-   -APN-DCCYS#AABE,Venta del Inmueble sito en Avenida. Salvador María del Carril Nº 3.744/46 - C.A.B.A.,Subasta Pública,01/08/2024 12:00 Hrs.,Dejado Sin Efecto,392/000 - Dirección General de Administración - AABE,205 - Agencia de Administración de Bienes del Estado,2026-10-10T18:29:42.593082
392-0079-SPU24,EX-2024-56537533-   -APN-DCCYS#AABE,"Venta de inmueble sito en Andonaegui N° 2966/68/70 -  Villa Urquiza, C.A.B.A.",Subasta Pública,12/08/2024 12:00 Hrs.,Adjudicado,392/000 - Dirección General de Administración - AABE,205 - Agencia de Administración de Bienes del Estado,2026-10-10T18:29:42.593082
392-0079-SPU25,EX-2025-100383980-   -APN-DCCYS#AABE,"Venta de UN (1) vehículo propiedad de la Secretaría Nacional de Niñez, Adolescencia y Familia SENNAF",Subasta Pública,22/05/2026 12:00 Hrs.,Desierto,392/000 - Dirección General de Administración - AABE,205 - Agencia de Administración de Bienes del Estado,2026-10-10T18:29:42.593082
392-0080-SPU24,EX-2024-58351908-   -APN-DCCYS#AABE,"Venta de inmueble sito en Dr. Pedro Ignacio Rivera Nº 5761/63/65/67/69, C.A.B.A.",Subasta Pública,09/09/2024 12:00 Hrs.,Dejado Sin Efecto,392/000 - Dirección General de Administración - AABE,205 - Agencia de Administración de Bienes del Estado,2026-10-10T18:29:42.593082
392-0081-SPU24,EX-2024-58501849-   -APN-DCCYS#AABE,"Venta del inmueble ubicado en   Av. Melián N.º 2157/59 entre Mendoza y Juramento, de CABA.",Subasta Pública,19/08/2024 12:00 Hrs.,Adjudicado,392/000 - Dirección General de Administración - AABE,205 - Agencia de Administración de Bienes del Estado,2026-10-10T18:29:42.593082
392-0084-SPU25,EX-2025-105085201-   -APN-DCCYS#AABE,"Venta inmueble sito en la calle Urrutia S/Nº, Localidad y Partido de GENERAL MADARIAGA.",Subasta Pública,16/10/2025 12:00 Hrs.,Dejado Sin Efecto,392/000 - Dirección General de Administración - AABE,205 - Agencia de Administración de Bienes del Estado,2026-10-10T18:29:42.593082
392-0085-SPU25,EX-2025-105120020-   -APN-DCCYS#AABE,Venta en LOTE de CINCO (5) vehículos - LOTE 3 SGP,Subasta Pública,18/02/2026 12:00 Hrs.,Dejado Sin Efecto,392/000 - Dirección General de Administración - AABE,205 - Agencia de Administración de Bienes del Estado,2026-10-10T18:29:42.593082
392-0086-SPU25,EX-2025-105276431-   -APN-DCCYS#AABE,Venta Inmueble Francisco Acuña de Figueroa N° 981 - CIUDAD AUTÓNOMA DE BUENOS AIRES,Subasta Pública,13/11/2025 12:00 Hrs.,Dejado Sin Efecto,392/000 - Dirección General de Administración - AABE,205 - Agencia de Administración de Bienes del Estado,2026-10-10T18:29:42.593082
392-0087-SPU24,EX-2024-69850316-   -APN-DCCYS#AABE,"Venta Andonaegui N° 3365/67, Piso 1° D y Cochera N° 2 (UF 4 y  1/6  de la UC I GUARDA COCHE - CABA -",Subasta Pública,22/08/2024 12:00 Hrs.,Dejado Sin Efecto,392/000 - Dirección General de Administración - AABE,205 - Agencia de Administración de Bienes del Estado,2026-10-10T18:29:42.593082
392-0087-SPU25,EX-2025-105797393-   -APN-DCCYS#AABE,Venta en Bloque Inmuebles sito en Av. Córdoba 948/58,Subasta Pública,19/11/2025 12:00 Hrs.,Dejado Sin Efecto,392/000 - Dirección General de Administración - AABE,205 - Agencia de Administración de Bienes del Estado,2026-10-10T18:29:42.593082
392-0089-SPU25,EX-2025-73218220-   -APN-DCCYS#AABE,Venta Inmueble Valentín Gómez Nª 2.960/62/64 - CABA -,Subasta Pública,25/11/2025 12:00 Hrs.,Dejado Sin Efecto,392/000 - Dirección General de Administración - AABE,205 - Agencia de Administración de Bienes del Estado,2026-10-10T18:29:42.593082
392-0090-SPU24,EX-2024-83891569-   -APN-DCCYS#AABE,"Venta del Vehículo: FIAT- STRADA WORKING 1.4, TIPO PICK UP, DOMINIO: AA382AQ, AÑO: 2016,KM: 123.626",Subasta Pública,17/09/2024 12:00 Hrs.,Adjudicado,392/000 - Dirección General de Administración - AABE,205 - Agencia de Administración de Bienes del Estado,2026-10-10T18:29:42.593082
392-0090-SPU25,EX-2025-110987631-   -APN-DCCYS#AABE,"Venta en bloque de los inmuebles sitos en Fray Justo Santa María De Oro N° 2245 y N° 2251, CABA.",Subasta Pública,20/11/2025 12:00 Hrs.,Adjudicado,392/000 - Dirección General de Administración - AABE,205 - Agencia de Administración de Bienes del Estado,2026-10-10T18:29:42.593082
392-0091-SPU24,EX-2024-83899508-   -APN-DCCYS#AABE,"Venta del Vehículo: CITROEN, BERLINGO FURGON HDI 92 BUSINESS MIXTO, DOMINIO: AC177PT, AÑO: 2017",Subasta Pública,25/10/2024 12:00 Hrs.,Adjudicado,392/000 - Dirección General de Administración - AABE,205 - Agencia de Administración de Bienes del Estado,2026-10-10T18:29:42.593082
392-0091-SPU25,EX-2025-111069894-   -APN-DCCYS#AABE,Venta en LOTE de TRES (3) vehículos - LOTE 4 SGP,Subasta Pública,20/02/2026 12:00 Hrs.,Adjudicado,392/000 - Dirección General de Administración - AABE,205 - Agencia de Administración de Bienes del Estado,2026-10-10T18:29:42.593082
392-0092-SPU24,EX-2024-86223061-   -APN-DCCYS#AABE,"Venta inmueble sito en la calle Cajaravilla N.º 4726/28, de la CIUDAD AUTÓNOMA DE BUENOS AIRES",Subasta Pública,24/10/2024 12:00 Hrs.,Dejado Sin Efecto,392/000 - Dirección General de Administración - AABE,205 - Agencia de Administración de Bienes del Estado,2026-10-10T18:29:42.593082
392-0092-SPU25,EX-2025-111587521-   -APN-DCCYS#AABE,Venta de Lote de DOS (2) vehiculos,Subasta Pública,20/07/2026 12:00 Hrs.,Desierto,392/000 - Dirección General de Administración - AABE,205 - Agencia de Administración de Bienes del Estado,2026-10-10T18:29:42.593082
392-0093-SPU24,EX-2024-88895319-   -APN-DCCYS#AABE,Venta inmueble Monroe Nº 4.595/99 - C.A.B.A.,Subasta Pública,05/11/2024 12:00 Hrs.,Dejado Sin Efecto,392/000 - Dirección General de Administración - AABE,205 - Agencia de Administración de Bienes del Estado,2026-10-10T18:29:42.593082
392-0093-SPU25,EX-2025-84051081-   -APN-DCCYS#AABE,"Venta Inmueble calle Teniente General Eustaquio Frías Nº 247/249,CABA.",Subasta Pública,05/02/2026 12:00 Hrs.,Dejado Sin Efecto,392/000 - Dirección General de Administración - AABE,205 - Agencia de Administración de Bienes del Estado,2026-10-10T18:29:42.593082
392-0094-SPU24,EX-2024-89536257-   -APN-DCCYS#AABE,"Venta vehículo: MARCA: RENAULT MODELO: KANGOO PLUS 1.6 2P, SEDAN 5 PUERTAS, AÑO:2017, KM: 143.309",Subasta Pública,25/03/2025 12:00 Hrs.,Adjudicado,392/000 - Dirección General de Administración - AABE,205 - Agencia de Administración de Bienes del Estado,2026-10-10T18:29:42.593082
392-0094-SPU25,EX-2025-114472405-   -APN-DCCYS#AABE,Venta de Lote de cuatro Vehículos,Subasta Pública,23/02/2026 12:00 Hrs.,Adjudicado,392/000 - Dirección General de Administración - AABE,205 - Agencia de Administración de Bienes del Estado,2026-10-10T18:29:42.593082
392-0095-SPU24,EX-2024-89551708-   -APN-DCCYS#AABE,"Venta Vehículo: MARCA: FIAT, TORO FREEDOM 2.0 16V 4X4, PICK UP CABINA DOBLE, AÑO: 2017, KM 140.192",Subasta Pública,26/03/2025 12:00 Hrs.,Adjudicado,392/000 - Dirección General de Administración - AABE,205 - Agencia de Administración de Bienes del Estado,2026-10-10T18:29:42.593082
392-0095-SPU26,EX-2026-82306251-   -APN-DCCYS#AABE,"Inmueble sito en Lavalle Nº 658/62/66, 5º Piso, UF 309, entre calles Maipú y Florida, CABA",Subasta Pública,09/10/2026 12:00 Hrs.,En Apertura,392/000 - Dirección General de Administración - AABE,205 - Agencia de Administración de Bienes del Estado,2026-10-10T18:29:42.593082
392-0096-SPU24,EX-2024-89829381-   -APN-DCCYS#AABE,"Venta Vehículo: MARCA: CHEVROLET, MODELO: CAPTIVA LT 2.2 D M/T, TODO TERRENO, KM: 195.935, AÑO: 2014",Subasta Pública,06/05/2025 12:00 Hrs.,Fracasado,392/000 - Dirección General de Administración - AABE,205 - Agencia de Administración de Bienes del Estado,2026-10-10T18:29:42.593082
392-0096-SPU25,EX-2025-92678514-   -APN-DCCYS#AABE,"Venta Inmueble Calle 45 S/Nº y Calle 2 S/Nº, LA PLATA,  PROVINCIA DE  BUENOS AIRES",Subasta Pública,30/01/2026 12:00 Hrs.,Desierto,392/000 - Dirección General de Administración - AABE,205 - Agencia de Administración de Bienes del Estado,2026-10-10T18:29:42.593082
392-0097-SPU24,EX-2024-90086508-   -APN-DCCYS#AABE,"Venta del Vehículo: FIAT, TORO FREEDOM 2.0 CABINA DOBLE, DOMINIO: AB332XD, AÑO: 2017, KM: 173.068",Subasta Pública,17/03/2025 12:00 Hrs.,En Evaluacion,392/000 - Dirección General de Administración - AABE,205 - Agencia de Administración de Bienes del Estado,2026-10-10T18:29:42.593082
392-0097-SPU25,EX-2025-87730234-   -APN-DCCYS#AABE,"Venta inmueble sito en Av del mar, Av de los Tritones Av Eolo y calle sin nombre, localidad PINAMAR.",Subasta Pública,29/01/2026 12:00 Hrs.,Dejado Sin Efecto,392/000 - Dirección General de Administración - AABE,205 - Agencia de Administración de Bienes del Estado,2026-10-10T18:29:42.593082
392-0098-SPU24,EX-2024-90097574-   -APN-DCCYS#AABE,"Venta del Vehículo: FORD RANGER DC 4X4 PLUS 3.0 CAB. DOBLE, DOMINIO: LDT363, AÑO: 2012, KM: 256.986",Subasta Pública,11/03/2025 12:00 Hrs.,Adjudicado,392/000 - Dirección General de Administración - AABE,205 - Agencia de Administración de Bienes del Estado,2026-10-10T18:29:42.593082
392-0098-SPU25,EX-2025-88931158-   -APN-DCCYS#AABE,"Venta Inmueble calle Tucumán N° 539, Capital, Provincia de CÓRDOBA.",Subasta Pública,10/02/2026 12:00 Hrs.,Desierto,392/000 - Dirección General de Administración - AABE,205 - Agencia de Administración de Bienes del Estado,2026-10-10T18:29:42.593082
392-0099-SPU24,EX-2024-90107411-   -APN-DCCYS#AABE,Venta inmueble sito en la calle Cajaravilla N.º 4675 de la CIUDAD AUTÓNOMA DE BUENOS AIRES.,Subasta Pública,19/11/2024 12:00 Hrs.,Dejado Sin Efecto,392/000 - Dirección General de Administración - AABE,205 - Agencia de Administración de Bienes del Estado,2026-10-10T18:29:42.593082
392-0099-SPU25,EX-2025-105085201-   -APN-DCCYS#AABE,"Venta inmueble sito en la calle Urrutia S/Nº, Localidad y Partido de GENERAL MADARIAGA.",Subasta Pública,19/02/2026 12:00 Hrs.,Dejado Sin Efecto,392/000 - Dirección General de Administración - AABE,205 - Agencia de Administración de Bienes del Estado,2026-10-10T18:29:42.593082
392-0100-SPU24,EX-2024-90384717-   -APN-DCCYS#AABE,"RENAULT ZN-KANGOO PH3 AUTH. PLUS 1.6 2P TIPO: 17-SEDAN 5 PUERTAS AÑO: 2018, DOMINIO: AC472HP",Subasta Pública,18/03/2025 12:00 Hrs.,Adjudicado,392/000 - Dirección General de Administración - AABE,205 - Agencia de Administración de Bienes del Estado,2026-10-10T18:29:42.593082
392-0100-SPU25,EX-2025-92085089-   -APN-DCCYS#AABE,Venta inmueble Salvador M. del Carril Nº 3.744/46 - CABA -,Subasta Pública,29/12/2025 12:00 Hrs.,Adjudicado,392/000 - Dirección General de Administración - AABE,205 - Agencia de Administración de Bienes del Estado,2026-10-10T18:29:42.593082
392-0101-SPU24,EX-2024-90481270-   -APN-DCCYS#AABE,Venta Vehiculo. Marca: Fiat Modelo: Palio Fire. Tipo Sedan 5 Puertas. Año: 2014. Patente: OIL639,Subasta Pública,19/03/2025 12:00 Hrs.,Adjudicado,392/000 - Dirección General de Administración - AABE,205 - Agencia de Administración de Bienes del Estado,2026-10-10T18:29:42.593082
392-0101-SPU25,EX-2025-120871324-   -APN-DCCYS#AABE,"Venta de inmueble sito en Calle Sin Nombre Oficial S/N°, esquina calle Gendarmería Nacional S/N°CABA",Subasta Pública,02/12/2025 12:00 Hrs.,Adjudicado,392/000 - Dirección General de Administración - AABE,205 - Agencia de Administración de Bienes del Estado,2026-10-10T18:29:42.593082
392-0102-SPU24,EX-2024-91108470-   -APN-DCCYS#AABE,"Venta del Vehículo: FORD, MODELO: ECOSPORT 2.0 TODO TERRENO, DOMINIO: NLV133- AÑO: 2013, KM: 247.468",Subasta Pública,12/12/2024 12:00 Hrs.,Adjudicado,392/000 - Dirección General de Administración - AABE,205 - Agencia de Administración de Bienes del Estado,2026-10-10T18:29:42.593082
392-0102-SPU25,EX-2025-121759920-   -APN-DCCYS#AABE,"Venta Inmueble Calles Echeverría 1175, Cazadores S/Nº, Juramento 1142 y Artilleros 2017/51/81. CABA",Subasta Pública,02/12/2025 12:00 Hrs.,Adjudicado,392/000 - Dirección General de Administración - AABE,205 - Agencia de Administración de Bienes del Estado,2026-10-10T18:29:42.593082
392-0103-SPU24,EX-2024-91189988-   -APN-DCCYS#AABE,"Venta del Vehículo: VOLKSWAGEN SURAN 90B SEDAN 5P, DOMINIO: ITR991, AÑO: 2010, KM: 186.446",Subasta Pública,21/03/2025 12:00 Hrs.,Adjudicado,392/000 - Dirección General de Administración - AABE,205 - Agencia de Administración de Bienes del Estado,2026-10-10T18:29:42.593082
392-0103-SPU25,EX-2025-123713387-   -APN-DCCYS#AABE,Venta de Inmueble Av. Rivadavia N° 4615/17/19,Subasta Pública,28/01/2026 12:00 Hrs.,Dejado Sin Efecto,392/000 - Dirección General de Administración - AABE,205 - Agencia de Administración de Bienes del Estado,2026-10-10T18:29:42.593082
392-0104-SPU25,EX-2025-105276431-   -APN-DCCYS#AABE,Venta Inmueble Francisco Acuña de Figueroa N° 981 - CIUDAD AUTÓNOMA DE BUENOS AIRES,Subasta Pública,18/02/2026 12:00 Hrs.,Dejado Sin Efecto,392/000 - Dirección General de Administración - AABE,205 - Agencia de Administración de Bienes del Estado,2026-10-10T18:29:42.593082
392-0105-SPU24,EX-2024-91300632-   -APN-DCCYS#AABE,"Venta Vehículo: MARCA: VOLKSWAGEN , MODELO: SURAN 90B, TIPO: SEDAN 5 PUERTAS, KM: 272.343, AÑO: 2010",Subasta Pública,12/05/2025 12:00 Hrs.,Fracasado,392/000 - Dirección General de Administración - AABE,205 - Agencia de Administración de Bienes del Estado,2026-10-10T18:29:42.593082
392-0105-SPU25,EX-2025-128016515-   -APN-DCCYS#AABE,"Venta Inmueble calle Juncal N° 847/51, de la CIUDAD AUTÓNOMA DE BUENOS AIRES",Subasta Pública,02/02/2026 12:00 Hrs.,Dejado Sin Efecto,392/000 - Dirección General de Administración - AABE,205 - Agencia de Administración de Bienes del Estado,2026-10-10T18:29:42.593082
392-0106-SPU24,EX-2024-91305576-   -APN-DCCYS#AABE,"Venta vehículo:MARCA: CHEVROLET, MODELO:S-10 2.8TDI STD 4X2 ELECTRONIC,PICK UP CABINA SIMPL, AÑO2011",Subasta Pública,20/12/2024 13:00 Hrs.,Fracasado,392/000 - Dirección General de Administración - AABE,205 - Agencia de Administración de Bienes del Estado,2026-10-10T18:29:42.593082
392-0106-SPU25,EX-2025-130870944-   -APN-DCCYS#AABE,"Venta del Vehículo MARCA: RENAULT, MODELO: TRAFIC FURGÓN, DOMINIO: AUL 898, AÑO: 1996, KM: 42.835",Subasta Pública,20/02/2026 12:00 Hrs.,Adjudicado,392/000 - Dirección General de Administración - AABE,205 - Agencia de Administración de Bienes del Estado,2026-10-10T18:29:42.593082
392-0107-SPU24,EX-2024-91791707-   -APN-DCCYS#AABE,VENTA VEHICULO MARCA: PEUGEOT PARTNER PATAGONICA 1.6 AÑO: 2014,Subasta Pública,20/12/2024 12:00 Hrs.,Disponible Para Adjudicar,392/000 - Dirección General de Administración - AABE,205 - Agencia de Administración de Bienes del Estado,2026-10-10T18:29:42.593082
392-0107-SPU25,EX-2025-105797393-   -APN-DCCYS#AABE,Venta en Bloque Inmuebles sito en Av. Córdoba 948/58,Subasta Pública,30/03/2026 12:00 Hrs.,Dejado Sin Efecto,392/000 - Dirección General de Administración - AABE,205 - Agencia de Administración de Bienes del Estado,2026-10-10T18:29:42.593082
392-0108-SPU24,EX-2024-92337056-   -APN-DCCYS#AABE,"FORD RANGER DC 4X2 XL PLIS 3.0 D, TIPO: PICK UP CABINA DOBLE, AÑO: 2012, DOMINIO: LHY949",Subasta Pública,13/12/2024 12:00 Hrs.,Adjudicado,392/000 - Dirección General de Administración - AABE,205 - Agencia de Administración de Bienes del Estado,2026-10-10T18:29:42.593082
392-0108-SPU25,EX-2025-131257354-   -APN-DCCYS#AABE,"VENTA VEHÍCULO FERRARI, MODELO: 430, AÑO: 2006, DOMINIO: NXP022",Subasta Pública,27/01/2026 12:00 Hrs.,Adjudicado,392/000 - Dirección General de Administración - AABE,205 - Agencia de Administración de Bienes del Estado,2026-10-10T18:29:42.593082
392-0109-SPU24,EX-2024-92594259-   -APN-DCCYS#AABE,"TOYOTA HILUX 4X4  PICK UP CABINA DOBLE AÑO: 2015, DOMINIO: OTH529",Subasta Pública,19/12/2024 12:00 Hrs.,Adjudicado,392/000 - Dirección General de Administración - AABE,205 - Agencia de Administración de Bienes del Estado,2026-10-10T18:29:42.593082
392-0109-SPU25,EX-2025-131270426-   -APN-DCCYS#AABE,"Venta del Vehículo MARCA: CHEVROLET, MODELO: PICK UP – SILVERADO, AÑO: 1993, DOMINIO: SZF661",Subasta Pública,29/01/2026 12:00 Hrs.,Adjudicado,392/000 - Dirección General de Administración - AABE,205 - Agencia de Administración de Bienes del Estado,2026-10-10T18:29:42.593082
392-0110-SPU24,EX-2024-92918801-   -APN-DCCYS#AABE,"FORD RANGER PICK UP CABINA DOBLE, AÑO: 2015, DOMINIO:  PAX148",Subasta Pública,06/01/2025 12:00 Hrs.,Adjudicado,392/000 - Dirección General de Administración - AABE,205 - Agencia de Administración de Bienes del Estado,2026-10-10T18:29:42.593082
392-0110-SPU25,EX-2025-131305251-   -APN-DCCYS#AABE,"MARCA: CHEVROLET, MODELO: 3100, DOMINIO: UWI437, KM:  62.682",Subasta Pública,28/01/2026 12:00 Hrs.,Adjudicado,392/000 - Dirección General de Administración - AABE,205 - Agencia de Administración de Bienes del Estado,2026-10-10T18:29:42.593082
392-0111-SPU24,EX-2024-93148179-   -APN-DCCYS#AABE,"FORD ECOSPORT ,FREESTYLE 2.0L MT N 4WD ,AÑO: 2014, DOMINIO: NOE408",Subasta Pública,06/01/2025 12:00 Hrs.,Adjudicado,392/000 - Dirección General de Administración - AABE,205 - Agencia de Administración de Bienes del Estado,2026-10-10T18:29:42.593082
392-0112-SPU24,EX-2024-93661615-   -APN-DCCYS#AABE,"RENAULT, MODELO: DUSTER CONFORT 1.6 4X2 ABS, TIPO: RURAL 5 PUERTAS, AÑO: 2015, DOMINIO: OVW340",Subasta Pública,07/01/2025 12:00 Hrs.,Fracasado,392/000 - Dirección General de Administración - AABE,205 - Agencia de Administración de Bienes del Estado,2026-10-10T18:29:42.593082
392-0112-SPU25,EX-2025-141573271-   -APN-DCCYS#AABE,"Venta Inmueble sito en la calle Jujuy Nº 154, Mar del Plata, Provincia de Buenos Aires",Subasta Pública,04/03/2026 12:00 Hrs.,Adjudicado,392/000 - Dirección General de Administración - AABE,205 - Agencia de Administración de Bienes del Estado,2026-10-10T18:29:42.593082
392-0113-SPU24,EX-2024-93711203-   -APN-DCCYS#AABE,"Venta vehículo:  MARCA: FIAT, SAVEIRO 1.6L GP, SEDAN 5 PUERTAS, AÑO: 2015, DOMINIO: OSR880,KM190.132",Subasta Pública,03/01/2025 12:00 Hrs.,Adjudicado,392/000 - Dirección General de Administración - AABE,205 - Agencia de Administración de Bienes del Estado,2026-10-10T18:29:42.593082
392-0114-SPU24,EX-2024-96515639-   -APN-DCCYS#AABE,Venta inmueble sito en la calle Bacacay Nº3591/93 de la CIUDAD AUTÓNOMA DE BUENOS AIRES.,Subasta Pública,30/10/2024 12:00 Hrs.,Adjudicado,392/000 - Dirección General de Administración - AABE,205 - Agencia de Administración de Bienes del Estado,2026-10-10T18:29:42.593082
392-0115-SPU24,EX-2024-58351908-   -APN-DCCYS#AABE,"Venta del inmueble ubicado en   Dr. Pedro Ignacio Rivera Nº 5761/63/65/67/69, de CABA.",Subasta Pública,09/12/2024 14:00 Hrs.,Dejado Sin Efecto,392/000 - Dirección General de Administración - AABE,205 - Agencia de Administración de Bienes del Estado,2026-10-10T18:29:42.593082
392-0116-SPU24,EX-2024-105158689-   -APN-DCCYS#AABE,Venta Vehiculo. Marca: Renault Modelo: Logan. Año: 2015. Dominio: PBK 734. KILOMETRAJE: 335.471,Subasta Pública,06/12/2024 12:00 Hrs.,Adjudicado,392/000 - Dirección General de Administración - AABE,205 - Agencia de Administración de Bienes del Estado,2026-10-10T18:29:42.593082
392-0118-SPU24,EX-2024-105177193-   -APN-DCCYS#AABE,"MARCA: RENAULT, MODELO: LOGAN, AÑO: 2015, DOMINIO: PBK733, KM: 323.211",Subasta Pública,12/12/2024 12:00 Hrs.,Fracasado,392/000 - Dirección General de Administración - AABE,205 - Agencia de Administración de Bienes del Estado,2026-10-10T18:29:42.593082
392-0119-SPU24,EX-2024-105188497-   -APN-DCCYS#AABE,Venta Vehículo. Marca: PEUGEOT Modelo: 408. Año: 2013 Dominio NCO915,Subasta Pública,03/12/2024 12:00 Hrs.,Adjudicado,392/000 - Dirección General de Administración - AABE,205 - Agencia de Administración de Bienes del Estado,2026-10-10T18:29:42.593082
392-0120-SPU24,EX-2024-105192925-   -APN-DCCYS#AABE,Venta Vehículo. Marca: Ford Modelo: Transit Bus. Año: 2014. Patente: OMS897,Subasta Pública,09/12/2024 12:00 Hrs.,Adjudicado,392/000 - Dirección General de Administración - AABE,205 - Agencia de Administración de Bienes del Estado,2026-10-10T18:29:42.593082
392-0121-SPU24,EX-2024-105204125-   -APN-DCCYS#AABE,Venta Vehículo. Marca: PEUGEOT Modelo: 307. Año: 2011 Dominio KBL923,Subasta Pública,12/12/2024 12:00 Hrs.,Adjudicado,392/000 - Dirección General de Administración - AABE,205 - Agencia de Administración de Bienes del Estado,2026-10-10T18:29:42.593082
392-0122-SPU24,EX-2024-105210128-   -APN-DCCYS#AABE,"Venta Vehículo. MARCA: PEUGEOT, MODELO: 408, AÑO: 2014, DOMINIO: NVE993",Subasta Pública,27/12/2024 12:00 Hrs.,Fracasado,392/000 - Dirección General de Administración - AABE,205 - Agencia de Administración de Bienes del Estado,2026-10-10T18:29:42.593082
392-0123-SPU24,EX-2024-105222089-   -APN-DCCYS#AABE,"MARCA: PEUGEOT, MODELO: 408, AÑO: 2013, DOMINIO: MZX767",Subasta Pública,20/12/2024 12:00 Hrs.,Adjudicado,392/000 - Dirección General de Administración - AABE,205 - Agencia de Administración de Bienes del Estado,2026-10-10T18:29:42.593082
392-0124-SPU24,EX-2024-105258899-   -APN-DCCYS#AABE,"Venta de Vehículo PEUGEOT, MODELO: 408, DOMINIO: MZX763, AÑO: 2013, KM: 305.441",Subasta Pública,09/12/2024 12:00 Hrs.,Adjudicado,392/000 - Dirección General de Administración - AABE,205 - Agencia de Administración de Bienes del Estado,2026-10-10T18:29:42.593082
392-0125-SPU24,EX-2024-106428352-   -APN-DCCYS#AABE,Venta Vehículo: Marca: Peugeot. Modelo: 307. Año: 2011. Patente: KAE 924,Subasta Pública,02/12/2024 12:00 Hrs.,Adjudicado,392/000 - Dirección General de Administración - AABE,205 - Agencia de Administración de Bienes del Estado,2026-10-10T18:29:42.593082
392-0126-SPU24,EX-2024-36108176-   -APN-DCCYS#AABE,"Venta de vehículo: VOLKSWAGEN, MODELO: PASSAT V6 FSI 4 MOTION, DOMINIO: KJE-259",Subasta Pública,01/04/2025 12:00 Hrs.,Disponible Para Adjudicar,392/000 - Dirección General de Administración - AABE,205 - Agencia de Administración de Bienes del Estado,2026-10-10T18:29:42.593082
392-0128-SPU24,EX-2024-109127119-   -APN-DCCYS#AABE,"Venta inmueble sito en la calle Av. Congreso N° 4778/4800 esquina Galván N° 2789/97, CABA",Subasta Pública,06/12/2024 12:00 Hrs.,Dejado Sin Efecto,392/000 - Dirección General de Administración - AABE,205 - Agencia de Administración de Bienes del Estado,2026-10-10T18:29:42.593082
392-0129-SPU24,EX-2024-110361235-   -APN-DCCYS#AABE,"Venta del Vehículo: FORD, MODELO: TRANSIT BUS, DOMINIO: OMS899, AÑO: 2014.",Subasta Pública,21/11/2024 12:00 Hrs.,Adjudicado,392/000 - Dirección General de Administración - AABE,205 - Agencia de Administración de Bienes del Estado,2026-10-10T18:29:42.593082
392-0130-SPU24,EX-2024-110384591-   -APN-DCCYS#AABE,"PEUGEOT, MODELO: PARTNER PATAGONICA, AÑO: 2014, DOMINIO: OEA175",Subasta Pública,06/12/2024 12:00 Hrs.,Fracasado,392/000 - Dirección General de Administración - AABE,205 - Agencia de Administración de Bienes del Estado,2026-10-10T18:29:42.593082
392-0131-SPU24,EX-2024-110502996-   -APN-DCCYS#AABE,"Venta vehículo: MARCA: PEUGEOT, MODELO: BOXER, AÑO: 2014, DOMINIO: OBO234",Subasta Pública,19/11/2024 12:00 Hrs.,Adjudicado,392/000 - Dirección General de Administración - AABE,205 - Agencia de Administración de Bienes del Estado,2026-10-10T18:29:42.593082
392-0132-SPU24,EX-2024-110551424-   -APN-DCCYS#AABE,"Venta Vehículo. MARCA PEUGEOT, MODELO BOXER 350 LH 2.3 HDI CONFORT, AÑO 2014, DOMINIO OBO235.",Subasta Pública,10/12/2024 12:00 Hrs.,Dejado Sin Efecto,392/000 - Dirección General de Administración - AABE,205 - Agencia de Administración de Bienes del Estado,2026-10-10T18:29:42.593082
392-0133-SPU24,EX-2024-110555357-   -APN-DCCYS#AABE,Venta Vehículo. Marca: PEUGEOT Modelo: 408. Año: 2014 Dominio NWA440,Subasta Pública,11/12/2024 12:00 Hrs.,Adjudicado,392/000 - Dirección General de Administración - AABE,205 - Agencia de Administración de Bienes del Estado,2026-10-10T18:29:42.593082
392-0134-SPU24,EX-2024-110863890-   -APN-DCCYS#AABE,Venta Inmueble sito en Avenida Salvador María del Carril Nº 3.744/46 - C.A.B.A.,Subasta Pública,13/12/2024 12:00 Hrs.,Dejado Sin Efecto,392/000 - Dirección General de Administración - AABE,205 - Agencia de Administración de Bienes del Estado,2026-10-10T18:29:42.593082
392-0135-SPU24,EX-2024-111071455-   -APN-DCCYS#AABE,"Venta Vehículo MARCA: RENAULT, MODELO: MASTER, AÑO: 2015, DOMINIO: PDN054",Subasta Pública,05/12/2024 12:00 Hrs.,Adjudicado,392/000 - Dirección General de Administración - AABE,205 - Agencia de Administración de Bienes del Estado,2026-10-10T18:29:42.593082
392-0136-SPU24,EX-2024-111789477-   -APN-DCCYS#AABE,"PEUGEOT, MODELO: 307, AÑO: 2011, DOMINIO: KAE923",Subasta Pública,04/12/2024 12:00 Hrs.,Adjudicado,392/000 - Dirección General de Administración - AABE,205 - Agencia de Administración de Bienes del Estado,2026-10-10T18:29:42.593082
392-0138-SPU24,EX-2024-111837985-   -APN-DCCYS#AABE,"Venta del Vehículo: RENAULT, MODELO: KANGOO, DOMINIO: KIS578, AÑO: 2011 KM: 175.806",Subasta Pública,18/03/2025 12:00 Hrs.,Adjudicado,392/000 - Dirección General de Administración - AABE,205 - Agencia de Administración de Bienes del Estado,2026-10-10T18:29:42.593082
392-0139-SPU24,EX-2024-111840090-   -APN-DCCYS#AABE,Venta Vehículo. Marca: PEUGEOT Modelo: 307. Año: 2011 Dominio JYS492,Subasta Pública,03/12/2024 12:00 Hrs.,Adjudicado,392/000 - Dirección General de Administración - AABE,205 - Agencia de Administración de Bienes del Estado,2026-10-10T18:29:42.593082
392-0140-SPU24,EX-2024-111866963-   -APN-DCCYS#AABE,"Venta Vehiculo:  MARCA: RENAULT, MODELO: LOGAN, AÑO: 2015, DOMINIO: PBK732",Subasta Pública,02/12/2024 12:00 Hrs.,Adjudicado,392/000 - Dirección General de Administración - AABE,205 - Agencia de Administración de Bienes del Estado,2026-10-10T18:29:42.593082
392-0141-SPU24,EX-2024-112018523-   -APN-DCCYS#AABE,"Venta Vehículo. Marca: RENAULT, Modelo: MASTER. Año: 2015 Dominio PDN055",Subasta Pública,05/12/2024 12:00 Hrs.,Adjudicado,392/000 - Dirección General de Administración - AABE,205 - Agencia de Administración de Bienes del Estado,2026-10-10T18:29:42.593082
392-0142-SPU24,EX-2024-112259456-   -APN-DCCYS#AABE,"MARCA: IVECO, MODELO: DAILY, AÑO: 2017, DOMINIO: AB916UI",Subasta Pública,05/03/2025 12:00 Hrs.,Desierto,392/000 - Dirección General de Administración - AABE,205 - Agencia de Administración de Bienes del Estado,2026-10-10T18:29:42.593082
392-0143-SPU24,EX-2024-112303857-   -APN-DCCYS#AABE,"Venta vehiculo MARCA: IVECO, MODELO: DAILY, TIPO: MINIBUS, DOMINIO: AC874VC, AÑO: 2014.",Subasta Pública,20/03/2025 12:00 Hrs.,Adjudicado,392/000 - Dirección General de Administración - AABE,205 - Agencia de Administración de Bienes del Estado,2026-10-10T18:29:42.593082
392-0144-SPU24,EX-2024-14416526-   -APN-DCCYS#AABE,Venta Vehículo Marca:  Ford Focus Edge Sedan 1.8 L N - Año: 2.005 -,Subasta Pública,25/06/2026 12:00 Hrs.,Desierto,392/000 - Dirección General de Administración - AABE,205 - Agencia de Administración de Bienes del Estado,2026-10-10T18:29:42.593082
392-0146-SPU24,EX-2024-112433294-   -APN-DCCYS#AABE,Venta Vehículo. Marca: PEUGEOT Modelo: PARTNER. Año: 2004 Dominio EJE851,Subasta Pública,17/03/2025 12:00 Hrs.,Fracasado,392/000 - Dirección General de Administración - AABE,205 - Agencia de Administración de Bienes del Estado,2026-10-10T18:29:42.593082
392-0147-SPU24,EX-2024-112544462-   -APN-DCCYS#AABE,"Venta Vehículo. Marca: FORD, Modelo: TRANSIT BUS. Año: 2014 Dominio OMS900",Subasta Pública,12/03/2025 12:00 Hrs.,Adjudicado,392/000 - Dirección General de Administración - AABE,205 - Agencia de Administración de Bienes del Estado,2026-10-10T18:29:42.593082
392-0148-SPU24,EX-2024-112873351-   -APN-DCCYS#AABE,"Venta de Vehículo MARCA: PEUGEOT, MODELO: 307, AÑO: 2011, DOMINIO: JYS491",Subasta Pública,06/03/2025 12:00 Hrs.,Adjudicado,392/000 - Dirección General de Administración - AABE,205 - Agencia de Administración de Bienes del Estado,2026-10-10T18:29:42.593082
392-0150-SPU24,EX-2024-112978972-   -APN-DCCYS#AABE,VENTA VEHICULO MARCA: PEUGEOT.MODELO: PARTNER. AÑO: 2004. DOMINIO: ERX120.,Subasta Pública,18/02/2025 12:00 Hrs.,Adjudicado,392/000 - Dirección General de Administración - AABE,205 - Agencia de Administración de Bienes del Estado,2026-10-10T18:29:42.593082
392-0151-SPU24,EX-2024-113125460-   -APN-DCCYS#AABE,"Venta de Vehiculo: MARCA: VOLKSWAGEN ,MODELO: BORA, AÑO: 2008, DOMINIO: HII856",Subasta Pública,21/02/2025 12:00 Hrs.,Adjudicado,392/000 - Dirección General de Administración - AABE,205 - Agencia de Administración de Bienes del Estado,2026-10-10T18:29:42.593082
392-0152-SPU24,EX-2024-113135585-   -APN-DCCYS#AABE,"Venta Vehículo. Marca: PEUGEOT, Modelo: 307. Año: 2011 Dominio JYS497",Subasta Pública,07/04/2025 12:00 Hrs.,Adjudicado,392/000 - Dirección General de Administración - AABE,205 - Agencia de Administración de Bienes del Estado,2026-10-10T18:29:42.593082
392-0153-SPU24,EX-2024-113408480-   -APN-DCCYS#AABE,"MARCA: PEUGEOT, MODELO: 307, AÑO: 2011, DOMINIO: JYS498",Subasta Pública,13/03/2025 12:00 Hrs.,Adjudicado,392/000 - Dirección General de Administración - AABE,205 - Agencia de Administración de Bienes del Estado,2026-10-10T18:29:42.593082
392-0154-SPU24,EX-2024-113545191-   -APN-DCCYS#AABE,"MARCA: PEUGEOT, MODELO: 307, AÑO: 2011, DOMINIO: KAE921",Subasta Pública,07/03/2025 12:00 Hrs.,Adjudicado,392/000 - Dirección General de Administración - AABE,205 - Agencia de Administración de Bienes del Estado,2026-10-10T18:29:42.593082
392-0155-SPU24,EX-2024-113707514-   -APN-DCCYS#AABE,"Venta de Vehiculo MARCA: RENAULT, MODELO: MASTER, AÑO: 2005, DOMINIO: FCK293.",Subasta Pública,06/01/2025 12:00 Hrs.,Adjudicado,392/000 - Dirección General de Administración - AABE,205 - Agencia de Administración de Bienes del Estado,2026-10-10T18:29:42.593082
392-0156-SPU24,EX-2024-113745855-   -APN-DCCYS#AABE,"Venta Vehículo. Marca: RENAULT, Modelo: MASTER. Año: 2007 Dominio GLK670",Subasta Pública,12/02/2025 12:00 Hrs.,Adjudicado,392/000 - Dirección General de Administración - AABE,205 - Agencia de Administración de Bienes del Estado,2026-10-10T18:29:42.593082
392-0157-SPU24,EX-2024-113970906-   -APN-DCCYS#AABE,Venta Vehículo. Marca: Mercedes Benz. Modelo: Sprinter. Año: 2014. Dominio: NYD088,Subasta Pública,11/02/2025 12:00 Hrs.,Fracasado,392/000 - Dirección General de Administración - AABE,205 - Agencia de Administración de Bienes del Estado,2026-10-10T18:29:42.593082
392-0158-SPU24,EX-2024-113975364-   -APN-DCCYS#AABE,Venta Vehiculo. Marca: Peugeot. Modelo: 408. Año: 2014. Dominio: NWW 856,Subasta Pública,28/03/2025 12:00 Hrs.,En Evaluacion,392/000 - Dirección General de Administración - AABE,205 - Agencia de Administración de Bienes del Estado,2026-10-10T18:29:42.593082
392-0159-SPU24,EX-2024-113978015-   -APN-DCCYS#AABE,Venta Vehiculo. Marca: Peugeot. Modelo 408. Año: 2014. Dominio: NWA441,Subasta Pública,17/03/2025 12:00 Hrs.,En Evaluacion,392/000 - Dirección General de Administración - AABE,205 - Agencia de Administración de Bienes del Estado,2026-10-10T18:29:42.593082
392-0160-SPU24,EX-2024-114037736-   -APN-DCCYS#AABE,"MARCA: VOLKSWAGEN, MODELO: SURÁN, AÑO: 2012, DOMINIO: LMP207",Subasta Pública,10/02/2025 12:00 Hrs.,Adjudicado,392/000 - Dirección General de Administración - AABE,205 - Agencia de Administración de Bienes del Estado,2026-10-10T18:29:42.593082
392-0161-SPU24,EX-2024-114081078-   -APN-DCCYS#AABE,Venta Vehículo. Marca: VOLKSWAGEN Modelo: PASSAT. Año: 2010 Dominio JGQ055,Subasta Pública,17/03/2025 12:00 Hrs.,En Evaluacion,392/000 - Dirección General de Administración - AABE,205 - Agencia de Administración de Bienes del Estado,2026-10-10T18:29:42.593082
392-0162-SPU24,EX-2024-114088478-   -APN-DCCYS#AABE,Venta Vehículo. Marca: RENAULT Modelo: MASTER. Año: 2010.Dominio IYR729,Subasta Pública,05/05/2025 12:00 Hrs.,En Evaluacion,392/000 - Dirección General de Administración - AABE,205 - Agencia de Administración de Bienes del Estado,2026-10-10T18:29:42.593082
392-0163-SPU24,EX-2024-114094130-   -APN-DCCYS#AABE,"Venta Vehículo. MARCA: PEUGEOT, MODELO: 408, AÑO: 2013, DOMINIO: NAG127",Subasta Pública,07/05/2025 12:00 Hrs.,En Evaluacion,392/000 - Dirección General de Administración - AABE,205 - Agencia de Administración de Bienes del Estado,2026-10-10T18:29:42.593082
392-0164-SPU24,EX-2024-114098832-   -APN-DCCYS#AABE,"Venta Vehículo. MARCA: RENAULT, MODELO: KANGOO, AÑO: 2011, DOMINIO: KSZ111",Subasta Pública,20/03/2025 12:00 Hrs.,Adjudicado,392/000 - Dirección General de Administración - AABE,205 - Agencia de Administración de Bienes del Estado,2026-10-10T18:29:42.593082
392-0165-SPU24,EX-2024-114105478-   -APN-DCCYS#AABE,"Venta Vehículo. MARCA: VOLKSWAGEN, MODELO: SURÁN, AÑO: 2012, DOMINIO: LMP202,",Subasta Pública,09/05/2025 12:00 Hrs.,Adjudicado,392/000 - Dirección General de Administración - AABE,205 - Agencia de Administración de Bienes del Estado,2026-10-10T18:29:42.593082
392-0166-SPU24,EX-2024-114108137-   -APN-DCCYS#AABE,"Venta de Vehiculo: MARCA: TOYOTA, MODELO: COROLLA, AÑO: 2006, DOMINIO: FNL519",Subasta Pública,14/02/2025 12:00 Hrs.,Fracasado,392/000 - Dirección General de Administración - AABE,205 - Agencia de Administración de Bienes del Estado,2026-10-10T18:29:42.593082
392-0167-SPU24,EX-2024-114206439-   -APN-DCCYS#AABE,"MARCA: VOLKSWAGEN, MODELO: SURÁN, AÑO: 2012, DOMINIO: LMP209",Subasta Pública,17/03/2025 12:00 Hrs.,Adjudicado,392/000 - Dirección General de Administración - AABE,205 - Agencia de Administración de Bienes del Estado,2026-10-10T18:29:42.593082
392-0168-SPU24,EX-2024-114272340-   -APN-DCCYS#AABE,"Venta Vehículo. Marca: VOLKSWAGEN, Modelo: BORA. Año: 2008 Dominio HII858",Subasta Pública,20/02/2025 12:00 Hrs.,Adjudicado,392/000 - Dirección General de Administración - AABE,205 - Agencia de Administración de Bienes del Estado,2026-10-10T18:29:42.593082
392-0170-SPU24,EX-2024-114627429-   -APN-DCCYS#AABE,"Venta Vehículo. Marca: Volkswagen, Modelo: Passat, Año 2011, Dominio: LPM210. km : 338.467",Subasta Pública,09/04/2025 12:00 Hrs.,En Evaluacion,392/000 - Dirección General de Administración - AABE,205 - Agencia de Administración de Bienes del Estado,2026-10-10T18:29:42.593082
392-0172-SPU24,EX-2024-114631314-   -APN-DCCYS#AABE,"Venta Vehículo. Marca: Volkswagen, Modelo; Suran, Año: 2012, Dominio: LMP213. Km: 413.727",Subasta Pública,17/03/2025 12:00 Hrs.,Fracasado,392/000 - Dirección General de Administración - AABE,205 - Agencia de Administración de Bienes del Estado,2026-10-10T18:29:42.593082
392-0173-SPU24,EX-2024-114633250-   -APN-DCCYS#AABE,"Venta Vehículo. Marca: Volkswagen, Modelo: Suran, Año: 2012, Dominio: LMP214.",Subasta Pública,12/03/2025 12:00 Hrs.,Adjudicado,392/000 - Dirección General de Administración - AABE,205 - Agencia de Administración de Bienes del Estado,2026-10-10T18:29:42.593082
392-0177-SPU24,EX-2024-114716685-   -APN-DCCYS#AABE,"Venta de Vehiculo : MARCA: VOLKSWAGEN, MODELO: SURÁN, AÑO: 2012, DOMINIO: LMP203",Subasta Pública,19/02/2025 12:00 Hrs.,Adjudicado,392/000 - Dirección General de Administración - AABE,205 - Agencia de Administración de Bienes del Estado,2026-10-10T18:29:42.593082
392-0179-SPU24,EX-2024-114947707-   -APN-DCCYS#AABE,"Venta de Vehiculo: MARCA: VOLKSWAGEN, MODELO: SURÁN, AÑO: 2012, DOMINIO: LMP204",Subasta Pública,14/03/2025 12:00 Hrs.,Adjudicado,392/000 - Dirección General de Administración - AABE,205 - Agencia de Administración de Bienes del Estado,2026-10-10T18:29:42.593082
392-0180-SPU24,EX-2024-114949872-   -APN-DCCYS#AABE,"Venta Vehículo. Marca: HONDA, Modelo: CIVIC. Año: 2010 Dominio IYE431",Subasta Pública,18/02/2025 12:00 Hrs.,Fracasado,392/000 - Dirección General de Administración - AABE,205 - Agencia de Administración de Bienes del Estado,2026-10-10T18:29:42.593082
392-0182-SPU24,EX-2024-115300961-   -APN-DCCYS#AABE,"Venta Vehículo. Marca: VOLKSWAGEN, Modelo: SURÁN. Año: 2012, Dominio: LMP205",Subasta Pública,18/03/2025 12:00 Hrs.,Adjudicado,392/000 - Dirección General de Administración - AABE,205 - Agencia de Administración de Bienes del Estado,2026-10-10T18:29:42.593082
392-0185-SPU24,EX-2024-115506667-   -APN-DCCYS#AABE,"Venta Vehículo. Marca: VOLKSWAGEN, Modelo: SURÁN. Año: 2012, Dominio: LMP206",Subasta Pública,19/03/2025 12:00 Hrs.,Adjudicado,392/000 - Dirección General de Administración - AABE,205 - Agencia de Administración de Bienes del Estado,2026-10-10T18:29:42.593082
392-0191-SPU24,EX-2024-116564239-   -APN-DCCYS#AABE,Venta de vehículo MARCA: VOLKSWAGEN MODELO: SURAN AÑO: 2012 DOMINIO: LMP215,Subasta Pública,01/09/2025 12:00 Hrs.,Fracasado,392/000 - Dirección General de Administración - AABE,205 - Agencia de Administración de Bienes del Estado,2026-10-10T18:29:42.593082
392-0192-SPU24,EX-2024-116569734-   -APN-DCCYS#AABE,"Venta de vehículo MARCA: FORD, MODELO: RANGER DC 4X4 LTD MT 3.2 D, AÑO: 2013, DOMINIO: MAF364",Subasta Pública,28/07/2025 12:00 Hrs.,Dejado Sin Efecto,392/000 - Dirección General de Administración - AABE,205 - Agencia de Administración de Bienes del Estado,2026-10-10T18:29:42.593082
392-0198-SPU24,EX-2024-119402427-   -APN-DCCYS#AABE,Venta Reloj Tag Heuer Carrera Chonograph 01. Automático. Visor diario. Cristal de zafiro.,Subasta Pública,30/07/2025 12:00 Hrs.,Adjudicado,392/000 - Dirección General de Administración - AABE,205 - Agencia de Administración de Bienes del Estado,2026-10-10T18:29:42.593082
392-0199-SPU24,EX-2024-121472090-   -APN-DCCYS#AABE,"Venta Inmueble sito en Necochea Nº 230, Localidad Mendoza, Pcia. de Mendoza",Subasta Pública,04/12/2024 12:00 Hrs.,Dejado Sin Efecto,392/000 - Dirección General de Administración - AABE,205 - Agencia de Administración de Bienes del Estado,2026-10-10T18:29:42.593082
392-0200-SPU24,EX-2024-121924892-   -APN-DCCYS#AABE,"Venta inmueble, Avenida Belgrano N° 2232/34, CABA.",Subasta Pública,18/12/2024 12:00 Hrs.,Dejado Sin Efecto,392/000 - Dirección General de Administración - AABE,205 - Agencia de Administración de Bienes del Estado,2026-10-10T18:29:42.593082
392-0201-SPU24,EX-2024-86223061-   -APN-DCCYS#AABE,"Venta inmueble sito en la calle Cajaravilla N.º 4726/28, de la CIUDAD AUTÓNOMA DE BUENOS AIRES",Subasta Pública,12/02/2025 12:00 Hrs.,Dejado Sin Efecto,392/000 - Dirección General de Administración - AABE,205 - Agencia de Administración de Bienes del Estado,2026-10-10T18:29:42.593082
392-0204-SPU24,EX-2024-122867698-   -APN-DCCYS#AABE,"Venta del Inmueble sito en Avenida de los Italianos Nº 365/75, Ciudad autónoma de Buenos Aires.",Subasta Pública,17/12/2024 12:00 Hrs.,Adjudicado,392/000 - Dirección General de Administración - AABE,205 - Agencia de Administración de Bienes del Estado,2026-10-10T18:29:42.593082
392-0205-SPU24,EX-2024-123532935-   -APN-DCCYS#AABE,"Venta en bloque Inm. Juncal Nº 724, 712/14, Basavilbaso Nº 1260/62,1248/54, 1264,1286 CABA",Subasta Pública,16/12/2024 11:00 Hrs.,Dejado Sin Efecto,392/000 - Dirección General de Administración - AABE,205 - Agencia de Administración de Bienes del Estado,2026-10-10T18:29:42.593082
392-0206-SPU24,EX-2024-123835686-   -APN-DCCYS#AABE,VENTA DE INMUEBLE SITO EN ORTIZ DE OCAMPO S/N° ESQUINA CERVIÑO N° 3101/3129/3167 CABA,Subasta Pública,16/12/2024 12:00 Hrs.,Adjudicado,392/000 - Dirección General de Administración - AABE,205 - Agencia de Administración de Bienes del Estado,2026-10-10T18:29:42.593082
392-0207-SPU24,EX-2024-88895319-   -APN-DCCYS#AABE,"Venta Inmueble Monroe N°  4.595/99 esquina Miller Nº 2.503/19 – Piso 8° D, CABA",Subasta Pública,13/02/2025 12:00 Hrs.,Dejado Sin Efecto,392/000 - Dirección General de Administración - AABE,205 - Agencia de Administración de Bienes del Estado,2026-10-10T18:29:42.593082
392-0208-SPU24,EX-2024-129953608-   -APN-DCCYS#AABE,"Venta inmueble Argerich Nº 5855,59,61,63,65,67,69,71- uf 29 y 1/7 de la UC I, Caba.",Subasta Pública,03/02/2025 12:00 Hrs.,Dejado Sin Efecto,392/000 - Dirección General de Administración - AABE,205 - Agencia de Administración de Bienes del Estado,2026-10-10T18:29:42.593082
392-0209-SPU24,EX-2024-131962087-   -APN-DCCYS#AABE,"Pedro Luro s/Nº, Mar de las Pampas, Partido de Villa Gesell, Pcia. Buenos Aires.",Subasta Pública,05/03/2025 12:00 Hrs.,Dejado Sin Efecto,392/000 - Dirección General de Administración - AABE,205 - Agencia de Administración de Bienes del Estado,2026-10-10T18:29:42.593082
392-0210-SPU24,EX-2024-90107411-   -APN-DCCYS#AABE,Venta inmueble sito en la calle Cajaravilla N.º 4675 de la CIUDAD AUTÓNOMA DE BUENOS AIRES.,Subasta Pública,13/02/2025 12:00 Hrs.,Dejado Sin Efecto,392/000 - Dirección General de Administración - AABE,205 - Agencia de Administración de Bienes del Estado,2026-10-10T18:29:42.593082
392-0211-SPU24,EX-2024-121472090-   -APN-DCCYS#AABE,"Necochea Nº 230 - Localidad de MENDOZA, Departamento de Capital, de la PROVINCIA de MENDOZA",Subasta Pública,20/02/2025 12:00 Hrs.,Adjudicado,392/000 - Dirección General de Administración - AABE,205 - Agencia de Administración de Bienes del Estado,2026-10-10T18:29:42.593082
392-0212-SPU24,EX-2024-109127119-   -APN-DCCYS#AABE,"Venta inmueble sito en la calle Av. Congreso N° 4778/4800 esquina Galván N° 2789/97, CABA",Subasta Pública,27/02/2025 12:00 Hrs.,Dejado Sin Efecto,392/000 - Dirección General de Administración - AABE,205 - Agencia de Administración de Bienes del Estado,2026-10-10T18:29:42.593082
392-0213-SPU24,EX-2024-138944029-   -APN-DCCYS#AABE,"Venta inmueble sito en la calle Argerich nº 5855/59/61/63/65/67/69/71-UF “4”, Villa Pueyrredón, CABA",Subasta Pública,13/03/2025 12:00 Hrs.,Dejado Sin Efecto,392/000 - Dirección General de Administración - AABE,205 - Agencia de Administración de Bienes del Estado,2026-10-10T18:29:42.593082
494-0001-CDI23,EX-2023-01868377-   -APN-SA#BNDG,Contratación del seguro de edificio con la firma NACIÓN SEGUROS S.A.,Contratación Directa,20/01/2023 12:00 Hrs.,Adjudicado,494 - Área de Compras y Contrataciones,121 - Banco Nacional de Datos Genéticos,2026-10-10T18:31:12.577416
494-0001-CDI24,EX-2024-20065456-   -APN-SA#BNDG,Adquisición de drogas y desinfectantes para el Laboratorio del BNDG,Contratación Directa,18/03/2024 11:00 Hrs.,Adjudicado,494 - Área de Compras y Contrataciones,121 - Banco Nacional de Datos Genéticos,2026-10-10T18:31:12.577416
494-0001-CDI25,EX-2025-06676344-   -APN-SA#BNDG,"Contratación seguro por robo, incendio y responsabilidad civil BNDG",Contratación Directa,06/02/2025 12:00 Hrs.,Dejado Sin Efecto,494 - Área de Compras y Contrataciones,121 - Banco Nacional de Datos Genéticos,2026-10-10T18:31:12.577416
494-0001-CDI26,EX-2026-63913022-   -APN-BNDG#JGM,Servicio de cobertura de zona protegida para cualquier Emergencia y/o Urgencia médicas  - BNDG,Contratación Directa,28/07/2026 10:00 Hrs.,Adjudicado,494 - Área de Compras y Contrataciones,121 - Banco Nacional de Datos Genéticos,2026-10-10T18:31:12.577416
494-0001-LPR23,EX-2023-36446161-   -APN-SA#BNDG,Adquisición de material plástico para el Laboratorio del BNDG,Licitación Privada,08/05/2023 12:00 Hrs.,Adjudicado,494 - Área de Compras y Contrataciones,121 - Banco Nacional de Datos Genéticos,2026-10-10T18:31:12.577416
494-0001-LPR24,EX-2024-16155243-   -APN-SA#BNDG,Servicio de Limpieza Integral para el BNDG,Licitación Privada,07/03/2024 12:00 Hrs.,Adjudicado,494 - Área de Compras y Contrataciones,121 - Banco Nacional de Datos Genéticos,2026-10-10T18:31:12.577416
494-0001-LPR25,EX-2025-06710106-   -APN-SA#BNDG,Servicio de vigilancia integral para el BNDG,Licitación Privada,11/02/2025 12:00 Hrs.,Adjudicado,494 - Área de Compras y Contrataciones,121 - Banco Nacional de Datos Genéticos,2026-10-10T18:31:12.577416
494-0001-LPR26,EX-2026-20082715-   -APN-BNDG#JGM,Adquisición de drogas y artículos desinfectantes para el Laboratorio del BNDG,Licitación Privada,06/04/2026 10:00 Hrs.,Adjudicado,494 - Área de Compras y Contrataciones,121 - Banco Nacional de Datos Genéticos,2026-10-10T18:31:12.577416
494-0001-LPU23,EX-2023-04078918-   -APN-SA#BNDG,Adquisición de insumos para el Laboratorio del BNDG,Licitación Pública,16/02/2023 12:00 Hrs.,Adjudicado con doc. contractuales generados,494 - Área de Compras y Contrataciones,121 - Banco Nacional de Datos Genéticos,2026-10-10T18:31:12.577416
494-0001-LPU24,EX-2024-08378860-   -APN-SA#BNDG,Servicio de vigilancia integral para el BNDG,Licitación Pública,16/02/2024 12:00 Hrs.,Adjudicado,494 - Área de Compras y Contrataciones,121 - Banco Nacional de Datos Genéticos,2026-10-10T18:31:12.577416
494-0001-LPU26,EX-2026-33066666-   -APN-BNDG#JGM,"Servicio de mantenimiento integral, preventivo y correctivo del edificio del BNDG",Licitación Pública,19/06/2026 13:00 Hrs.,Adjudicado,494 - Área de Compras y Contrataciones,121 - Banco Nacional de Datos Genéticos,2026-10-10T18:31:12.577416
494-0002-CDI23,EX-2023-04085303-   -APN-SA#BNDG,Solicitud de contratación de Cobertura Emergencia y/o Urgencia médica - BNDG,Contratación Directa,30/01/2023 12:00 Hrs.,Adjudicado,494 - Área de Compras y Contrataciones,121 - Banco Nacional de Datos Genéticos,2026-10-10T18:31:12.577416
494-0002-CDI24,EX-2024-27241927-   -APN-SA#BNDG,"Servicio de impresión, copiado y escaneo con provisión de insumos y repuestos (excepto el papel)BNDG",Contratación Directa,11/04/2024 11:00 Hrs.,Adjudicado,494 - Área de Compras y Contrataciones,121 - Banco Nacional de Datos Genéticos,2026-10-10T18:31:12.577416
494-0002-CDI25,EX-2025-09537524-   -APN-SA#BNDG,Servicio mantenimiento preventivo y correctivo de los equipos críticos del Laboratorio BNDG,Contratación Directa,24/02/2025 12:00 Hrs.,Dejado Sin Efecto,494 - Área de Compras y Contrataciones,121 - Banco Nacional de Datos Genéticos,2026-10-10T18:31:12.577416
494-0002-CDI26,EX-2026-64231424-   -APN-SA#BNDG,Servicio de medicina laboral para BNDG,Contratación Directa,30/07/2026 10:00 Hrs.,Adjudicado,494 - Área de Compras y Contrataciones,121 - Banco Nacional de Datos Genéticos,2026-10-10T18:31:12.577416
494-0002-LPR23,EX-2023-39747949-   -APN-SA#BNDG,Adquisición de drogas y desinfectantes para el Laboratorio del BNDG,Licitación Privada,12/05/2023 12:00 Hrs.,Adjudicado,494 - Área de Compras y Contrataciones,121 - Banco Nacional de Datos Genéticos,2026-10-10T18:31:12.577416
494-0002-LPR24,EX-2024-21405755-   -APN-SA#BNDG,Adquisición de insumos para el Laboratorio del BNDG,Licitación Privada,27/03/2024 14:00 Hrs.,Adjudicado,494 - Área de Compras y Contrataciones,121 - Banco Nacional de Datos Genéticos,2026-10-10T18:31:12.577416
494-0002-LPR25,EX-2025-09382145-   -APN-SA#BNDG,Servicio de limpieza integral para el BNDG,Licitación Privada,18/02/2025 12:00 Hrs.,Adjudicado,494 - Área de Compras y Contrataciones,121 - Banco Nacional de Datos Genéticos,2026-10-10T18:31:12.577416
494-0002-LPR26,EX-2026-20189143-   -APN-BNDG#JGM,Adquisición insumos para el Laboratorio del BNDG,Licitación Privada,10/04/2026 10:00 Hrs.,Adjudicado,494 - Área de Compras y Contrataciones,121 - Banco Nacional de Datos Genéticos,2026-10-10T18:31:12.577416
494-0002-LPU23,EX-2023-04527773-   -APN-SA#BNDG,Servicio de vigilancia integral para el BNDG,Licitación Pública,06/02/2023 12:00 Hrs.,Adjudicado,494 - Área de Compras y Contrataciones,121 - Banco Nacional de Datos Genéticos,2026-10-10T18:31:12.577416
494-0003-CDI23,EX-2023-19420617-   -APN-SA#BNDG,Contratación Plataforma de videoconferencia (Zoom) - BNDG,Contratación Directa,08/03/2023 12:00 Hrs.,Dejado Sin Efecto,494 - Área de Compras y Contrataciones,121 - Banco Nacional de Datos Genéticos,2026-10-10T18:31:12.577416
494-0003-CDI24,EX-2024-33233168-   -APN-SA#BNDG,"Adquisición de material plástico, descartables y otros insumos para el Laboratorio del BNDG",Contratación Directa,25/04/2024 11:00 Hrs.,Adjudicado,494 - Área de Compras y Contrataciones,121 - Banco Nacional de Datos Genéticos,2026-10-10T18:31:12.577416
494-0003-CDI25,EX-2025-14779476-   -APN-SA#BNDG,"Renovación soporte, licenciamiento licencias Firewall y módulo de seguridad BNDG",Contratación Directa,01/04/2025 12:00 Hrs.,Adjudicado,494 - Área de Compras y Contrataciones,121 - Banco Nacional de Datos Genéticos,2026-10-10T18:31:12.577416
494-0003-CDI26,EX-2026-74998522-   -APN-BNDG#JGM,Servicio Tercer mantenimiento con reevaluación y extensión de Acreditación - OAA,Contratación Directa,31/08/2026 10:00 Hrs.,Adjudicado,494 - Área de Compras y Contrataciones,121 - Banco Nacional de Datos Genéticos,2026-10-10T18:31:12.577416
494-0003-LPR23,EX-2023-45550393-   -APN-SA#BNDG,Servicio de Mantenimiento Preventivo y Correctivo de los equipos de Laboratorio del BNDG,Licitación Privada,24/05/2023 12:00 Hrs.,Adjudicado,494 - Área de Compras y Contrataciones,121 - Banco Nacional de Datos Genéticos,2026-10-10T18:31:12.577416
494-0003-LPR24,EX-2024-114743251-   -APN-SA#BNDG,Adquisición de insumos para el Laboratorio del BNDG,Licitación Privada,11/11/2024 11:00 Hrs.,Adjudicado,494 - Área de Compras y Contrataciones,121 - Banco Nacional de Datos Genéticos,2026-10-10T18:31:12.577416
494-0003-LPR25,EX-2025-16994002-   -APN-SA#BNDG,Contratación del servicio de consultoría técnica especializada para Solución Integral del BNDG,Licitación Privada,25/03/2025 13:00 Hrs.,Dejado Sin Efecto,494 - Área de Compras y Contrataciones,121 - Banco Nacional de Datos Genéticos,2026-10-10T18:31:12.577416
494-0003-LPR26,EX-2026-21907390-   -APN-BNDG#JGM,Servicio de limpieza integral para el BNDG,Licitación Privada,31/03/2026 11:00 Hrs.,Adjudicado,494 - Área de Compras y Contrataciones,121 - Banco Nacional de Datos Genéticos,2026-10-10T18:31:12.577416
494-0003-LPU23,EX-2023-07858961-   -APN-SA#BNDG,Servicio de limpieza integral para el BNDG,Licitación Pública,14/02/2023 12:00 Hrs.,Adjudicado,494 - Área de Compras y Contrataciones,121 - Banco Nacional de Datos Genéticos,2026-10-10T18:31:12.577416
494-0004-CDI23,EX-2023-49564449-   -APN-SA#BNDG,Adquisición de material descartable para el Laboratorio del BNDG,Contratación Directa,02/06/2023 12:00 Hrs.,Adjudicado,494 - Área de Compras y Contrataciones,121 - Banco Nacional de Datos Genéticos,2026-10-10T18:31:12.577416
494-0004-CDI24,EX-2024-50768482-   -APN-SA#BNDG,Contratación de seguro de equipos electrónicos con NACIÓN SEGUROS S.A.,Contratación Directa,30/05/2024 11:00 Hrs.,Adjudicado,494 - Área de Compras y Contrataciones,121 - Banco Nacional de Datos Genéticos,2026-10-10T18:31:12.577416
494-0004-CDI25,EX-2025-25729572-   -APN-SA#BNDG,"Adquisición de material plástico, descartable y otros insumos para el Laboratorio del BNDG",Contratación Directa,24/04/2025 10:00 Hrs.,Adjudicado,494 - Área de Compras y Contrataciones,121 - Banco Nacional de Datos Genéticos,2026-10-10T18:31:12.577416
494-0004-CDI26,EX-2026-75109690-   -APN-BNDG#JGM,Servicio mantenimiento preventivo y calibración instrumental de Laboratorio del BNDG,Contratación Directa,25/08/2026 10:00 Hrs.,Adjudicado,494 - Área de Compras y Contrataciones,121 - Banco Nacional de Datos Genéticos,2026-10-10T18:31:12.577416
494-0004-LPR23,EX-2023-49758911-   -APN-SA#BNDG,Adquisición de equipamiento y material informático para el BNDG,Licitación Privada,30/05/2023 12:00 Hrs.,Adjudicado,494 - Área de Compras y Contrataciones,121 - Banco Nacional de Datos Genéticos,2026-10-10T18:31:12.577416
494-0004-LPR25,EX-2025-21993978-   -APN-SA#BNDG,Adquisición de drogas y desinfectantes para el Laboratorio del BNDG,Licitación Privada,01/04/2025 12:00 Hrs.,Adjudicado,494 - Área de Compras y Contrataciones,121 - Banco Nacional de Datos Genéticos,2026-10-10T18:31:12.577416
494-0004-LPR26,EX-2026-28053958-   -APN-BNDG#JGM,"Servicio de impresión, copiado y escaneo con provisión de insumos y repuestos (excepto el papel)BNDG",Licitación Privada,04/05/2026 10:00 Hrs.,Adjudicado,494 - Área de Compras y Contrataciones,121 - Banco Nacional de Datos Genéticos,2026-10-10T18:31:12.577416
494-0004-LPU23,EX-2023-122679533-   -APN-SA#BNDG,"Servicio de mantenimiento integral, preventivo y correctivo del edificio del BNDG",Licitación Pública,02/11/2023 12:00 Hrs.,Adjudicado,494 - Área de Compras y Contrataciones,121 - Banco Nacional de Datos Genéticos,2026-10-10T18:31:12.577416
494-0005-CDI23,EX-2023-54067332-   -APN-SA#BNDG,Adquisición de útiles y papelería para las distintas áreas del BNDG,Contratación Directa,12/07/2023 10:00 Hrs.,Adjudicado,494 - Área de Compras y Contrataciones,121 - Banco Nacional de Datos Genéticos,2026-10-10T18:31:12.577416
494-0005-CDI24,EX-2024-53856764-   -APN-SA#BNDG,Servicio Primer mantenimiento de Acreditación - OAA,Contratación Directa,14/06/2024 11:00 Hrs.,Adjudicado,494 - Área de Compras y Contrataciones,121 - Banco Nacional de Datos Genéticos,2026-10-10T18:31:12.577416
494-0005-CDI25,EX-2025-50764409-   -APN-SA#BNDG,Servicio mantenimiento preventivo y calibración instrumental de Laboratorio del BNDG,Contratación Directa,29/05/2025 11:00 Hrs.,Adjudicado,494 - Área de Compras y Contrataciones,121 - Banco Nacional de Datos Genéticos,2026-10-10T18:31:12.577416
494-0005-LPR23,EX-2023-65258308-   -APN-SA#BNDG,Adquisición e instalación de mobiliario de oficinas para el BNDG,Licitación Privada,10/07/2023 12:00 Hrs.,Adjudicado,494 - Área de Compras y Contrataciones,121 - Banco Nacional de Datos Genéticos,2026-10-10T18:31:12.577416
494-0005-LPR25,EX-2025-22761301-   -APN-SA#BNDG,Adquisición de insumos para el Laboratorio del BNDG,Licitación Privada,27/03/2025 12:00 Hrs.,Adjudicado,494 - Área de Compras y Contrataciones,121 - Banco Nacional de Datos Genéticos,2026-10-10T18:31:12.577416
494-0005-LPR26,EX-2026-42618451-   -APN-BNDG#JGM,Servicio mantenimiento preventivo y correctivo del control de acceso - monitoreo BNDG,Licitación Privada,11/09/2026 10:00 Hrs.,Preadjudicado,494 - Área de Compras y Contrataciones,121 - Banco Nacional de Datos Genéticos,2026-10-10T18:31:12.577416
494-0005-LPU23,EX-2023-146147789-   -APN-SA#BNDG,Adquisición de insumos para el Laboratorio del BNDG,Licitación Pública,27/12/2023 12:00 Hrs.,Adjudicado,494 - Área de Compras y Contrataciones,121 - Banco Nacional de Datos Genéticos,2026-10-10T18:31:12.577416
494-0006-CDI23,EX-2023-55681394-   -APN-SA#BNDG,Contratación del seguro técnico con la firma NACIÓN SEGUROS S.A.,Contratación Directa,12/06/2023 10:00 Hrs.,Adjudicado,494 - Área de Compras y Contrataciones,121 - Banco Nacional de Datos Genéticos,2026-10-10T18:31:12.577416
494-0006-CDI24,EX-2024-89015689-   -APN-SA#BNDG,Adquisición equipamiento para Laboratorio BNDG,Contratación Directa,10/09/2024 11:00 Hrs.,Adjudicado,494 - Área de Compras y Contrataciones,121 - Banco Nacional de Datos Genéticos,2026-10-10T18:31:12.577416
494-0006-LPR23,EX-2023-92600319-   -APN-SA#BNDG,"Servicio profesional para soporte y mantenimiento del Sistema ""SARHA"" para BNDG",Licitación Privada,25/09/2023 12:00 Hrs.,Adjudicado,494 - Área de Compras y Contrataciones,121 - Banco Nacional de Datos Genéticos,2026-10-10T18:31:12.577416
494-0006-LPR25,EX-2025-122013694-   -APN-BNDG#JGM,"Servicio mantenimiento preventivo y correctivo de equipos, heladeras y freezer del Laboratorio BNDG",Licitación Privada,25/11/2025 11:00 Hrs.,Adjudicado,494 - Área de Compras y Contrataciones,121 - Banco Nacional de Datos Genéticos,2026-10-10T18:31:12.577416
494-0007-CDI23,EX-2023-55775061-   -APN-SA#BNDG,Contratación con la Universidad Nacional de General San Martín,Contratación Directa,02/06/2023 15:00 Hrs.,Adjudicado,494 - Área de Compras y Contrataciones,121 - Banco Nacional de Datos Genéticos,2026-10-10T18:31:12.577416
494-0007-CDI24,EX-2024-97387789-   -APN-SA#BNDG,"Provisión, instalación y puesta en servicio de Unidades de Alimentación Ininterrumpida (UPS) - BNDG",Contratación Directa,30/09/2024 12:00 Hrs.,Adjudicado,494 - Área de Compras y Contrataciones,121 - Banco Nacional de Datos Genéticos,2026-10-10T18:31:12.577416
494-0007-LPR23,EX-2023-95766113-   -APN-SA#BNDG,Servicio de Mantenimiento Preventivo y Correctivo de heladeras y equipamiento del Laboratorio BNDG,Licitación Privada,13/09/2023 12:00 Hrs.,Adjudicado,494 - Área de Compras y Contrataciones,121 - Banco Nacional de Datos Genéticos,2026-10-10T18:31:12.577416
494-0007-LPR25,EX-2025-122453408-   -APN-BNDG#JGM,Servicio de vigilancia integral para las instalaciones del BNDG,Licitación Privada,15/12/2025 12:00 Hrs.,Adjudicado,494 - Área de Compras y Contrataciones,121 - Banco Nacional de Datos Genéticos,2026-10-10T18:31:12.577416
494-0008-CDI23,EX-2023-85225591-   -APN-SA#BNDG,Contratación servicio Full de Internet para el BNDG,Contratación Directa,18/08/2023 12:00 Hrs.,Adjudicado,494 - Área de Compras y Contrataciones,121 - Banco Nacional de Datos Genéticos,2026-10-10T18:31:12.577416
494-0008-CDI24,EX-2024-105332457-   -APN-SA#BNDG,Contratación del Servicio de Aseguradora de Riesgos del Trabajo (ART) para el BNDG,Contratación Directa,15/10/2024 11:00 Hrs.,Adjudicado,494 - Área de Compras y Contrataciones,121 - Banco Nacional de Datos Genéticos,2026-10-10T18:31:12.577416
494-0008-CDI25,EX-2025-107512321-   -APN-BNDG#JGM,"Adquisición material plástico, descartable, artículos desinfectantes y otros insumos - BNDG",Contratación Directa,29/10/2025 12:00 Hrs.,Adjudicado,494 - Área de Compras y Contrataciones,121 - Banco Nacional de Datos Genéticos,2026-10-10T18:31:12.577416
494-0008-LPR23,EX-2023-96369630-   -APN-SA#BNDG,"Adquisición, instalación y puesta en funcionamiento de bomba del polímero (POP4) del equipo ABI3500",Licitación Privada,04/09/2023 12:00 Hrs.,Adjudicado,494 - Área de Compras y Contrataciones,121 - Banco Nacional de Datos Genéticos,2026-10-10T18:31:12.577416
494-0008-LPR25,EX-2025-124966912-   -APN-BNDG#JGM,Servicio profesional de soporte y mantenimiento del SARHA - BNDG,Licitación Privada,28/11/2025 12:00 Hrs.,Adjudicado,494 - Área de Compras y Contrataciones,121 - Banco Nacional de Datos Genéticos,2026-10-10T18:31:12.577416
494-0009-CDI23,EX-2023-85315482-   -APN-SA#BNDG,Adquisición de herramientas para las áreas de Antropología Forense e Informática del BNDG,Contratación Directa,22/08/2023 12:00 Hrs.,Dejado Sin Efecto,494 - Área de Compras y Contrataciones,121 - Banco Nacional de Datos Genéticos,2026-10-10T18:31:12.577416
494-0009-CDI24,EX-2024-108267842-   -APN-SA#BNDG,Servicio mantenimiento preventivo y calibración instrumental de Laboratorio del BNDG,Contratación Directa,25/10/2024 11:00 Hrs.,Adjudicado,494 - Área de Compras y Contrataciones,121 - Banco Nacional de Datos Genéticos,2026-10-10T18:31:12.577416
494-0009-CDI25,EX-2025-107837053-   -APN-BNDG#JGM,Servicio segundo mantenimiento de Acreditación - OAA,Contratación Directa,05/11/2025 12:00 Hrs.,Adjudicado,494 - Área de Compras y Contrataciones,121 - Banco Nacional de Datos Genéticos,2026-10-10T18:31:12.577416
494-0009-LPR23,EX-2023-120786607-   -APN-SA#BNDG,Adquisición de insumo para el laboratorio del BNDG,Licitación Privada,30/10/2023 12:00 Hrs.,Adjudicado,494 - Área de Compras y Contrataciones,121 - Banco Nacional de Datos Genéticos,2026-10-10T18:31:12.577416
494-0010-CDI23,EX-2023-91903342-   -APN-SA#BNDG,Contratación del seguro técnico con la firma NACIÓN SEGUROS S.A.,Contratación Directa,22/08/2023 13:00 Hrs.,Adjudicado,494 - Área de Compras y Contrataciones,121 - Banco Nacional de Datos Genéticos,2026-10-10T18:31:12.577416
494-0010-CDI25,EX-2025-108768658-   -APN-SA#BNDG,Servicio de mantenimiento preventivo y correctivo de los equipos críticos del Laboratorio BNDG,Contratación Directa,29/10/2025 11:00 Hrs.,Adjudicado,494 - Área de Compras y Contrataciones,121 - Banco Nacional de Datos Genéticos,2026-10-10T18:31:12.577416
494-0010-LPR23,EX-2023-144790453-   -APN-SA#BNDG,Servicio mantenimiento preventivo y correctivo del control de acceso - monitoreo BNDG,Licitación Privada,21/12/2023 12:00 Hrs.,Adjudicado,494 - Área de Compras y Contrataciones,121 - Banco Nacional de Datos Genéticos,2026-10-10T18:31:12.577416
494-0011-CDI23,EX-2023-91966202-   -APN-SA#BNDG,Servicio de medicina laboral para BNDG,Contratación Directa,11/09/2023 12:00 Hrs.,Adjudicado,494 - Área de Compras y Contrataciones,121 - Banco Nacional de Datos Genéticos,2026-10-10T18:31:12.577416
494-0011-CDI24,EX-2024-114695768-   -APN-SA#BNDG,Adquisición de drogas y desinfectantes para el Laboratorio BNDG,Contratación Directa,04/11/2024 11:00 Hrs.,Adjudicado,494 - Área de Compras y Contrataciones,121 - Banco Nacional de Datos Genéticos,2026-10-10T18:31:12.577416
494-0012-CDI23,EX-2023-92598021-   -APN-SA#BNDG,"Servicio Recolección, Transporte, Tratamiento y Disposición Final de residuos patogénicos para BNDG",Contratación Directa,30/08/2023 12:00 Hrs.,Adjudicado,494 - Área de Compras y Contrataciones,121 - Banco Nacional de Datos Genéticos,2026-10-10T18:31:12.577416
494-0012-CDI24,EX-2024-125814322-   -APN-SA#BNDG,Adquisición placa controladora del sistema de control de acceso del BNDG,Contratación Directa,05/12/2024 10:00 Hrs.,Adjudicado,494 - Área de Compras y Contrataciones,121 - Banco Nacional de Datos Genéticos,2026-10-10T18:31:12.577416
494-0012-CDI25,EX-2025-110404432-   -APN-SA#BNDG,Servicio de medicina laboral para BNDG,Contratación Directa,01/12/2025 13:00 Hrs.,Dejado Sin Efecto,494 - Área de Compras y Contrataciones,121 - Banco Nacional de Datos Genéticos,2026-10-10T18:31:12.577416
494-0013-CDI23,EX-2023-120577283-   -APN-SA#BNDG,Adquisición de instrumental quirúrgico e indumentaria para antropología forense del BNDG,Contratación Directa,10/11/2023 12:00 Hrs.,Dejado Sin Efecto,494 - Área de Compras y Contrataciones,121 - Banco Nacional de Datos Genéticos,2026-10-10T18:31:12.577416
494-0013-CDI25,EX-2025-112300006-   -APN-SA#BNDG,Servicio de cobertura de zona protegida Emergencias y/o Urgencias médicas - BNDG,Contratación Directa,01/12/2025 10:00 Hrs.,Dejado Sin Efecto,494 - Área de Compras y Contrataciones,121 - Banco Nacional de Datos Genéticos,2026-10-10T18:31:12.577416
494-0014-CDI23,EX-2023-144786666-   -APN-SA#BNDG,Servicio mantenimiento preventivo y correctivo del monitoreo equipos fríos y ambientales BNDG,Contratación Directa,19/12/2023 11:00 Hrs.,Dejado Sin Efecto,494 - Área de Compras y Contrataciones,121 - Banco Nacional de Datos Genéticos,2026-10-10T18:31:12.577416
494-0014-CDI25,EX-2025-112330548-   -APN-SA#BNDG,"Servicio de recolección, transporte, tratamiento y disposición final de residuos patogénicos - BNDG",Contratación Directa,28/11/2025 10:00 Hrs.,Adjudicado,494 - Área de Compras y Contrataciones,121 - Banco Nacional de Datos Genéticos,2026-10-10T18:31:12.577416
494-0015-CDI23,EX-2023-153180109-   -APN-SA#BNDG,Contratación del seguro de edificio BNDG con la firma NACIÓN SEGUROS S.A.,Contratación Directa,09/01/2024 12:00 Hrs.,Adjudicado,494 - Área de Compras y Contrataciones,121 - Banco Nacional de Datos Genéticos,2026-10-10T18:31:12.577416
494-0016-CDI25,EX-2025-122137473-   -APN-BNDG#JGM,Contratación servicio Full de Internet para el BNDG,Contratación Directa,23/12/2025 11:00 Hrs.,Adjudicado,494 - Área de Compras y Contrataciones,121 - Banco Nacional de Datos Genéticos,2026-10-10T18:31:12.577416
490-0001-CDI23,EX-2022-103962280-   -APN-DTA#AAIP,Servicio de telefonía IP,Contratación Directa,22/02/2023 12:00 Hrs.,Adjudicado,490 - Agencia de Acceso a la Información Pública,209 - Agencia de Acceso a la Información Pública,2026-10-10T18:31:43.106315
490-0001-CDI24,EX-2024-07410208-   -APN-DTA#AAIP,Suscripción al servicio de información jurídica online - La Ley Soc,Contratación Directa,05/02/2024 12:00 Hrs.,Adjudicado,490 - Agencia de Acceso a la Información Pública,209 - Agencia de Acceso a la Información Pública,2026-10-10T18:31:43.106315
490-0001-CDI25,EX-2025-12250135-   -APN-DTA#AAIP,Servicio de conectividad y enlace punto a punto,Contratación Directa,16/04/2025 15:00 Hrs.,Adjudicado,490 - Agencia de Acceso a la Información Pública,209 - Agencia de Acceso a la Información Pública,2026-10-10T18:31:43.106315
490-0001-CDI26,EX-2026-37629041-   -APN-DTA#AAIP,Adquisición de licencias Microsoft 365 Aplicaciones para Negocios,Contratación Directa,26/05/2026 12:00 Hrs.,Adjudicado,490 - Agencia de Acceso a la Información Pública,209 - Agencia de Acceso a la Información Pública,2026-10-10T18:31:43.106315
490-0001-LPR23,EX-2023-18598148-   -APN-DTA#AAIP,Servicio integral evento XXIV Encuentro Red Iberoamericana de Transparencia y Acceso a la Informac.,Licitación Privada,06/03/2023 13:00 Hrs.,Pendiente Análisis,490 - Agencia de Acceso a la Información Pública,209 - Agencia de Acceso a la Información Pública,2026-10-10T18:31:43.106315
490-0001-LPR24,EX-2024-34977920-   -APN-DTA#AAIP,"Servicio de Locación, Mantenimiento y Gestión Integral de Impresiones Digitales",Licitación Privada,25/04/2024 13:00 Hrs.,Adjudicado,490 - Agencia de Acceso a la Información Pública,209 - Agencia de Acceso a la Información Pública,2026-10-10T18:31:43.106315
490-0002-CDI23,EX-2023-12989564-   -APN-DTA#AAIP,Adquisición de puntos de acceso Wifi,Contratación Directa,06/03/2023 12:00 Hrs.,Adjudicado,490 - Agencia de Acceso a la Información Pública,209 - Agencia de Acceso a la Información Pública,2026-10-10T18:31:43.106315
490-0002-CDI24,EX-2024-25410031-   -APN-DTA#AAIP,Provisión de servicios destinados a las actividades de sensibilización y la difusión en materia,Contratación Directa,10/04/2024 12:00 Hrs.,Adjudicado,490 - Agencia de Acceso a la Información Pública,209 - Agencia de Acceso a la Información Pública,2026-10-10T18:31:43.106315
490-0002-CDI25,EX-2025-20624035-   -APN-DTA#AAIP,Contratación del servicio profesional de mantenimiento del SARHA de Liquidación de haberes,Contratación Directa,09/04/2025 14:00 Hrs.,Adjudicado,490 - Agencia de Acceso a la Información Pública,209 - Agencia de Acceso a la Información Pública,2026-10-10T18:31:43.106315
490-0002-CDI26,EX-2026-46025158-   -APN-DTA#AAIP,Locación inmuebles sede Agencia de Acceso a la Información Pública,Contratación Directa,18/05/2026 12:00 Hrs.,Dejado Sin Efecto,490 - Agencia de Acceso a la Información Pública,209 - Agencia de Acceso a la Información Pública,2026-10-10T18:31:43.106315
490-0002-LPR23,EX-2023-35773429-   -APN-DTA#AAIP,Servicio de limpieza,Licitación Privada,28/04/2023 12:00 Hrs.,Adjudicado,490 - Agencia de Acceso a la Información Pública,209 - Agencia de Acceso a la Información Pública,2026-10-10T18:31:43.106315
490-0002-LPR24,EX-2024-49129056-   -APN-DTA#AAIP,Servicio de limpieza integral,Licitación Privada,29/05/2024 12:00 Hrs.,Adjudicado,490 - Agencia de Acceso a la Información Pública,209 - Agencia de Acceso a la Información Pública,2026-10-10T18:31:43.106315
490-0003-CDI23,EX-2023-53068189-   -APN-DTA#AAIP,Adquisición de cortinas roller,Contratación Directa,01/06/2023 13:00 Hrs.,Adjudicado,490 - Agencia de Acceso a la Información Pública,209 - Agencia de Acceso a la Información Pública,2026-10-10T18:31:43.106315
490-0003-CDI24,EX-2024-38653404-   -APN-DTA#AAIP,Adquiisicón de 2 UPS (Sistemas de Alimentación Ininterrumpida),Contratación Directa,21/05/2024 12:00 Hrs.,Adjudicado,490 - Agencia de Acceso a la Información Pública,209 - Agencia de Acceso a la Información Pública,2026-10-10T18:31:43.106315
490-0003-CDI25,EX-2025-41247474-   -APN-DTA#AAIP,Contratación Servicio de Policia adicional,Contratación Directa,29/04/2025 12:00 Hrs.,Adjudicado,490 - Agencia de Acceso a la Información Pública,209 - Agencia de Acceso a la Información Pública,2026-10-10T18:31:43.106315
490-0003-CDI26,EX-2026-56395486-   -APN-DTA#AAIP,Locación de inmuebles para las oficinas de la AAIP,Contratación Directa,12/06/2026 12:00 Hrs.,Desierto,490 - Agencia de Acceso a la Información Pública,209 - Agencia de Acceso a la Información Pública,2026-10-10T18:31:43.106315
490-0003-LPR23,EX-2023-54027535-   -APN-DTA#AAIP,Adquisición de computadoras portátiles.,Licitación Privada,03/07/2023 14:00 Hrs.,Adjudicado,490 - Agencia de Acceso a la Información Pública,209 - Agencia de Acceso a la Información Pública,2026-10-10T18:31:43.106315
490-0004-CDI23,EX-2023-68159074-   -APN-DTA#AAIP,Adquisición de licencias antivirus Trend Micro,Contratación Directa,04/07/2023 10:00 Hrs.,Adjudicado,490 - Agencia de Acceso a la Información Pública,209 - Agencia de Acceso a la Información Pública,2026-10-10T18:31:43.106315
490-0004-CDI24,EX-2024-56005633-   -APN-DTA#AAIP,Contratación de un servicio de telefonía IP,Contratación Directa,08/07/2024 12:00 Hrs.,Adjudicado,490 - Agencia de Acceso a la Información Pública,209 - Agencia de Acceso a la Información Pública,2026-10-10T18:31:43.106315
490-0004-CDI25,EX-2025-46012428-   -APN-DTA#AAIP,Adquisición de licencias de software y Certificado SSL,Contratación Directa,03/06/2025 14:00 Hrs.,Adjudicado,490 - Agencia de Acceso a la Información Pública,209 - Agencia de Acceso a la Información Pública,2026-10-10T18:31:43.106315
490-0004-CDI26,EX-2026-57945161-   -APN-DTA#AAIP,Adquisicipon Licencias antivirus Trend Micro,Contratación Directa,26/06/2026 17:00 Hrs.,Adjudicado,490 - Agencia de Acceso a la Información Pública,209 - Agencia de Acceso a la Información Pública,2026-10-10T18:31:43.106315
490-0004-LPR23,EX-2023-96146173-   -APN-DTA#AAIP,Adquisición de mobiliario y sillas,Licitación Privada,31/08/2023 13:00 Hrs.,Adjudicado,490 - Agencia de Acceso a la Información Pública,209 - Agencia de Acceso a la Información Pública,2026-10-10T18:31:43.106315
490-0004-LPR24,EX-2024-101805754-   -APN-DTA#AAIP,Adquisición de equipamiento informático,Licitación Privada,10/10/2024 12:00 Hrs.,Adjudicado,490 - Agencia de Acceso a la Información Pública,209 - Agencia de Acceso a la Información Pública,2026-10-10T18:31:43.106315
490-0005-CDI23,EX-2023-77198781-   -APN-DTA#AAIP,Convenio Interadministrativo entre la AAIP y la Universidad de la Matanza,Contratación Directa,31/07/2023 11:00 Hrs.,Adjudicado,490 - Agencia de Acceso a la Información Pública,209 - Agencia de Acceso a la Información Pública,2026-10-10T18:31:43.106315
490-0005-CDI24,EX-2024-56194242-   -APN-DTA#AAIP,Convenio AAIPyUNS p/dictado de la Diplomatura Universitaria en Protección de Datos e Inteligencia Ar,Contratación Directa,29/07/2024 13:00 Hrs.,Adjudicado,490 - Agencia de Acceso a la Información Pública,209 - Agencia de Acceso a la Información Pública,2026-10-10T18:31:43.106315
490-0005-CDI25,EX-2025-49837816-   -APN-DTA#AAIP,Adquisición de licencias  TREND MICRO,Contratación Directa,26/05/2025 12:00 Hrs.,Adjudicado,490 - Agencia de Acceso a la Información Pública,209 - Agencia de Acceso a la Información Pública,2026-10-10T18:31:43.106315
490-0005-CDI26,EX-2026-67501362-   -APN-DTA#AAIP,Locación de inmueble sede de la AAIP,Contratación Directa,16/07/2026 12:00 Hrs.,Adjudicado,490 - Agencia de Acceso a la Información Pública,209 - Agencia de Acceso a la Información Pública,2026-10-10T18:31:43.106315
490-0005-LPR23,EX-2023-117954874-   -APN-AAIP,Adquisición de Computadores Portátiles,Licitación Privada,09/11/2023 12:00 Hrs.,Adjudicado,490 - Agencia de Acceso a la Información Pública,209 - Agencia de Acceso a la Información Pública,2026-10-10T18:31:43.106315
490-0006-CDI23,EX-2023-81239818-   -APN-DTA#AAIP,"Servicio de mantenimiento del Sistema de Administración de Recursos Humanos “SARHA”,",Contratación Directa,28/08/2023 13:00 Hrs.,Adjudicado,490 - Agencia de Acceso a la Información Pública,209 - Agencia de Acceso a la Información Pública,2026-10-10T18:31:43.106315
490-0006-CDI24,EX-2024-65907769-   -APN-DTA#AAIP,Adquisición de licencias antivirus Trend Micro,Contratación Directa,05/07/2024 13:00 Hrs.,Adjudicado,490 - Agencia de Acceso a la Información Pública,209 - Agencia de Acceso a la Información Pública,2026-10-10T18:31:43.106315
490-0006-CDI25,EX-2025-67522513-   -APN-DTA#AAIP,Servicio profesional de Consultoría informática y soporte perfectivo al Portal Nacional de Transpare,Contratación Directa,10/09/2025 14:00 Hrs.,Adjudicado,490 - Agencia de Acceso a la Información Pública,209 - Agencia de Acceso a la Información Pública,2026-10-10T18:31:43.106315
490-0006-CDI26,EX-2026-81539527-   -APN-DTA#AAIP,Servicio de Policia adicional,Contratación Directa,27/08/2026 12:00 Hrs.,Desierto,490 - Agencia de Acceso a la Información Pública,209 - Agencia de Acceso a la Información Pública,2026-10-10T18:31:43.106315
490-0006-LPR23,EX-2023-127423634-   -APN-AAIP,Adquisición de Equipamiento Tecnológico,Licitación Privada,15/11/2023 12:00 Hrs.,Adjudicado,490 - Agencia de Acceso a la Información Pública,209 - Agencia de Acceso a la Información Pública,2026-10-10T18:31:43.106315
490-0007-CDI23,EX-2023-101371816-   -APN-DTA#AAIP,Contratación por Especialidad Dra. Rocío Annunziata p/elaboración de diseños metodológicos,Contratación Directa,13/09/2023 12:00 Hrs.,Adjudicado,490 - Agencia de Acceso a la Información Pública,209 - Agencia de Acceso a la Información Pública,2026-10-10T18:31:43.106315
490-0007-CDI24,EX-2024-88230409-   -APN-DTA#AAIP,Convenio entre  la AAIP y la INC para el Servicio de impresión de Libros,Contratación Directa,26/08/2024 12:00 Hrs.,Adjudicado,490 - Agencia de Acceso a la Información Pública,209 - Agencia de Acceso a la Información Pública,2026-10-10T18:31:43.106315
490-0007-CDI25,EX-2025-88587080-   -APN-DTA#AAIP,Servicios integrales para eventos institucionales,Contratación Directa,03/09/2025 10:00 Hrs.,Adjudicado,490 - Agencia de Acceso a la Información Pública,209 - Agencia de Acceso a la Información Pública,2026-10-10T18:31:43.106315
490-0007-CDI26,EX-2026-83766537-   -APN-DTA#AAIP,Servicio de Policia adicional,Contratación Directa,03/09/2026 13:00 Hrs.,En Evaluacion,490 - Agencia de Acceso a la Información Pública,209 - Agencia de Acceso a la Información Pública,2026-10-10T18:31:43.106315
490-0008-CDI23,EX-2023-102734052-   -APN-DTA#AAIP,Servicio de catering para eventos,Contratación Directa,26/09/2023 13:00 Hrs.,Dejado Sin Efecto,490 - Agencia de Acceso a la Información Pública,209 - Agencia de Acceso a la Información Pública,2026-10-10T18:31:43.106315
490-0008-CDI25,EX-2025-127843150-   -APN-DTA#AAIP,Contratación de servicio de nube y conectividad con ARSAT,Contratación Directa,09/12/2025 13:00 Hrs.,Adjudicado,490 - Agencia de Acceso a la Información Pública,209 - Agencia de Acceso a la Información Pública,2026-10-10T18:31:43.106315
490-0009-CDI23,EX-2023-120128842-   -APN-AAIP,Adquisición de mochilas porta notebook,Contratación Directa,08/11/2023 12:00 Hrs.,Adjudicado,490 - Agencia de Acceso a la Información Pública,209 - Agencia de Acceso a la Información Pública,2026-10-10T18:31:43.106315
490-0009-CDI24,EX-2024-92436377-   -APN-DTA#AAIP,Provisión de servicios destinados a las actividades de sensibilización y la difusión de la AAIP,Contratación Directa,24/09/2024 13:00 Hrs.,Adjudicado,490 - Agencia de Acceso a la Información Pública,209 - Agencia de Acceso a la Información Pública,2026-10-10T18:31:43.106315
490-0010-CDI23,EX-2023-121809439-   -APN-AAIP,Contratación de Exámenes Médicos Preocupacionales,Contratación Directa,14/11/2023 12:00 Hrs.,Adjudicado,490 - Agencia de Acceso a la Información Pública,209 - Agencia de Acceso a la Información Pública,2026-10-10T18:31:43.106315
490-0010-CDI24,EX-2024-96659495-   -APN-DTA#AAIP,Convenio AAIP-PFA por servicio de Policia Adicional,Contratación Directa,10/09/2024 13:00 Hrs.,Adjudicado,490 - Agencia de Acceso a la Información Pública,209 - Agencia de Acceso a la Información Pública,2026-10-10T18:31:43.106315
490-0011-CDI23,EX-2023-130592657-   -APN-DTA#AAIP,Adquisición de tarjetas y servicio de carga,Contratación Directa,17/11/2023 13:00 Hrs.,Dejado Sin Efecto,490 - Agencia de Acceso a la Información Pública,209 - Agencia de Acceso a la Información Pública,2026-10-10T18:31:43.106315
490-0011-CDI24,EX-2024-99588459-   -APN-DTA#AAIP,Adquisisción de equipamieto básico de oficina,Contratación Directa,18/10/2024 13:00 Hrs.,Adjudicado,490 - Agencia de Acceso a la Información Pública,209 - Agencia de Acceso a la Información Pública,2026-10-10T18:31:43.106315
490-0012-CDI23,EX-2023-132885683-   -APN-DTA#AAIP,Adquisición de electrodomésticos,Contratación Directa,28/11/2023 13:00 Hrs.,Adjudicado,490 - Agencia de Acceso a la Información Pública,209 - Agencia de Acceso a la Información Pública,2026-10-10T18:31:43.106315
490-0013-CDI23,EX-2023-133163935-   -APN-DTA#AAIP,Convenio Interadministrativo entre la AAIP y ARSAT,Contratación Directa,22/11/2023 10:00 Hrs.,Adjudicado,490 - Agencia de Acceso a la Información Pública,209 - Agencia de Acceso a la Información Pública,2026-10-10T18:31:43.106315
490-0013-CDI24,EX-2024-103967468-   -APN-DTA#AAIP,Adquisicion de actualización tecnológica p/sistema de control del presentismo,Contratación Directa,07/10/2024 13:00 Hrs.,Adjudicado,490 - Agencia de Acceso a la Información Pública,209 - Agencia de Acceso a la Información Pública,2026-10-10T18:31:43.106315
490-0016-CDI24,EX-2024-118949325-   -APN-DTA#AAIP,Servicio de Area Protegida y Asistencia Médica para control de ausentismo del personal,Contratación Directa,14/01/2025 12:00 Hrs.,Adjudicado,490 - Agencia de Acceso a la Información Pública,209 - Agencia de Acceso a la Información Pública,2026-10-10T18:31:43.106315
